TITLE	1	MYTHBORNE — BỘ KỸ NĂNG NHÂN VẬT
SUBTITLE	33	Tài liệu chuẩn hóa cấu trúc kit, chỉ số và thuật ngữ combat
HEADING_1	94	1. Cấu trúc bộ kỹ năng
NORMAL_TEXT	117	Mỗi nhân vật trong Mythborne được thiết kế xoay quanh 5 thành phần kỹ năng chính:
NORMAL_TEXT	199	Tấn Công Thường
NORMAL_TEXT	215	Chiến Kỹ
NORMAL_TEXT	224	Tuyệt Kỹ
NORMAL_TEXT	233	Thiên Phú
NORMAL_TEXT	243	Đột Phá
HEADING_2	252	Tấn Công Thường
NORMAL_TEXT	268	Đòn đánh cơ bản của nhân vật. Tấn Công Thường thường được dùng để gây sát thương cơ bản, tạo hoặc hỗ trợ tích lũy tài nguyên, kích hoạt điều kiện của Thiên Phú hoặc chuẩn bị cho Chiến Kỹ.
HEADING_2	457	Chiến Kỹ
NORMAL_TEXT	466	Kỹ năng chủ động chính của nhân vật trong lượt hành động. Chiến Kỹ có thể gây sát thương, hồi phục, tạo khiên, áp dụng hiệu ứng bất lợi, tăng cường đồng minh hoặc tương tác với Điểm Planck tùy theo Aspect và thiết kế kit.
HEADING_2	689	Tuyệt Kỹ
NORMAL_TEXT	698	Kỹ năng sử dụng Năng Lượng. Tuyệt Kỹ đại diện cho điểm bùng nổ của bộ kit và có thể được kích hoạt khi nhân vật đạt đủ Năng Lượng theo quy tắc combat.
HEADING_2	850	Thiên Phú
NORMAL_TEXT	860	Cơ chế nội tại cốt lõi định hình cách nhân vật vận hành. Thiên Phú có thể tạo trạng thái riêng, thay đổi hành vi kỹ năng, kích hoạt Đòn Đánh Theo Sau hoặc kết nối nhiều phần của bộ kit thành một vòng lặp hoàn chỉnh.
HEADING_2	1077	Đột Phá
NORMAL_TEXT	1085	Các hiệu ứng mở rộng hoặc tăng cường bộ kit khi nhân vật đạt các mốc phát triển nhất định. Đột Phá phải hỗ trợ đúng vai trò, chỉ số và cơ chế mà nhân vật thực sự sử dụng; không được buff các chỉ số không liên quan đến kit.
HEADING_1	1309	2. Tài nguyên chiến đấu
HEADING_2	1333	Điểm Planck
NORMAL_TEXT	1345	Điểm Planck tồn tại dưới dạng một thanh tài nguyên dùng chung cho toàn đội hình. Các nhân vật có thể tạo, tiêu thụ, hoàn trả, tích lũy hoặc tương tác với Điểm Planck tùy theo thiết kế kit.
HEADING_2	1535	Năng Lượng
NORMAL_TEXT	1546	Năng Lượng là tài nguyên riêng của từng nhân vật và được sử dụng để kích hoạt Tuyệt Kỹ. %Hồi Năng Lượng làm tăng lượng Năng Lượng nhân vật nhận được từ các nguồn hợp lệ.
HEADING_1	1717	3. Chỉ số gameplay
NORMAL_TEXT	1736	Tấn Công — Chỉ số tấn công cơ bản của nhân vật.
NORMAL_TEXT	1784	HP — Lượng máu cơ bản của nhân vật.
NORMAL_TEXT	1820	Phòng Thủ — Chỉ số phòng thủ cơ bản của nhân vật.
NORMAL_TEXT	1870	%Chí Mạng — Tỷ lệ một đòn đánh gây sát thương chí mạng.
NORMAL_TEXT	1926	Sát Thương Chí Mạng — Mức sát thương cộng thêm khi một đòn đánh chí mạng.
NORMAL_TEXT	2000	%Tấn Công — Hệ số phần trăm nhân lên chỉ số Tấn Công cơ bản.
NORMAL_TEXT	2061	%HP — Hệ số phần trăm nhân lên HP cơ bản.
NORMAL_TEXT	2103	%Phòng Thủ — Hệ số phần trăm nhân lên Phòng Thủ cơ bản.
NORMAL_TEXT	2159	Tốc Độ — Quyết định thứ tự hành động và tần suất hành động của nhân vật trong trận.
NORMAL_TEXT	2243	%Chính Xác Hiệu Ứng — Ảnh hưởng tỷ lệ áp dụng trạng thái bất lợi, khống chế, giảm chỉ số và Sát Thương Duy Trì.
NORMAL_TEXT	2355	%Diệt Phá — Phóng đại hậu quả ngay tại thời điểm kẻ địch bị vỡ khiên.
NORMAL_TEXT	2425	Hiệu Suất Phá Vỡ — Tăng tốc độ bào khiên của kẻ địch.
NORMAL_TEXT	2479	%Hồi Năng Lượng — Tăng lượng Năng Lượng nhận được từ các nguồn.
NORMAL_TEXT	2543	%Xuyên Giáp — Bỏ qua một tỷ lệ Phòng Thủ tương ứng của mục tiêu.
NORMAL_TEXT	2608	%Xuyên Kháng Nguyên Tố — Bỏ qua một tỷ lệ Kháng Nguyên Tố tương ứng của mục tiêu.
NORMAL_TEXT	2690	Mức Đe Dọa — Quyết định trọng số một Veyr được Myrk chọn làm mục tiêu khi không có quy tắc chọn mục tiêu cố định.
HEADING_1	2805	4. Thuật ngữ combat
HEADING_2	2825	Sát Thương Duy Trì
NORMAL_TEXT	2844	Debuff gây sát thương mỗi khi kẻ địch đến lượt hoặc có thể được kích hoạt bởi một số nhân vật đặc thù.
HEADING_2	2948	Đòn Đánh Theo Sau
NORMAL_TEXT	2966	Đòn tự động kích hoạt khi đáp ứng điều kiện nhất định và không tiêu lượt hành động chính của nhân vật.
HEADING_2	3069	Phản Kích
NORMAL_TEXT	3079	Phản Kích là một subtype của Đòn Đánh Theo Sau, tự động được thi triển khi một hành động của Myrk đáp ứng điều kiện phản kích trong bộ kỹ năng. Phản Kích không tiêu lượt hành động chính của Veyr.
NORMAL_TEXT	3275	Phản Kích được tính là Đòn Đánh Theo Sau đối với các hiệu ứng nhận diện hoặc khuếch đại Đòn Đánh Theo Sau. Hiệu ứng chỉ ghi rõ “Phản Kích” không áp dụng cho các Đòn Đánh Theo Sau không phải Phản Kích.
NORMAL_TEXT	3476	Một hành động nhiều hit của Myrk chỉ có thể tạo tối đa 1 trigger Phản Kích cho mỗi Veyr, bất kể số hit hoặc số lần Veyr đó thực sự nhận sát thương. Một hành động đánh toàn đội vẫn được tính là một hành động duy nhất đối với giới hạn này.
NORMAL_TEXT	3714	Sát Thương Duy Trì, sát thương môi trường và sát thương do đồng minh tự gây không kích hoạt Phản Kích. Veyr đang chịu hiệu ứng khống chế không thể thi triển Phản Kích, trừ khi bộ kỹ năng quy định khác.
NORMAL_TEXT	3916	Phản Kích không thể kích hoạt một Phản Kích khác hoặc tạo chuỗi phản ứng lặp lại từ chính nó, trừ khi bộ kỹ năng quy định rõ ngoại lệ và giới hạn kích hoạt.
HEADING_2	4074	Sát Thương Chuẩn
NORMAL_TEXT	4091	Dạng sát thương bỏ qua hoàn toàn Phòng Thủ, Giáp, Kháng Nguyên Tố và các hiệu ứng giảm sát thương của mục tiêu.
HEADING_2	4204	Diệt Kích
HEADING_2	4214	Dạng sát thương đặc trưng của Aspect Vajra. “Diệt Kích” được gây ra khi một Veyr Vajra trực tiếp phá Khiên hoặc khi kỹ năng của Veyr Vajra gây sát thương lên kẻ địch đang ở trạng thái Vỡ Khiên, theo điều kiện riêng của bộ kỹ năng. Sát thương “Diệt Kích” dựa trên %Diệt Phá và khả năng bào Khiên của đòn đánh tương ứng, không chịu ảnh hưởng từ %Sát Thương Nguyên Tố và không thể Chí Mạng. Mỗi hành động mặc định chỉ có thể gây “Diệt Kích” tối đa 1 lần trên mỗi mục tiêu, trừ khi kỹ năng quy định khác.
HEADING_2	4715	Nguyên tố Ám
HEADING_1	4728	Khi một đòn Sát Thương Ám trực tiếp phá Khiên của kẻ địch, lập tức kích hoạt 1 lần toàn bộ hiệu ứng xấu đang tồn tại trên mục tiêu có khả năng gây sát thương. Mỗi hiệu ứng gây sát thương theo giá trị hiện tại của chính hiệu ứng đó tại thời điểm phá Khiên. Lần kích hoạt này không tự làm giảm thời gian tồn tại hoặc số tầng, trừ khi cơ chế riêng của hiệu ứng quy định khác; sát thương được kích hoạt bởi phá Khiên Ám không thể tự kích hoạt lại cơ chế phá Khiên Ám.
HEADING_2	5193	Nguyên tố Quang
NORMAL_TEXT	5209	Khi một đòn Sát Thương Quang trực tiếp phá Khiên của kẻ địch, áp dụng ‘Quang Tích’ lên mục tiêu cho đến khi mục tiêu hồi Khiên. Trong thời gian mục tiêu ở trạng thái Vỡ Khiên, ‘Quang Tích’ ghi lại một phần sát thương trực tiếp mà mục tiêu thực sự phải nhận, với tỷ lệ ghi nhận và giới hạn tối đa được xác định theo quy tắc cân bằng của nguyên tố Quang. Khi mục tiêu hồi Khiên, ‘Quang Tích’ bị xóa và gây Sát Thương Quang bằng toàn bộ giá trị đã ghi lại. ‘Quang Tích’ không ghi nhận Sát Thương Duy Trì, Sát Thương Phá Vỡ, Diệt Kích hoặc sát thương do chính ‘Quang Tích’ gây ra. Sát thương từ ‘Quang Tích’ không thể Chí Mạng và không thể tự kích hoạt lại cơ chế phá Khiên Quang.
HEADING_2	5886	Nguyên tố Vật Lý
NORMAL_TEXT	5903	Myrk không tồn tại Điểm Yếu Vật Lý. Veyr Vật Lý vẫn luôn có thể bào Sức Bền của Myrk với lượng bằng 50% giá trị bào Sức Bền thông thường của hành động; phần bào này có thể trực tiếp phá vỡ Sức Bền.
NORMAL_TEXT	6101	Khi một Veyr Vật Lý trực tiếp phá vỡ Sức Bền, sát thương phá vỡ sử dụng hệ số 1,5 và áp dụng ‘Chảy Máu’ lên mục tiêu trong 2 lượt.
NORMAL_TEXT	6232	Khi Myrk có ‘Chảy Máu’ bắt đầu lượt, mục tiêu chịu sát thương bằng giá trị thấp hơn giữa 5% HP tối đa của chính Myrk và 200% Tấn Công của Veyr đã gây ra lần phá vỡ Vật Lý. ‘Chảy Máu’ không cộng dồn; áp dụng lại chỉ làm mới thời gian hiệu lực, trừ khi bộ kỹ năng ghi rõ ngoại lệ.
HEADING_1	6513	5. Hệ thống Aspect
NORMAL_TEXT	6532	Aspect xác định định hướng chiến đấu chính của một Veyr.
NORMAL_TEXT	6590	Gungnir — Tấn công đơn mục tiêu.
NORMAL_TEXT	6623	Trishula — Tấn công 2 hoặc 3 mục tiêu.
NORMAL_TEXT	6662	Mjolnir — Tấn công đa mục tiêu.
NORMAL_TEXT	6694	Pandora — Gây hiệu ứng bất lợi cho kẻ địch.
NORMAL_TEXT	6738	Keraunos — Ban hiệu ứng tăng cường cho đồng minh phe ta.
NORMAL_TEXT	6795	Aegis — Cung cấp khiên cho phe ta.
NORMAL_TEXT	6830	Caduceus — Hồi HP cho phe ta.
NORMAL_TEXT	6860	Vajra — Chuyên bào Khiên với hiệu suất cao và gây “Diệt Kích” khi phá Khiên hoặc khai thác kẻ địch đang ở trạng thái Vỡ Khiên.
NORMAL_TEXT	6987	Fragarach — Chuyên gây Phản Kích để đáp trả hành động tấn công của Myrk.
NORMAL_TEXT	7062	Aspect mô tả định hướng chính, không bắt buộc giới hạn toàn bộ kit. Một Veyr vẫn có thể sở hữu công cụ phụ trợ ngoài chức năng cốt lõi miễn là không làm mất bản sắc của Aspect.
HEADING_1	7240	6. Quy tắc combat field
NORMAL_TEXT	7264	Trên sân có tối đa 5 mục tiêu phe địch và 5 mục tiêu phe ta.
HEADING_2	7325	Mức Đe Dọa
NORMAL_TEXT	7336	Mức Đe Dọa là chỉ số hệ thống quyết định trọng số một Veyr được Myrk chọn làm mục tiêu khi hành động của Myrk không có quy tắc chọn mục tiêu cố định. Mức Đe Dọa không phải chỉ số trang bị và không xuất hiện như một dòng chỉ số chính hoặc chỉ số phụ trên trang bị.
NORMAL_TEXT	7600	Mức Đe Dọa cơ bản theo Aspect: Gungnir, Trishula, Mjolnir, Pandora, Keraunos và Caduceus là 100; Vajra là 110; Aegis là 130; Fragarach là 150.
NORMAL_TEXT	7743	Khi Myrk chọn ngẫu nhiên một mục tiêu hợp lệ, xác suất một Veyr được chọn bằng Mức Đe Dọa hiện tại của Veyr đó chia cho tổng Mức Đe Dọa hiện tại của tất cả mục tiêu hợp lệ.
NORMAL_TEXT	7916	Hiệu ứng tăng hoặc giảm Mức Đe Dọa thay đổi trọng số chọn mục tiêu trong thời gian hiệu lực. Hiệu ứng ‘Khiêu Khích’ và các quy tắc chọn mục tiêu riêng của Myrk hoặc boss được ưu tiên xử lý trước Mức Đe Dọa và có thể khiến công thức ngẫu nhiên không được sử dụng.
NORMAL_TEXT	8179	Thiết kế kỹ năng phải ghi rõ phạm vi mục tiêu: đơn mục tiêu, 2 mục tiêu, 3 mục tiêu, đa mục tiêu, toàn phe hoặc mục tiêu theo điều kiện.
NORMAL_TEXT	8316	Các kỹ năng lan, Đòn Đánh Theo Sau, triệu hồi hoặc hiệu ứng diện rộng phải được thiết kế có tính đến giới hạn 5 mục tiêu mỗi phe.
HEADING_1	8447	7. Mẫu hồ sơ bộ kỹ năng nhân vật
NORMAL_TEXT	8480	Tên:
NORMAL_TEXT	8485	Độ hiếm:
NORMAL_TEXT	8494	Aspect:
NORMAL_TEXT	8502	Nguyên tố:
NORMAL_TEXT	8513	Vũ khí:
NORMAL_TEXT	8521	Vai trò chiến đấu:
NORMAL_TEXT	8540	Chỉ số ưu tiên:
NORMAL_TEXT	8556	Cơ chế đặc trưng:
HEADING_2	8575	Tấn Công Thường — [Tên kỹ năng]
NORMAL_TEXT	8607	Mô tả:
NORMAL_TEXT	8614	Mục tiêu:
NORMAL_TEXT	8624	Hiệu ứng:
NORMAL_TEXT	8634	Tương tác Điểm Planck:
NORMAL_TEXT	8657	Tương tác Năng Lượng:
HEADING_2	8680	Chiến Kỹ — [Tên kỹ năng]
NORMAL_TEXT	8705	Mô tả:
NORMAL_TEXT	8712	Mục tiêu:
NORMAL_TEXT	8722	Hiệu ứng:
NORMAL_TEXT	8732	Chi phí/tạo Điểm Planck:
NORMAL_TEXT	8757	Điều kiện đặc biệt:
HEADING_2	8778	Tuyệt Kỹ — [Tên kỹ năng]
NORMAL_TEXT	8803	Mô tả:
NORMAL_TEXT	8810	Mục tiêu:
NORMAL_TEXT	8820	Hiệu ứng:
NORMAL_TEXT	8830	Chi phí Năng Lượng:
NORMAL_TEXT	8850	Điều kiện đặc biệt:
HEADING_2	8871	Thiên Phú — [Tên kỹ năng]
NORMAL_TEXT	8897	Mô tả:
NORMAL_TEXT	8904	Điều kiện kích hoạt:
NORMAL_TEXT	8925	Hiệu ứng:
NORMAL_TEXT	8935	Giới hạn hoặc thời gian hồi nếu có:
HEADING_2	8972	Đột Phá
NORMAL_TEXT	8980	Mốc 1:
NORMAL_TEXT	8987	Mốc 2:
NORMAL_TEXT	8994	Mốc 3:
HEADING_1	9002	8. Nguyên tắc thiết kế kit
NORMAL_TEXT	9029	Mỗi nhân vật phải có một vòng lặp gameplay rõ ràng giữa Tấn Công Thường, Chiến Kỹ, Tuyệt Kỹ và Thiên Phú.
NORMAL_TEXT	9135	Aspect phải phản ánh chức năng chủ đạo của kit.
NORMAL_TEXT	9183	Các chỉ số được buff trong Thiên Phú hoặc Đột Phá phải có giá trị thực tế đối với nhân vật.
NORMAL_TEXT	9275	Hiệu ứng mạnh phải có điều kiện, chi phí, giới hạn hoặc cơ chế đánh đổi tương xứng.
NORMAL_TEXT	9359	Điểm Planck là tài nguyên chung nên thiết kế nhân vật phải cân nhắc tác động lên toàn đội hình, không chỉ riêng nhân vật.
NORMAL_TEXT	9481	Sát Thương Chuẩn phải được sử dụng có kiểm soát vì bỏ qua hầu hết lớp phòng thủ của mục tiêu.
NORMAL_TEXT	9575	Kỹ năng cần ghi rõ mục tiêu, điều kiện kích hoạt, thời lượng, giới hạn cộng dồn và cách tương tác với trạng thái khác khi các yếu tố đó tồn tại.
NORMAL_TEXT	9720	—------------------------------------------------------------------------------------------------------------------------
HEADING_1	9842	1. Nhân vật — Aren
NORMAL_TEXT	9861	Độ hiếm: 5★ 
NORMAL_TEXT	9874	Aspect: Gungnir
NORMAL_TEXT	9890	Nguyên tố: Nham
NORMAL_TEXT	9906	Giới tính: Nam
NORMAL_TEXT	9921	Vũ khí: Trường kiếm
NORMAL_TEXT	9941	Chỉ số cơ bản Lv1: HP 148 | Tấn Công 76 | Phòng Thủ 68 | Tốc Độ 103
NORMAL_TEXT	10009	Chỉ số cơ bản Lv60: HP 1088 | Tấn Công 559 | Phòng Thủ 500 | Tốc Độ 103
HEADING_2	10083	Tấn Công Thường — First Measure
NORMAL_TEXT	10115	Aren bước tới và chém chéo một nhát bằng trường kiếm, động tác gọn và dứt khoát. Gây Sát Thương Nham lên một kẻ địch bằng 90% Tấn Công của Aren.
NORMAL_TEXT	10260	Hồi 1 Điểm Planck.
HEADING_2	10281	Chiến Kỹ — Breakpoint
NORMAL_TEXT	10303	Tiêu hao 1 Điểm Planck.
NORMAL_TEXT	10327	Aren lao nhanh qua mục tiêu và tung một nhát chém ngang, vết chém phát nổ trễ ngay sau khi cậu lướt qua. Gây Sát Thương Nham bằng 210% Tấn Công lên một kẻ địch.
NORMAL_TEXT	10488	Nếu Aren đang có trạng thái ‘Trọng Áp’, Chiến Kỹ được cường hóa thành Breakpoint: Overdrive.
HEADING_2	10583	Breakpoint: Overdrive
NORMAL_TEXT	10605	Aren lướt xuyên mục tiêu rồi xoay người chém ngược lại, tạo hai đường chém giao nhau với va chạm mạnh hơn. Gây Sát Thương Nham bằng 320% Tấn Công lên một kẻ địch.
NORMAL_TEXT	10768	Tăng Hiệu Suất Phá Vỡ của đòn đánh này thêm 30%.
NORMAL_TEXT	10817	Sau khi sử dụng, tiêu hao 1 tầng ‘Trọng Áp’.
NORMAL_TEXT	10862	‘Trọng Áp’ không thể cộng dồn quá 2 tầng.
HEADING_2	10906	Tuyệt Kỹ — Limit Release
NORMAL_TEXT	10931	Năng Lượng yêu cầu: 120.
NORMAL_TEXT	10956	Aren dựng trường kiếm trước người, giải phóng năng lượng rồi biến mất khỏi vị trí, xuất hiện phía sau mục tiêu sau một nhát chém tốc độ cao. Gây Sát Thương Nham bằng 180% Tấn Công lên một kẻ địch, sau đó Aren nhận 2 tầng Trọng Áp.
NORMAL_TEXT	11187	Trong khi có ‘Trọng Áp’, Chiến Kỹ được cường hóa thành Breakpoint: Overdrive. Mỗi lần sử dụng Chiến Kỹ cường hóa tiêu hao 1 tầng Trọng Áp.
NORMAL_TEXT	11326	Tuyệt Kỹ không phải nguồn sát thương chính; giá trị chủ yếu nằm ở việc mở hai lần Chiến Kỹ cường hóa.
HEADING_2	11430	Thiên Phú — Unbroken Focus
NORMAL_TEXT	11457	Mỗi khi Aren sử dụng Chiến Kỹ lên cùng một mục tiêu liên tiếp, sát thương Chiến Kỹ lên mục tiêu đó tăng 8%, cộng dồn tối đa 3 tầng.
NORMAL_TEXT	11589	Nếu Aren đổi mục tiêu, toàn bộ cộng dồn bị xóa.
NORMAL_TEXT	11637	Breakpoint: Overdrive vẫn nhận đầy đủ hiệu quả từ cộng dồn này.
HEADING_2	11702	Đột Phá
NORMAL_TEXT	11710	Mốc 1: Khi sử dụng Chiến Kỹ lên mục tiêu có Khiên, tăng Hiệu Suất Phá Vỡ thêm 15%.
NORMAL_TEXT	11793	Mốc 2: Sau khi sử dụng Breakpoint: Overdrive, tăng Tấn Công của Aren thêm 15% trong 1 lượt.
NORMAL_TEXT	11885	Mốc 3: Khi Aren phá vỡ Khiên của kẻ địch bằng Chiến Kỹ, tăng %Diệt Phá thêm 30% cho lần phá khiên đó. Nếu hiệu ứng phá khiên Nham được kích hoạt, mục tiêu nhận ‘Đầm Lầy’ theo quy tắc nguyên tố Nham.
NORMAL_TEXT	12084	Mốc phụ: 10,4 %Chí Mạng, 7,8% sát thương nguyên tố nham, 12% tấn công
HEADING_2	12154	Vận Mệnh
NORMAL_TEXT	12163	Vận Mệnh 1: Khi sử dụng Breakpoint: Overdrive lên mục tiêu còn Khiên, tăng thêm 15% Hiệu Suất Phá Vỡ cho đòn đánh này.
NORMAL_TEXT	12282	Vận Mệnh 2: Giới hạn cộng dồn của Unbroken Focus tăng từ 3 lên 4 tầng.
NORMAL_TEXT	12353	Vận Mệnh 3: Cấp Chiến Kỹ +2. Cấp Tấn Công Thường +1.
NORMAL_TEXT	12406	Vận Mệnh 4: Sau khi sử dụng Breakpoint: Overdrive, Aren tăng 20% Tấn Công trong 2 lượt.
NORMAL_TEXT	12494	Vận Mệnh 5: Cấp Tuyệt Kỹ +2. Cấp Thiên Phú +2.
NORMAL_TEXT	12541	Vận Mệnh 6: Lần Breakpoint: Overdrive đầu tiên sau mỗi lần sử dụng Tuyệt Kỹ không tiêu hao ‘Trọng Áp’.
NORMAL_TEXT	12645	Tóm tắt kit: Thuần gây sát thương đơn mục tiêu qua chiến kỹ, có thể cường hoá chiến kỹ thông qua tuyệt kỹ 
NORMAL_TEXT	12753	—------------------------------------------------------------------------------------------------------------------------
HEADING_1	12875	2. Nhân vật — Kael
NORMAL_TEXT	12894	Độ hiếm: 4★
NORMAL_TEXT	12906	Aspect: Gungnir
NORMAL_TEXT	12922	Nguyên tố: Hoả
NORMAL_TEXT	12937	Giới tính: Nam
NORMAL_TEXT	12952	Vũ khí: Súng trường ngắm
NORMAL_TEXT	12977	Chỉ số cơ bản Lv1: HP 128 | Tấn Công 78 | Phòng Thủ 62 | Tốc Độ 104
NORMAL_TEXT	13045	Chỉ số cơ bản Lv60: HP 940 | Tấn Công 574 | Phòng Thủ 456 | Tốc Độ 104
HEADING_2	13118	Tấn Công Thường — Zeroing Shot
NORMAL_TEXT	13149	Kael nâng súng trường ngắm và bắn nhanh một phát vào mục tiêu rồi hạ nòng súng xuống. Gây Sát Thương Hoả bằng 90% Tấn Công lên một kẻ địch.
NORMAL_TEXT	13289	Hồi 1 Điểm Planck.
HEADING_2	13310	Chiến Kỹ — Target Lock
NORMAL_TEXT	13333	Tiêu hao 1 Điểm Planck.
NORMAL_TEXT	13357	Kael đưa súng lên vai, tâm ngắm lóe lên trên mục tiêu trước khi anh bóp cò một phát chính xác. Gây Sát Thương Hoả bằng 200% Tấn Công lên một kẻ địch và đặt hiệu ứng ‘Nòng Súng’ trong 2 lượt. Chỉ có thể tồn tại 1 mục tiêu với hiệu ứng ’Nòng Súng’ do Kael tạo ra.
HEADING_2	13621	Tuyệt Kỹ — Dead Center
NORMAL_TEXT	13644	Năng Lượng yêu cầu: 110.
NORMAL_TEXT	13669	Kael quỳ một gối, khóa tâm ngắm trong chớp mắt rồi bắn một viên đạn duy nhất với lực giật mạnh. Gây Sát Thương Hoả bằng 300% Tấn Công lên một kẻ địch. Nếu mục tiêu đang có hiệu ứng ‘Nòng Súng’ , sát thương của đòn này tăng 20% và làm mới thời gian Khóa Mục Tiêu.
HEADING_2	13934	Thiên Phú — Steady Hand
NORMAL_TEXT	13958	Khi Kael gây sát thương bằng Chiến Kỹ hoặc Tuyệt Kỹ lên kẻ địch có Khóa ‘Nòng Súng’ , nhận 1 tầng ‘Ngòi Lửa’ , khiến sát thương gây lên mục tiêu đó tăng 6%. Cộng dồn tối đa 3 tầng. Khi ‘Nòng Súng’ được áp đặt  sang kẻ địch khác, toàn bộ tầng ‘Ngòi Lửa’ bị xóa.
HEADING_2	14220	Đột Phá
NORMAL_TEXT	14228	Mốc 1: Khi tấn công mục tiêu có ‘Nòng Súng’, Kael hồi thêm 5 Năng Lượng.
NORMAL_TEXT	14301	Mốc 2: Giới hạn ‘Ngòi Lửa’ tăng từ 3 lên 4 tầng.
NORMAL_TEXT	14350	Mốc 3: Khi mục tiêu có ‘Nòng Súng’ bị phá Khiên, Kael tăng 20% Sát Thương Chí Mạng trong 2 lượt.
NORMAL_TEXT	14447	Mốc phụ: 8% %Chí Mạng, 7,8% Sát Thương Nguyên Tố Hoả, 12% Tấn Công
HEADING_2	14514	Vận Mệnh
NORMAL_TEXT	14523	Vận Mệnh 1: Khi Kael tấn công mục tiêu có ‘Nòng Súng’, mỗi tầng ‘Ngòi Lửa’ tăng thêm 2% Sát Thương Chí Mạng.
NORMAL_TEXT	14632	Vận Mệnh 2: Khi Dead Center đánh trúng mục tiêu có ‘Nòng Súng’, Kael nhận ngay 1 tầng ‘Ngòi Lửa’ sau khi gây sát thương.
NORMAL_TEXT	14753	Vận Mệnh 3: Cấp Chiến Kỹ +2. Cấp Tấn Công Thường +1.
NORMAL_TEXT	14806	Vận Mệnh 4: Khi trên sân tồn tại mục tiêu có ‘Nòng Súng’, Kael tăng 12% Tấn Công.
NORMAL_TEXT	14888	Vận Mệnh 5: Cấp Tuyệt Kỹ +2. Cấp Thiên Phú +2.
NORMAL_TEXT	14935	Vận Mệnh 6: Khi ‘Ngòi Lửa’ đạt giới hạn tối đa, Dead Center bỏ qua 5% Phòng Thủ của mục tiêu có ‘Nòng Súng’.
NORMAL_TEXT	15044	KHẢI HOÀN THẦN TÍNH:+ Khi trong đội chỉ bao gồm nhân vật hệ Hoả hoặc Lôi, giảm kháng Hoả và Lôi toàn bộ kẻ địch 24% + Kael giờ đây được kế thừa 50% Tấn Công của nhân vật có Tấn Công cao nhất đội
NORMAL_TEXT	15243	Tóm tắt kit: Khóa một mục tiêu và liên tục dồn sát thương lên mục tiêu đó; càng duy trì cùng một mục tiêu, Kael càng gây sát thương ổn định.
NORMAL_TEXT	15385	—------------------------------------------------------------------------------------------------------------------------
HEADING_1	15507	3. Nhân vật — Mira
NORMAL_TEXT	15526	Độ hiếm: 4★
NORMAL_TEXT	15538	Aspect: Gungnir
NORMAL_TEXT	15554	Nguyên tố: Băng
NORMAL_TEXT	15570	Giới tính: Nữ
NORMAL_TEXT	15584	Vũ khí: Rapier
NORMAL_TEXT	15599	Chỉ số cơ bản Lv1: HP 124 | Tấn Công 80 | Phòng Thủ 60 | Tốc Độ 105
NORMAL_TEXT	15667	Chỉ số cơ bản Lv60: HP 912 | Tấn Công 588 | Phòng Thủ 441 | Tốc Độ 105
HEADING_2	15740	Tấn Công Thường — Count One
NORMAL_TEXT	15768	Mira bước tới và đâm rapier một nhát gọn, sau đó rút kiếm về đúng tư thế ban đầu. Gây Sát Thương Băng bằng 90% Tấn Công lên một kẻ địch và nhận 1 tầng ‘Hiệu Chỉnh’. ‘Hiệu Chỉnh’ cộng dồn tối đa 2 tầng.
NORMAL_TEXT	15970	Hồi 1 Điểm Planck.
HEADING_2	15991	Chiến Kỹ — Clean Cut
NORMAL_TEXT	16012	Tiêu hao 1 Điểm Planck.
NORMAL_TEXT	16036	Mira lùi nửa bước, chỉnh lại mũi rapier rồi đâm thẳng vào một điểm chính xác trên mục tiêu. Tiêu hao toàn bộ Hiệu Chỉnh, gây Sát Thương Băng bằng 215% Tấn Công lên một kẻ địch. Mỗi tầng ‘Hiệu Chỉnh’ đã tiêu hao tăng 12% %Chí Mạng cho đòn đánh này.
HEADING_2	16286	Tuyệt Kỹ — No Second Take
NORMAL_TEXT	16312	Năng Lượng yêu cầu: 120.
NORMAL_TEXT	16337	Mira xoay rapier về thế thủ rồi tung một cú đâm duy nhất cực nhanh, để lại một đường sáng mảnh xuyên qua mục tiêu. Gây Sát Thương Băng bằng 250% Tấn Công lên một kẻ địch. Nếu đòn đánh này gây Chí Mạng, tăng Sát Thương Chí Mạng của Mira thêm 20% trong 2 lượt.
HEADING_2	16598	Thiên Phú — Measured Rhythm
NORMAL_TEXT	16626	Mỗi lần Mira gây Chí Mạng, nhận 1 tầng ‘Chính Xác’. Khi có 2 tầng ‘Chính Xác’, Chiến Kỹ kế tiếp gây thêm 25% sát thương và tiêu hao toàn bộ ‘Chính Xác’.
HEADING_2	16780	Đột Phá
NORMAL_TEXT	16788	Mốc 1: Khi bắt đầu trận, Mira nhận 1 tầng ‘Hiệu Chỉnh’.
NORMAL_TEXT	16844	Mốc 2: Mỗi tầng ‘Hiệu Chỉnh’ tăng thêm 4% Sát Thương Chí Mạng cho Chiến Kỹ.
NORMAL_TEXT	16920	Mốc 3: Sau khi Tuyệt Kỹ gây Chí Mạng, nhận ngay 1 tầng Hiệu Chỉnh.
NORMAL_TEXT	16987	Mốc phụ: 10,4% %Chí Mạng, 12% Sát Thương Chí Mạng, 7,8% Sát Thương Nguyên Tố Băng
HEADING_2	17069	Vận Mệnh
NORMAL_TEXT	17078	Vận Mệnh 1: Mỗi tầng ‘Hiệu Chỉnh’ tiêu hao bởi Clean Cut tăng thêm 5% Sát Thương Chí Mạng cho đòn đánh đó.
NORMAL_TEXT	17185	Vận Mệnh 2: Khi Clean Cut gây Chí Mạng, Mira nhận thêm 1 tầng ‘Chính Xác’.
NORMAL_TEXT	17260	Vận Mệnh 3: Cấp Chiến Kỹ +2. Cấp Tấn Công Thường +1.
NORMAL_TEXT	17313	Vận Mệnh 4: Khi Mira có ít nhất 1 tầng ‘Hiệu Chỉnh’, tăng 12% Tấn Công.
NORMAL_TEXT	17385	Vận Mệnh 5: Cấp Tuyệt Kỹ +2. Cấp Thiên Phú +2.
NORMAL_TEXT	17432	Vận Mệnh 6: Khi ‘Chính Xác’ cường hóa Clean Cut, đòn đánh đó không tiêu hao tầng ‘Hiệu Chỉnh’ đầu tiên.
NORMAL_TEXT	17537	Tóm tắt kit: Tích Hiệu Chỉnh bằng Tấn Công Thường rồi chuyển chúng thành %Chí Mạng cho Chiến Kỹ, tập trung vào các đòn burst đơn mục tiêu.
NORMAL_TEXT	17677	—------------------------------------------------------------------------------------------------------------------------
HEADING_1	17799	4. Nhân vật — Darian
NORMAL_TEXT	17820	Độ hiếm: 4★
NORMAL_TEXT	17832	Aspect: Trishula
NORMAL_TEXT	17849	Nguyên tố: Lôi
NORMAL_TEXT	17864	Giới tính: Nam
NORMAL_TEXT	17879	Vũ khí: Trường thương
NORMAL_TEXT	17901	Chỉ số cơ bản Lv1: HP 136 | Tấn Công 72 | Phòng Thủ 68 | Tốc Độ 109
NORMAL_TEXT	17969	Chỉ số cơ bản Lv60: HP 999 | Tấn Công 529 | Phòng Thủ 500 | Tốc Độ 109
HEADING_2	18041	Tấn Công Thường — Linebreaker
NORMAL_TEXT	18071	Darian hạ thấp mũi thương và lao tới bằng một cú đâm thẳng nặng lực. Gây Sát Thương Lôi bằng 85% Tấn Công lên một kẻ địch.
NORMAL_TEXT	18194	Hồi 1 Điểm Planck.
HEADING_2	18215	Chiến Kỹ — Breach Pattern
NORMAL_TEXT	18241	Tiêu hao 1 Điểm Planck.
NORMAL_TEXT	18265	Darian xoay trường thương một vòng rồi đâm mạnh vào mục tiêu chính, lực va chạm quét sang hai phía. Gây Sát Thương Lôi bằng 145% Tấn Công lên mục tiêu chính và 80% Tấn Công lên tối đa 2 mục tiêu lân cận. Hiệu Suất Phá Vỡ của kỹ năng này tăng 25%.
HEADING_2	18514	Tuyệt Kỹ — Hard Entry
NORMAL_TEXT	18536	Năng Lượng yêu cầu: 120.
NORMAL_TEXT	18561	Darian nhảy lên rồi giáng trường thương xuống mục tiêu chính, tạo một xung lực lan sang hai kẻ địch bên cạnh. Gây Sát Thương Lôi bằng 190% Tấn Công lên mục tiêu chính và 110% Tấn Công lên tối đa 2 mục tiêu lân cận. Hiệu Suất Phá Vỡ của Tuyệt Kỹ tăng 35%.
HEADING_2	18818	Thiên Phú — Aftershock
NORMAL_TEXT	18841	Khi Darian trực tiếp phá Khiên của một kẻ địch, nhận ‘Xung Kích’ trong 1 lượt. Khi có ‘Xung Kích’ , sát thương gây ra tăng 22%. Hiệu ứng không cộng dồn.
HEADING_2	18995	Đột Phá
NORMAL_TEXT	19003	Mốc 1: Khi Darian tấn công mục tiêu còn Khiên, tăng 10% sát thương gây ra.
NORMAL_TEXT	19078	Mốc 2: Thời gian ‘Xung Kích’ tăng từ 1 lên 2 lượt.
NORMAL_TEXT	19129	Mốc 3: Khi Darian trực tiếp phá Khiên, hồi 8 Năng Lượng.
NORMAL_TEXT	19186	Mốc phụ: 8 Tốc Độ, 7,8% Sát Thương Nguyên Tố Lôi, 10% Tấn Công
HEADING_2	19249	Vận Mệnh
NORMAL_TEXT	19258	Vận Mệnh 1: Khi Breach Pattern hoặc Hard Entry đánh trúng mục tiêu còn Khiên, tăng thêm 10% Hiệu Suất Phá Vỡ.
NORMAL_TEXT	19368	Vận Mệnh 2: Khi Darian trực tiếp phá Khiên, ‘Xung Kích’ tăng thêm 10% Sát Thương Chí Mạng trong thời gian hiệu lực.
NORMAL_TEXT	19484	Vận Mệnh 3: Cấp Chiến Kỹ +2. Cấp Tấn Công Thường +1.
NORMAL_TEXT	19537	Vận Mệnh 4: Khi có ‘Xung Kích’, Darian tăng 15% Tấn Công.
NORMAL_TEXT	19595	Vận Mệnh 5: Cấp Tuyệt Kỹ +2. Cấp Thiên Phú +2.
NORMAL_TEXT	19642	Vận Mệnh 6: Sau khi Darian trực tiếp phá Khiên, Chiến Kỹ kế tiếp không tiêu hao Điểm Planck; tối đa 1 lần mỗi lượt của Darian.
NORMAL_TEXT	19770	Tóm tắt kit: sub-dps có khả năng phá khiên nhanh, dọn quái thường nhanh
NORMAL_TEXT	19843	—------------------------------------------------------------------------------------------------------------------------
HEADING_1	19965	5. Nhân vật — Elia
NORMAL_TEXT	19984	Độ hiếm: 4★
NORMAL_TEXT	19996	Aspect: Trishula
NORMAL_TEXT	20013	Nguyên tố: Phong
NORMAL_TEXT	20030	Giới tính: Nữ
NORMAL_TEXT	20044	Vũ khí: Song đao
NORMAL_TEXT	20061	Chỉ số cơ bản Lv1: HP 126 | Tấn Công 74 | Phòng Thủ 62 | Tốc Độ 110
NORMAL_TEXT	20129	Chỉ số cơ bản Lv60: HP 926 | Tấn Công 544 | Phòng Thủ 456 | Tốc Độ 110
HEADING_2	20201	Tấn Công Thường — Passing Note
NORMAL_TEXT	20232	Elia bước chéo tới trước và chém nhanh bằng hai song đao theo hai hướng đối nghịch. Gây Sát Thương Phong bằng 85% Tấn Công lên một kẻ địch.
NORMAL_TEXT	20372	Hồi 1 Điểm Planck.
HEADING_2	20393	Chiến Kỹ — Crossline
NORMAL_TEXT	20414	Tiêu hao 1 Điểm Planck.
NORMAL_TEXT	20438	Elia lướt ngang qua mục tiêu chính, hai song đao quét sang hai phía để chạm cả những kẻ địch lân cận. Gây Sát Thương Phong bằng 135% Tấn Công lên mục tiêu chính và 75% Tấn Công lên tối đa 2 mục tiêu lân cận. Mục tiêu chính nhận Dấu Lướt. Dấu Lướt tồn tại cho đến khi bị tiêu hao.
HEADING_2	20720	Crossline: Sweep
NORMAL_TEXT	20737	Elia xoay người giữa ba mục tiêu và tung hai nhát chém rộng liên tiếp, tạo thành một đường quét chéo lớn. Gây Sát Thương Phong bằng 190% Tấn Công lên mục tiêu chính và 110% Tấn Công lên tối đa 2 mục tiêu lân cận.
HEADING_2	20952	Tuyệt Kỹ — All at Once
NORMAL_TEXT	20975	Năng Lượng yêu cầu: 115.
NORMAL_TEXT	21000	Elia lao qua đội hình địch theo nhiều đường chéo liên tiếp, kết thúc bằng việc hai song đao giao nhau trước người. Gây Sát Thương Phong bằng 170% Tấn Công lên mục tiêu chính và 95% Tấn Công lên tối đa 2 mục tiêu lân cận. Sau khi sử dụng, đặt ‘Dấu Lướt’ lên tối đa 2 kẻ địch chưa có ‘Dấu Lướt’.
HEADING_2	21296	Thiên Phú — Moving Target
NORMAL_TEXT	21322	Khi có ít nhất 3 kẻ địch khác nhau mang ‘Dấu Lướt’, Chiến Kỹ được cường hóa thành Crossline: Sweep. Sau khi sử dụng Chiến Kỹ cường hóa, xóa toàn bộ ‘Dấu Lướt’.
HEADING_2	21483	Đột Phá
NORMAL_TEXT	21491	Mốc 1: ‘Dấu Lướt’ khiến Elia gây thêm 8% sát thương lên mục tiêu đó.
NORMAL_TEXT	21560	Mốc 2: Khi kích hoạt Crossline: Sweep không tiêu hao điểm PlanckMốc 3: Crossline: Sweep tăng 20% Hiệu Suất Phá Vỡ.
NORMAL_TEXT	21676	Mốc phụ: 8 Tốc Độ, 7,8% Sát Thương Nguyên Tố Phong, 12% Tấn Công
HEADING_2	21741	Vận Mệnh
NORMAL_TEXT	21750	Vận Mệnh 1: Mục tiêu mang ‘Dấu Lướt’ nhận thêm 5% sát thương từ Elia.
NORMAL_TEXT	21820	Vận Mệnh 2: Sau khi sử dụng Crossline: Sweep, Elia đặt lại 1 ‘Dấu Lướt’ lên mục tiêu chính.
NORMAL_TEXT	21912	Vận Mệnh 3: Cấp Chiến Kỹ +2. Cấp Tấn Công Thường +1.
NORMAL_TEXT	21965	Vận Mệnh 4: Khi trên sân có ít nhất 2 kẻ địch mang ‘Dấu Lướt’, Elia tăng 12% Tấn Công.
NORMAL_TEXT	22052	Vận Mệnh 5: Cấp Tuyệt Kỹ +2. Cấp Thiên Phú +2.
NORMAL_TEXT	22099	Vận Mệnh 6: Điều kiện kích hoạt Crossline: Sweep giảm từ 3 xuống còn 2 kẻ địch mang ‘Dấu Lướt’.
NORMAL_TEXT	22196	Tóm tắt kit: Luân chuyển mục tiêu để đặt ‘Dấu Lướt’; khi đủ ba dấu, Elia mở một Chiến Kỹ mạnh hơn đánh ba mục tiêu.
NORMAL_TEXT	22313	—------------------------------------------------------------------------------------------------------------------------
HEADING_1	22435	6. Nhân vật — Rowan
NORMAL_TEXT	22455	Độ hiếm: 4★
NORMAL_TEXT	22467	Aspect: Mjolnir
NORMAL_TEXT	22483	Nguyên tố: Thuỷ
NORMAL_TEXT	22499	Giới tính: Nam
NORMAL_TEXT	22514	Vũ khí: Đại pháo cầm tay
NORMAL_TEXT	22539	Chỉ số cơ bản Lv1: HP 140 | Tấn Công 68 | Phòng Thủ 72 | Tốc Độ 101
NORMAL_TEXT	22607	Chỉ số cơ bản Lv60: HP 1029 | Tấn Công 500 | Phòng Thủ 530 | Tốc Độ 101
HEADING_2	22681	Tấn Công Thường — Open Current
NORMAL_TEXT	22712	Rowan nâng đại pháo cầm tay lên vai và bắn một phát trực diện vào mục tiêu. Gây Sát Thương Thuỷ bằng 80% Tấn Công lên một kẻ địch.
NORMAL_TEXT	22843	Hồi 1 Điểm Planck.
HEADING_2	22864	Chiến Kỹ — Wide Arc
NORMAL_TEXT	22884	Tiêu hao 1 Điểm Planck.
NORMAL_TEXT	22908	Rowan xoay nòng pháo sang ngang và bắn một luồng năng lượng rộng quét qua toàn bộ kẻ địch. Gây Sát Thương Thuỷ bằng 120% Tấn Công lên toàn bộ kẻ địch.
HEADING_2	23061	Tuyệt Kỹ — Full Spread
NORMAL_TEXT	23084	Năng Lượng yêu cầu: 120.
NORMAL_TEXT	23109	Rowan chống đại pháo xuống đất, nạp đầy năng lượng rồi khai hỏa một phát lớn phủ toàn bộ chiến trường. Gây Sát Thương Thuỷ bằng 165% Tấn Công lên toàn bộ kẻ địch. Với mỗi kẻ địch trên sân từ mục tiêu thứ hai trở đi, sát thương của Tuyệt Kỹ tăng 10%, tối đa 40%.
HEADING_2	23373	Thiên Phú — Crowd Pressure
NORMAL_TEXT	23400	Khi một kỹ năng của Rowan đồng thời gây sát thương lên ít nhất 4 kẻ địch, tăng Tấn Công của Rowan thêm 18% trong 1 lượt.
HEADING_2	23522	Đột Phá
NORMAL_TEXT	23530	Mốc 1: Wide Arc gây thêm 12% sát thương nếu trên sân có ít nhất 4 kẻ địch.
NORMAL_TEXT	23605	Mốc 2: Khi kích hoạt Crowd Pressure, Rowan hồi thêm 5 Năng Lượng.
NORMAL_TEXT	23671	Mốc 3: Full Spread cần ít hơn 10 Năng Lượng để kích hoạt.
NORMAL_TEXT	23729	Mốc phụ: 10,4% %Chí Mạng, 7,8% Sát Thương Nguyên Tố Thuỷ, 12% Tấn Công
HEADING_2	23800	Vận Mệnh
NORMAL_TEXT	23809	Vận Mệnh 1: Wide Arc gây thêm 8% sát thương nếu đánh trúng ít nhất 3 kẻ địch.
NORMAL_TEXT	23887	Vận Mệnh 2: Mỗi kẻ địch trên sân từ mục tiêu thứ hai trở đi tăng sát thương của Full Spread thêm 12% thay vì 10%, tối đa 48%.
NORMAL_TEXT	24013	Vận Mệnh 3: Cấp Chiến Kỹ +2. Cấp Tấn Công Thường +1.
NORMAL_TEXT	24066	Vận Mệnh 4: Khi trên sân có ít nhất 4 kẻ địch, Rowan tăng 15% Tấn Công.
NORMAL_TEXT	24138	Vận Mệnh 5: Cấp Tuyệt Kỹ +2. Cấp Thiên Phú +2.
NORMAL_TEXT	24185	Vận Mệnh 6: Sau khi Full Spread đánh trúng ít nhất 4 kẻ địch, Wide Arc kế tiếp không tiêu hao Điểm Planck.
NORMAL_TEXT	24293	Tóm tắt kit: Thuần AoE, rất hiệu quả khi đối đầu các wave đông; số lượng kẻ địch càng cao, giá trị Tuyệt Kỹ càng lớn.
NORMAL_TEXT	24411	KHẢI HOÀN THẦN TÍNH : + Khi Rowan trong đội, Kháng Hiệu Ứng toàn kẻ địch giảm 50%
NORMAL_TEXT	24497	—------------------------------------------------------------------------------------------------------------------------
HEADING_1	24619	7. Nhân vật — Selene
NORMAL_TEXT	24640	Độ hiếm: 4★
NORMAL_TEXT	24652	Aspect: Mjolnir
NORMAL_TEXT	24668	Nguyên tố: Hoả
NORMAL_TEXT	24683	Giới tính: Nữ
NORMAL_TEXT	24697	Vũ khí: Song súng lục
NORMAL_TEXT	24719	Chỉ số cơ bản Lv1: HP 130 | Tấn Công 70 | Phòng Thủ 64 | Tốc Độ 110
NORMAL_TEXT	24787	Chỉ số cơ bản Lv60: HP 955 | Tấn Công 515 | Phòng Thủ 471 | Tốc Độ 110
HEADING_2	24859	Tấn Công Thường — Quick Spark
NORMAL_TEXT	24889	Selene rút nhanh hai súng lục và bắn liên tiếp hai phát vào mục tiêu. Gây Sát Thương Hoả bằng 80% Tấn Công lên một kẻ địch.
NORMAL_TEXT	25013	Hồi 1 Điểm Planck.
HEADING_2	25034	Chiến Kỹ — Scatterline
NORMAL_TEXT	25057	Tiêu hao 1 Điểm Planck.
NORMAL_TEXT	25081	Selene dang hai tay sang hai bên và bắn quét theo hai hướng, các đường đạn giao nhau trên toàn bộ kẻ địch. Gây Sát Thương Hoả bằng 95% Tấn Công lên toàn bộ kẻ địch.
HEADING_2	25248	Tuyệt Kỹ — Second Chorus
NORMAL_TEXT	25273	Năng Lượng yêu cầu: 120.
NORMAL_TEXT	25298	Selene xoay cả hai khẩu súng, bắn một loạt đạn vòng cung phủ khắp đội hình địch rồi kết thúc bằng hai phát bắn đồng thời. Gây Sát Thương Hoả bằng 145% Tấn Công lên toàn bộ kẻ địch và nhận ‘Hợp Âm’ trong 2 lượt. Khi có ‘Hợp Âm’, hệ số sát thương của Đòn Đánh Theo Sau tăng từ 55% lên 80% Tấn Công.
HEADING_2	25597	Thiên Phú — Echo Step
NORMAL_TEXT	25619	Sau khi một đồng minh khác dùng một đòn đánh gây sát thương lên ít nhất 3 kẻ địch, Selene lập tức thực hiện một Đòn Đánh Theo Sau, gây Sát Thương Hoả bằng 55% Tấn Công lên toàn bộ kẻ địch. Hiệu ứng này tối đa kích hoạt 2 lần, làm mới khi Selene bắt đầu lượt mới
HEADING_2	25881	Đột Phá
NORMAL_TEXT	25889	Mốc 1: Đòn Đánh Theo Sau gây thêm 15% sát thương lên kẻ địch đang bị phá Khiên.
NORMAL_TEXT	25969	Mốc 2: Khi Đòn Đánh Theo Sau và Chiến Kỹ trúng ít nhất 4 kẻ địch, Selene hồi 5 Năng Lượng.
NORMAL_TEXT	26060	Mốc 3: Khi đang có ‘Hợp Âm’, Scatterline tăng 15% sát thương.
NORMAL_TEXT	26122	Mốc phụ: 10,4% %Chí Mạng, 7,8% Sát Thương Nguyên Tố Hoả, 12% Tấn Công
HEADING_2	26192	Vận Mệnh
NORMAL_TEXT	26201	Vận Mệnh 1: Hệ số sát thương của Đòn Đánh Theo Sau từ Echo Step tăng từ 55% lên 65% Tấn Công.
NORMAL_TEXT	26295	Vận Mệnh 2: Khi Đòn Đánh Theo Sau đánh trúng ít nhất 4 kẻ địch, kéo dài ‘Hợp Âm’ thêm 1 lượt; tối đa 1 lần cho mỗi lần nhận ‘Hợp Âm’.
NORMAL_TEXT	26429	Vận Mệnh 3: Cấp Chiến Kỹ +2. Cấp Tấn Công Thường +1.
NORMAL_TEXT	26482	Vận Mệnh 4: Sau khi thực hiện Đòn Đánh Theo Sau, Selene tăng 12% Tấn Công trong 1 lượt.
NORMAL_TEXT	26570	Vận Mệnh 5: Cấp Tuyệt Kỹ +2. Cấp Thiên Phú +2.
NORMAL_TEXT	26617	Vận Mệnh 6: Trong khi có ‘Hợp Âm’, giới hạn kích hoạt Echo Step tăng từ 2 lên 3 lần giữa hai lượt của Selene.
NORMAL_TEXT	26728	Tóm tắt kit: Đánh AoE thường xuyên nhờ Đòn Đánh Theo Sau được kích hoạt bởi đồng đội; Tuyệt Kỹ mở một khoảng thời gian tăng mạnh sát thương theo sau.
NORMAL_TEXT	26879	—------------------------------------------------------------------------------------------------------------------------
HEADING_1	27001	8. Nhân vật — Theo
NORMAL_TEXT	27020	Độ hiếm: 4★
NORMAL_TEXT	27032	Aspect: Pandora
NORMAL_TEXT	27048	Nguyên tố: Nham
NORMAL_TEXT	27064	Giới tính: Nam
NORMAL_TEXT	27079	Vũ khí: Trượng khắc ấn
NORMAL_TEXT	27102	Chỉ số cơ bản Lv1: HP 144 | Tấn Công 60 | Phòng Thủ 72 | Tốc Độ 108
NORMAL_TEXT	27170	Chỉ số cơ bản Lv60: HP 1058 | Tấn Công 441 | Phòng Thủ 530 | Tốc Độ 108
HEADING_2	27244	Tấn Công Thường — Plain Statement
NORMAL_TEXT	27278	Theo gõ đầu trượng xuống đất, một mảnh ký ấn bật lên và lao thẳng vào kẻ địch. Gây Sát Thương Nham bằng 75% Tấn Công lên một kẻ địch.
NORMAL_TEXT	27412	Hồi 1 Điểm Planck.
HEADING_2	27433	Chiến Kỹ — Fault Found
NORMAL_TEXT	27456	Tiêu hao 1 Điểm Planck.
NORMAL_TEXT	27480	Theo xoay trượng khắc ấn, phóng một ký hiệu hình học bám lên mục tiêu như một con dấu. Gây Sát Thương Nham bằng 105% Tấn Công lên một kẻ địch và có 100% tỷ lệ cơ bản áp dụng ‘Sơ Hở’ trong 2 lượt. ‘Sơ Hở’ làm giảm 18% Phòng Thủ của mục tiêu.
HEADING_2	27723	Tuyệt Kỹ — Open Record
NORMAL_TEXT	27746	Năng Lượng yêu cầu: 110.
NORMAL_TEXT	27771	Theo cắm trượng xuống đất, nhiều ký ấn hiện dưới chân kẻ địch rồi đồng loạt khép lại quanh chúng. Gây Sát Thương Nham bằng 80% Tấn Công lên toàn bộ kẻ địch và có 100% tỷ lệ cơ bản áp dụng ‘Sơ Hở’ trong 2 lượt, làm giảm 18% Phòng Thủ. Nếu mục tiêu đã có ‘Sơ Hở’, phá vỡ 15% khiên của kẻ địch
HEADING_2	28063	Thiên Phú — No Loose Ends
NORMAL_TEXT	28089	Khi kẻ địch đang có ‘Sơ Hở’ bị phá Khiên, thời gian của hiệu ứng giảm Phòng Thủ trên mục tiêu đó được kéo dài thêm 1 lượt. Mỗi mục tiêu chỉ có thể kích hoạt hiệu ứng này 1 lần cho mỗi lần bị phá Khiên.
HEADING_2	28292	Đột Phá
NORMAL_TEXT	28300	Mốc 1: Khi Theo tấn công kẻ địch đang có hiệu ứng giảm Phòng Thủ do bản thân áp dụng, hồi thêm 4 Năng Lượng.
NORMAL_TEXT	28409	Mốc 2: ‘Sơ Hở’ giảm thêm 3% Phòng Thủ.
NORMAL_TEXT	28448	Mốc 3: Tuyệt Kỹ có 50% tỷ lệ cơ bản kéo dài hiệu ứng giảm Phòng Thủ hiện có trên mỗi mục tiêu thêm 1 lượt.
NORMAL_TEXT	28555	Mốc phụ: 18% %Chính Xác Hiệu Ứng, 5% %Hồi Năng Lượng, 12% HP
HEADING_2	28616	Vận Mệnh
NORMAL_TEXT	28625	Vận Mệnh 1: ‘Sơ Hở’ giảm thêm 3% Phòng Thủ của mục tiêu.
NORMAL_TEXT	28682	Vận Mệnh 2: Khi Open Record đánh trúng kẻ địch đã có ‘Sơ Hở’, thời gian ‘Sơ Hở’ trên mục tiêu đó kéo dài thêm 1 lượt.
NORMAL_TEXT	28800	Vận Mệnh 3: Cấp Chiến Kỹ +2. Cấp Tấn Công Thường +1.
NORMAL_TEXT	28853	Vận Mệnh 4: Khi trên sân có ít nhất một kẻ địch mang ‘Sơ Hở’, Theo tăng 15% Phòng Thủ và 10% Chính Xác Hiệu Ứng.
NORMAL_TEXT	28966	Vận Mệnh 5: Cấp Tuyệt Kỹ +2. Cấp Thiên Phú +2.
NORMAL_TEXT	29013	Vận Mệnh 6: Sau khi kẻ địch mang ‘Sơ Hở’ bị phá Khiên, mục tiêu đó tăng thêm 6% sát thương phải nhận từ toàn bộ đồng minh trong 2 lượt.
NORMAL_TEXT	29150	Tóm tắt kit: Tập trung giảm Phòng Thủ của một mục tiêu bằng Chiến Kỹ và Tuyệt Kỹ; phù hợp làm Pandora nền tảng cho đội hình.
NORMAL_TEXT	29278	—------------------------------------------------------------------------------------------------------------------------
HEADING_1	29400	9. Nhân vật — Nadia
NORMAL_TEXT	29420	Độ hiếm: 4★
NORMAL_TEXT	29432	Aspect: Pandora
NORMAL_TEXT	29448	Nguyên tố: Hoả
NORMAL_TEXT	29463	Giới tính: Nữ
NORMAL_TEXT	29477	Vũ khí: Nỏ tay
NORMAL_TEXT	29492	Chỉ số cơ bản Lv1: HP 128 | Tấn Công 75 | Phòng Thủ 62 | Tốc Độ 109
NORMAL_TEXT	29560	Chỉ số cơ bản Lv60: HP 940 | Tấn Công 551 | Phòng Thủ 456 | Tốc Độ 109
HEADING_2	29632	Tấn Công Thường — Small Kindling
NORMAL_TEXT	29665	Nadia nâng nỏ tay và bắn nhanh một phát vào mục tiêu gần như không cần ngắm lâu. Gây Sát Thương Hoả bằng 75% Tấn Công lên một kẻ địch.
NORMAL_TEXT	29800	Hồi 1 Điểm Planck.
HEADING_2	29821	Chiến Kỹ — Lingering Mark
NORMAL_TEXT	29847	Tiêu hao 1 Điểm Planck.
NORMAL_TEXT	29871	Nadia nạp một mũi tên đặc biệt vào nỏ, bắn xuyên mục tiêu và để lại một dấu cháy âm ỉ trên điểm trúng. Gây Sát Thương Hoả bằng 90% Tấn Công lên một kẻ địch và có 100% tỷ lệ cơ bản áp dụng ‘Vết Cháy’ trong 2 lượt. ‘Vết Cháy’ gây Sát Thương Duy Trì bằng 60% Tấn Công của Nadia khi mục tiêu bắt đầu lượt.
HEADING_2	30175	Tuyệt Kỹ — Burn Through
NORMAL_TEXT	30199	Năng Lượng yêu cầu: 110.
NORMAL_TEXT	30224	Nadia giương nỏ lên cao rồi bắn nhiều mũi tên cháy tỏa xuống toàn bộ đội hình địch. Gây Sát Thương Hoả bằng 75% Tấn Công lên toàn bộ kẻ địch và có 100% tỷ lệ cơ bản áp dụng ‘Vết Cháy’ trong 2 lượt. Nếu mục tiêu đã có ‘Vết Cháy’, lập tức kích hoạt một lần sát thương bằng 50% sát thương hiện tại của ‘Vết Cháy’ mà không làm giảm thời gian hiệu ứng.
HEADING_2	30574	Thiên Phú — Bad Company
NORMAL_TEXT	30598	Khi ‘Vết Cháy’ gây sát thương lên kẻ địch đang có ít nhất 2 hiệu ứng bất lợi, sát thương của lần ‘Vết Cháy’ đó tăng 20%.
HEADING_2	30720	Đột Phá
NORMAL_TEXT	30728	Mốc 1: Khi Chiến Kỹ áp dụng thành công ‘Vết Cháy’, Nadia hồi 4 Năng Lượng.
NORMAL_TEXT	30803	Mốc 2: ‘Vết Cháy’ gây thêm 15% sát thương lên mục tiêu đang bị phá Khiên.
NORMAL_TEXT	30877	Mốc 3: Khi Tuyệt Kỹ kích hoạt ngay sát thương của ‘Vết Cháy’, tỷ lệ kích hoạt tăng từ 50% lên 70% sát thương hiện tại.
NORMAL_TEXT	30996	Mốc phụ: 18% %Chính Xác Hiệu Ứng, 7,8% Sát Thương Nguyên Tố Hoả, 10% Tấn Công
HEADING_2	31074	Vận Mệnh
NORMAL_TEXT	31083	Vận Mệnh 1: Hệ số sát thương của ‘Vết Cháy’ tăng từ 60% lên 70% Tấn Công.
NORMAL_TEXT	31157	Vận Mệnh 2: Khi Lingering Mark áp dụng ‘Vết Cháy’ lên mục tiêu đang có ít nhất 2 hiệu ứng bất lợi, thời gian ‘Vết Cháy’ tăng thêm 1 lượt.
NORMAL_TEXT	31295	Vận Mệnh 3: Cấp Chiến Kỹ +2. Cấp Tấn Công Thường +1.
NORMAL_TEXT	31348	Vận Mệnh 4: Toàn bộ kẻ địch trên sân giảm 10% Kháng nguyên tố HoảVận Mệnh 5: Cấp Tuyệt Kỹ +2. Cấp Thiên Phú +2.
NORMAL_TEXT	31461	Vận Mệnh 6: Khi Burn Through lập tức kích hoạt sát thương của ‘Vết Cháy’, lần kích hoạt đó gây 100% sát thương hiện tại của ‘Vết Cháy’ thay vì 50%.
NORMAL_TEXT	31610	Tóm tắt kit: sub-dps DoT, duy trì ‘Vết Cháy’ trên nhiều mục tiêu và tận dụng đội hình có nhiều debuff để tăng sát thương duy trì.KHẢI HOÀN THẦN TÍNH: + Mọi chiêu thức của Nadia giờ đi khi sử dụng sẽ kích hoạt 1 lần DoT của cô ấy với hệ số 100%
NORMAL_TEXT	31859	—------------------------------------------------------------------------------------------------------------------------
HEADING_1	31981	10. Nhân vật — Iris
NORMAL_TEXT	32001	Độ hiếm: 4★
NORMAL_TEXT	32013	Aspect: Keraunos
NORMAL_TEXT	32030	Nguyên tố: Phong
NORMAL_TEXT	32047	Giới tính: Nữ
NORMAL_TEXT	32061	Vũ khí: Quạt chiến
NORMAL_TEXT	32080	Chỉ số cơ bản Lv1: HP 132 | Tấn Công 62 | Phòng Thủ 66 | Tốc Độ 112
NORMAL_TEXT	32148	Chỉ số cơ bản Lv60: HP 970 | Tấn Công 456 | Phòng Thủ 485 | Tốc Độ 112
HEADING_2	32220	Tấn Công Thường — Light Step
NORMAL_TEXT	32249	Iris khép quạt rồi vung nhanh theo đường chéo, tạo một lưỡi gió mảnh lao tới mục tiêu. Gây Sát Thương Phong bằng 70% Tấn Công lên một kẻ địch.
NORMAL_TEXT	32392	Hồi 1 Điểm Planck.
HEADING_2	32413	Chiến Kỹ — Ahead of Time
NORMAL_TEXT	32438	Tiêu hao 1 Điểm Planck.
NORMAL_TEXT	32462	Iris phất quạt về phía đồng minh được chọn, tạo một luồng gió đẩy nhẹ họ tiến lên. Chọn một đồng minh, tăng 18 Tốc Độ cho mục tiêu trong 2 lượt. Nếu mục tiêu đang có Tốc Độ thấp hơn Iris trước khi nhận hiệu ứng, đồng thời tăng 10% Tấn Công trong thời gian hiệu lực.
HEADING_2	32730	Tuyệt Kỹ — Everyone, Move
NORMAL_TEXT	32756	Năng Lượng yêu cầu: 120.
NORMAL_TEXT	32781	Iris mở rộng quạt chiến, xoay người một vòng khiến một luồng gió quét qua toàn bộ đồng minh. Tăng 10 Tốc Độ cho toàn bộ đồng minh trong 2 lượt. Đồng minh đang có hiệu ứng tăng Tốc Độ từ Chiến Kỹ của Iris nhận thêm 8% sát thương gây ra trong thời gian này.
HEADING_2	33039	Thiên Phú — First to Notice
NORMAL_TEXT	33067	Mỗi khi một đồng minh có Tốc Độ được Iris tăng bắt đầu lượt, Iris nhận 1 tầng ‘Nhịp Dẫn’. Khi đạt 3 tầng, hồi 1 Điểm Planck và xóa toàn bộ ‘Nhịp Dẫn’. Hiệu ứng này tối đa kích hoạt 1 lần, làm mới khi Iris bắt đầu lượt mới
HEADING_2	33290	Đột Phá
NORMAL_TEXT	33298	Mốc 1: Khi bắt đầu trận, Iris tăng 6 Tốc Độ trong 1 lượt.
NORMAL_TEXT	33356	Mốc 2: Chiến Kỹ tăng thêm 2 Tốc Độ cho mục tiêu.
NORMAL_TEXT	33405	Mốc 3: Khi ‘Nhịp Dẫn’ hồi Điểm Planck, đồng minh có Tốc Độ cao nhất ngoài Iris hiện tại tăng 10% Tấn Công trong 1 lượt.
NORMAL_TEXT	33525	Mốc phụ: 8 Tốc Độ, 12% HP, 10% Phòng Thủ
HEADING_2	33566	Vận Mệnh
NORMAL_TEXT	33575	Vận Mệnh 1: Ahead of Time tăng thêm 4 Tốc Độ cho mục tiêu.
NORMAL_TEXT	33634	Vận Mệnh 2: Đồng minh nhận buff Tốc Độ từ Ahead of Time đồng thời tăng 8% Sát Thương Chí Mạng.
NORMAL_TEXT	33729	Vận Mệnh 3: Cấp Chiến Kỹ +2. Cấp Tấn Công Thường +1.
NORMAL_TEXT	33782	Vận Mệnh 4: Sau khi sử dụng Chiến Kỹ, Iris tăng 8 Tốc Độ trong 2 lượt.
NORMAL_TEXT	33853	Vận Mệnh 5: Cấp Tuyệt Kỹ +2. Cấp Thiên Phú +2.
NORMAL_TEXT	33900	Vận Mệnh 6: Khi ‘Nhịp Dẫn’ đạt 3 tầng, ngoài hồi 1 Điểm Planck, đồng minh đang có buff từ Ahead of Time được Ưu Tiên Hành Động 10%.
NORMAL_TEXT	34033	Tóm tắt kit: support Tốc Độ, giúp một chủ lực hành động nhanh hơn và duy trì nhịp hành động toàn đội, đồng thời có khả năng hoàn lại Điểm Planck.
NORMAL_TEXT	34180	—------------------------------------------------------------------------------------------------------------------------
HEADING_1	34302	11. Nhân vật — Cassian
NORMAL_TEXT	34325	Độ hiếm: 4★
NORMAL_TEXT	34337	Aspect: Keraunos
NORMAL_TEXT	34354	Nguyên tố: Lôi
NORMAL_TEXT	34369	Giới tính: Nam
NORMAL_TEXT	34384	Vũ khí: Gậy kiếm
NORMAL_TEXT	34401	Chỉ số cơ bản Lv1: HP 130 | Tấn Công 66 | Phòng Thủ 64 | Tốc Độ 110
NORMAL_TEXT	34469	Chỉ số cơ bản Lv60: HP 955 | Tấn Công 485 | Phòng Thủ 471 | Tốc Độ 110
HEADING_2	34541	Tấn Công Thường — Clean Ledger
NORMAL_TEXT	34572	Cassian rút nhanh lưỡi kiếm giấu trong gậy, chém một nhát gọn rồi lập tức thu lại. Gây Sát Thương Lôi bằng 70% Tấn Công lên một kẻ địch.
NORMAL_TEXT	34709	Hồi 1 Điểm Planck.
HEADING_2	34730	Chiến Kỹ — Priority Order
NORMAL_TEXT	34756	Tiêu hao 1 Điểm Planck.
NORMAL_TEXT	34780	Cassian chạm đầu gậy kiếm về phía đồng minh, một ký hiệu ‘Ưu Tiên’ lóe lên rồi khóa vào mục tiêu. Chọn một đồng minh và áp dụng ‘Ưu Tiên’ trong 2 lượt. ‘Ưu Tiên’ tăng 20% Tấn Công của mục tiêu.
HEADING_2	34976	Tuyệt Kỹ — Full Authorization
NORMAL_TEXT	35006	Năng Lượng yêu cầu: 115.
NORMAL_TEXT	35031	Cassian rút lưỡi kiếm khỏi thân gậy, quét một đường sáng qua đội hình rồi tra kiếm trở lại trong một động tác liền mạch. Tăng 14% Tấn Công cho toàn bộ đồng minh trong 2 lượt. Đồng minh đang có ‘Ưu Tiên’ nhận thêm 12% Sát Thương Chí Mạng trong thời gian hiệu lực.
HEADING_2	35296	Thiên Phú — Efficient Spending
NORMAL_TEXT	35327	Khi đồng minh đang có ‘Ưu Tiên’ sử dụng Chiến Kỹ và tiêu hao Điểm Planck, có 15% tỷ lệ hoàn lại 1 Điểm Planck sau khi Chiến Kỹ kết thúc. Hiệu ứng này tối đa kích hoạt 1 lần giữa hai lượt của Cassian.
HEADING_2	35528	Đột Phá
NORMAL_TEXT	35536	Mốc 1: Khi Cassian sử dụng Chiến Kỹ, mục tiêu ‘Ưu Tiên’ nhận thêm 8% Sát Thương Chí Mạng trong 2 lượt.
NORMAL_TEXT	35639	Mốc 2: Khi mục tiêu ‘Ưu Tiên’ hoàn điểm Planck thành công, gây thêm 15% Sát Thương Chuẩn cho đòn đánh ấy
NORMAL_TEXT	35744	Mốc 3: Sau khi Tuyệt Kỹ được kích hoạt, Cassian hồi 1 Điểm Planck nếu đội hiện có từ 2 Điểm Planck trở xuống.
NORMAL_TEXT	35854	Mốc phụ: 8 Tốc Độ, 12% HP, 10% Phòng Thủ
HEADING_2	35895	Vận Mệnh
NORMAL_TEXT	35904	Vận Mệnh 1: ‘Ưu Tiên’ tăng Tấn Công từ 20% lên 24%.
NORMAL_TEXT	35956	Vận Mệnh 2: Tỷ lệ hoàn lại 1 Điểm Planck của Efficient Spending tăng từ 15% lên 20%.
NORMAL_TEXT	36041	Vận Mệnh 3: Cấp Chiến Kỹ +2. Cấp Tấn Công Thường +1.
NORMAL_TEXT	36094	Vận Mệnh 4: Khi đội hiện có từ 2 Điểm Planck trở xuống, Cassian tăng 5 Tốc Độ.
NORMAL_TEXT	36173	Vận Mệnh 5: Cấp Tuyệt Kỹ +2. Cấp Thiên Phú +2.
NORMAL_TEXT	36220	Vận Mệnh 6: Khi Efficient Spending hoàn Điểm Planck thành công, đồng minh có ‘Ưu Tiên’ tăng thêm 10% sát thương gây ra trong 1 lượt.
NORMAL_TEXT	36354	Tóm tắt kit: support Tấn Công và quản lý Điểm Planck, phù hợp với đội hình có chủ lực sử dụng Chiến Kỹ thường xuyên.
NORMAL_TEXT	36472	—------------------------------------------------------------------------------------------------------------------------
HEADING_1	36594	12. Nhân vật — Lucan
NORMAL_TEXT	36615	Độ hiếm: 4★
NORMAL_TEXT	36627	Aspect: Aegis
NORMAL_TEXT	36641	Nguyên tố: Băng
NORMAL_TEXT	36657	Giới tính: Nam
NORMAL_TEXT	36672	Vũ khí: Khiên tháp
NORMAL_TEXT	36691	Chỉ số cơ bản Lv1: HP 142 | Tấn Công 60 | Phòng Thủ 72 | Tốc Độ 106
NORMAL_TEXT	36759	Chỉ số cơ bản Lv60: HP 1044 | Tấn Công 441 | Phòng Thủ 530 | Tốc Độ 106
HEADING_2	36832	Tấn Công Thường — Cold Check
NORMAL_TEXT	36861	Lucan bước tới và thúc cạnh khiên tháp thẳng vào mục tiêu. Gây Sát Thương Băng bằng 65% Tấn Công lên một kẻ địch.
NORMAL_TEXT	36975	Hồi 1 Điểm Planck.
HEADING_2	36996	Chiến Kỹ — Hold Position
NORMAL_TEXT	37021	Tiêu hao 1 Điểm Planck.
NORMAL_TEXT	37045	Lucan dựng khiên tháp chắn trước đồng minh được chọn, tạo một lớp bảo hộ dày khóa vào vị trí của họ. Tạo Khiên cho một đồng minh bằng 20% Phòng Thủ của Lucan + 500 của Lucan, tồn tại 2 lượt. Khi Khiên còn hiệu lực, mục tiêu nhận thêm 20% Kháng Hiệu Ứng.
HEADING_2	37301	Tuyệt Kỹ — Stand Behind Me
NORMAL_TEXT	37328	Năng Lượng yêu cầu: 120.
NORMAL_TEXT	37353	Lucan nện khiên xuống đất, dựng lên một lớp phòng hộ lớn che phủ toàn đội trước khi thu lại quanh từng người. Tạo Khiên cho toàn bộ đồng minh bằng 24% Phòng Thủ của Lucan + 750 tối đa của Lucan, tồn tại 2 lượt. Nếu một đồng minh đang có Khiên từ Chiến Kỹ, Khiên của mục tiêu đó được làm mới và tăng thêm 20% giá trị hiện tại.
HEADING_2	37681	Thiên Phú — One at a Time
NORMAL_TEXT	37707	Khi đồng minh có Khiên từ Chiến Kỹ bị tấn công, Lucan nhận 1 tầng ‘Cố Thủ’. Khi đạt 3 tầng, tăng 20% Phòng Thủ của Lucan trong 2 lượt và xóa toàn bộ ‘Cố Thủ’.
HEADING_2	37867	Đột Phá
NORMAL_TEXT	37875	Mốc 1: Khi dùng Chiến Kỹ lên đồng minh có HP dưới 50%, giá trị Khiên tăng 15%.
NORMAL_TEXT	37954	Mốc 2: Khi ‘Cố Thủ’ được kích hoạt, đồng minh đang có Khiên từ Chiến Kỹ nhận thêm 10% Phòng Thủ trong 2 lượt.
NORMAL_TEXT	38064	Mốc 3: Sau khi Tuyệt Kỹ tạo Khiên, đồng minh có Khiên thấp nhất nhận thêm một lớp Khiên bằng 5% HP tối đa của Lucan.
NORMAL_TEXT	38181	Mốc phụ: 12% Phòng Thủ, 12% HP, 6 Tốc Độ
HEADING_2	38222	Vận Mệnh
NORMAL_TEXT	38231	Vận Mệnh 1: Giá trị Khiên do Hold Position tạo tăng 12%.
NORMAL_TEXT	38288	Vận Mệnh 2: Mỗi lần đồng minh có Khiên từ Hold Position bị tấn công, Lucan có 50% tỷ lệ nhận thêm 1 tầng ‘Cố Thủ’; tối đa 1 lần mỗi lượt của Lucan.
NORMAL_TEXT	38436	Vận Mệnh 3: Cấp Chiến Kỹ +2. Cấp Tấn Công Thường +1.
NORMAL_TEXT	38489	Vận Mệnh 4: Khi có ít nhất một đồng minh đang sở hữu Khiên do Lucan tạo, Lucan tăng 15% Phòng Thủ.
NORMAL_TEXT	38588	Vận Mệnh 5: Cấp Tuyệt Kỹ +2. Cấp Thiên Phú +2.
NORMAL_TEXT	38635	Vận Mệnh 6: Sau khi Stand Behind Me được kích hoạt, đồng minh đang có Khiên từ Hold Position tăng thêm 20% Sát Thương nguyên tố
NORMAL_TEXT	38764	Tóm tắt kit: shielder thiên bảo kê một chủ lực bằng Khiên dày, đồng thời có Tuyệt Kỹ tạo Khiên toàn đội để chống sát thương diện rộng.
NORMAL_TEXT	38900	—------------------------------------------------------------------------------------------------------------------------
HEADING_1	39022	13. Nhân vật — Seren
NORMAL_TEXT	39043	Độ hiếm: 4★
NORMAL_TEXT	39055	Aspect: Aegis
NORMAL_TEXT	39069	Nguyên tố: Nham
NORMAL_TEXT	39085	Giới tính: Nữ
NORMAL_TEXT	39099	Vũ khí: Khiên vòng
NORMAL_TEXT	39118	Chỉ số cơ bản Lv1: HP 144 | Tấn Công 60 | Phòng Thủ 70 | Tốc Độ 104
NORMAL_TEXT	39186	Chỉ số cơ bản Lv60: HP 1058 | Tấn Công 441 | Phòng Thủ 515 | Tốc Độ 104
HEADING_2	39259	Tấn Công Thường — Quiet Weight
NORMAL_TEXT	39290	Seren ném khiên vòng theo quỹ đạo cong, để nó va vào mục tiêu rồi quay trở lại tay. Gây Sát Thương Nham bằng 65% Tấn Công lên một kẻ địch.
NORMAL_TEXT	39429	Hồi 1 Điểm Planck.
HEADING_2	39450	Chiến Kỹ — Common Ground
NORMAL_TEXT	39475	Tiêu hao 1 Điểm Planck.
NORMAL_TEXT	39499	Seren xoay khiên vòng trước người, tạo một vòng bảo hộ mở rộng tới toàn bộ đồng minh. Tạo Khiên cho toàn bộ đồng minh bằng 8% Phòng Thủ của Seren + 5% HP tối đa của Seren, tồn tại 2 lượt.
HEADING_2	39689	Tuyệt Kỹ — Stay Together
NORMAL_TEXT	39714	Năng Lượng yêu cầu: 120.
NORMAL_TEXT	39739	Seren nâng khiên vòng lên cao, nhiều lớp bảo hộ đồng tâm lan ra và bao phủ toàn đội. Tạo Khiên cho toàn bộ đồng minh bằng 14% Phòng Thủ của Seren + 7% HP tối đa của Seren, tồn tại 2 lượt. Nếu đồng minh đã có Khiên, thay vì cộng dồn Khiên sẽ làm mới thời gian và giữ lại giá trị Khiên cao hơn.
HEADING_2	40034	Thiên Phú — Shared Burden
NORMAL_TEXT	40060	Mỗi khi một đồng minh có Khiên bị tấn công, Seren nhận 1 tầng ‘Sức Nén’. Khi đạt 5 tầng, phục hồi Khiên cho toàn bộ đồng minh đang có Khiên bằng 5% HP tối đa của Seren đồng thời cung cấp cho toàn bộ đồng minh 20% Tấn Công, không vượt quá 20% Phòng Thủ của Seren và xóa toàn bộ ‘Sức Nén’. Hiệu ứng tối đa kích hoạt 1 lần giữa hai lượt của Seren.
HEADING_2	40406	Đột Phá
NORMAL_TEXT	40414	Mốc 1: Khi bắt đầu trận, tạo Khiên cho toàn bộ đồng minh bằng 4% HP tối đa của Seren trong 1 lượt.
NORMAL_TEXT	40513	Mốc 2: Khi Shared Burden phục hồi Khiên, Seren hồi 4 Năng Lượng.
NORMAL_TEXT	40578	Mốc 3: Đồng minh có Khiên do Seren tạo nhận giảm 6% sát thương phải chịu.
NORMAL_TEXT	40652	Mốc phụ: 12% HP, 12% Phòng Thủ, 6 Tốc Độ
HEADING_2	40693	Vận Mệnh
NORMAL_TEXT	40702	Vận Mệnh 1: Giá trị Khiên do Common Ground tạo tăng 10%.
NORMAL_TEXT	40759	Vận Mệnh 2: Shared Burden cần 4 tầng ‘Sức Nén’ để kích hoạt thay vì 5 tầng.
NORMAL_TEXT	40835	Vận Mệnh 3: Cấp Chiến Kỹ +2. Cấp Tấn Công Thường +1.
NORMAL_TEXT	40888	Vận Mệnh 4: Đồng minh nhận khiên từ Seren tăng 10% Tốc ĐộVận Mệnh 5: Cấp Tuyệt Kỹ +2. Cấp Thiên Phú +2.
NORMAL_TEXT	40993	Vận Mệnh 6: Khi Shared Burden kích hoạt, lượng phục hồi Khiên tăng thêm 50% và buff Tấn Công của hiệu ứng kéo dài thêm 1 lượt.
NORMAL_TEXT	41121	Tóm tắt kit: shielder toàn đội, duy trì lớp bảo hộ ổn định qua việc tự phục hồi Khiên khi đồng minh liên tục bị tấn công.
NORMAL_TEXT	41244	—------------------------------------------------------------------------------------------------------------------------
HEADING_1	41366	14. Nhân vật — Avery
NORMAL_TEXT	41387	Độ hiếm: 4★
NORMAL_TEXT	41399	Aspect: Caduceus
NORMAL_TEXT	41416	Nguyên tố: Thuỷ
NORMAL_TEXT	41432	Giới tính: Nữ
NORMAL_TEXT	41446	Vũ khí: Trượng y thuật
NORMAL_TEXT	41469	Chỉ số cơ bản Lv1: HP 144 | Tấn Công 60 | Phòng Thủ 66 | Tốc Độ 108
NORMAL_TEXT	41537	Chỉ số cơ bản Lv60: HP 1058 | Tấn Công 441 | Phòng Thủ 485 | Tốc Độ 108
HEADING_2	41610	Tấn Công Thường — Clear Drop
NORMAL_TEXT	41639	Avery vung trượng ngang, bắn một giọt nước cô đặc về phía kẻ địch. Gây Sát Thương Thuỷ bằng 65% Tấn Công lên một kẻ địch.
NORMAL_TEXT	41761	Hồi 1 Điểm Planck.
HEADING_2	41782	Chiến Kỹ — Immediate Care
NORMAL_TEXT	41808	Tiêu hao 1 Điểm Planck.
NORMAL_TEXT	41832	Avery chạm đầu trượng xuống đất rồi kéo một dòng nước sáng bao quanh đồng minh được chọn. Hồi HP cho một đồng minh bằng 14% HP tối đa của Avery + 180. Nếu HP hiện tại của mục tiêu dưới 50%, lượng hồi phục tăng 25%.
HEADING_2	42049	Tuyệt Kỹ — All Hands
NORMAL_TEXT	42070	Năng Lượng yêu cầu: 115.
NORMAL_TEXT	42095	Avery dựng trượng trước người, một vòng nước sáng mở rộng dưới chân toàn đội rồi dâng lên thành những tia hồi phục. Hồi HP cho toàn bộ đồng minh bằng 9% HP tối đa của Avery + 120. Đồng minh có HP dưới 50% nhận thêm một lần hồi phục bằng 3% HP tối đa của Avery.
HEADING_2	42358	Thiên Phú — Don’t Wait
NORMAL_TEXT	42381	Khi một đồng minh lần đầu giảm xuống dưới 35% HP trong mỗi trận, Avery lập tức hồi HP cho mục tiêu đó bằng 6% HP tối đa của Avery + 80. Hiệu ứng này chỉ kích hoạt 1 lần trên mỗi đồng minh trong trận.
HEADING_2	42582	Đột Phá
NORMAL_TEXT	42590	Mốc 1: Chiến Kỹ tăng thêm 10% lượng hồi phục cho mục tiêu có HP dưới 50%.
NORMAL_TEXT	42664	Mốc 2: Sau khi thi triển Tuyệt Kỹ, đồng minh có HP thấp nhất nhận thêm 8% Phòng Thủ trong 2 lượt.
NORMAL_TEXT	42762	Mốc 3: Don’t Wait có thể kích hoạt lần thứ hai trên mỗi đồng minh sau khi Avery sử dụng Tuyệt Kỹ 2 lần.
NORMAL_TEXT	42866	Mốc phụ: 18% HP, 10% Phòng Thủ, 6 Tốc Độ
HEADING_2	42907	Vận Mệnh
NORMAL_TEXT	42916	Vận Mệnh 1: Immediate Care và All Hands giúp giải hiệu ứng xấuVận Mệnh 2: Khi Immediate Care hồi HP cho mục tiêu dưới 50% HP, Avery hồi thêm 5 Năng Lượng và tăng 10% Lượng Trị Liệu của Avery trong 2 lượt.
NORMAL_TEXT	43122	Vận Mệnh 3: Cấp Chiến Kỹ +2. Cấp Tấn Công Thường +1.
NORMAL_TEXT	43175	Vận Mệnh 4: Sau khi thi triển All Hands, đồng minh có năng lượng thấp nhất đội hồi 5 năng lượng
NORMAL_TEXT	43271	Vận Mệnh 5: Cấp Tuyệt Kỹ +2. Cấp Thiên Phú +2.
NORMAL_TEXT	43318	Vận Mệnh 6: Khi Don’t Wait kích hoạt, đồng minh được hồi phục đồng thời nhận giảm 15% sát thương phải chịu trong 1 lượt.
NORMAL_TEXT	43440	Tóm tắt kit: healer hồi phục tức thời, mạnh khi cứu đồng minh đang thấp HP và phù hợp với đội hình cần khả năng hồi máu khẩn cấp.
NORMAL_TEXT	43571	—------------------------------------------------------------------------------------------------------------------------
HEADING_1	43693	15. Nhân vật — Tomas
NORMAL_TEXT	43714	Độ hiếm: 4★
NORMAL_TEXT	43726	Aspect: Caduceus
NORMAL_TEXT	43743	Nguyên tố: Phong
NORMAL_TEXT	43760	Giới tính: Nam
NORMAL_TEXT	43775	Vũ khí: Đèn lồng pháp cụ
NORMAL_TEXT	43800	Chỉ số cơ bản Lv1: HP 138 | Tấn Công 62 | Phòng Thủ 68 | Tốc Độ 107
NORMAL_TEXT	43868	Chỉ số cơ bản Lv60: HP 1014 | Tấn Công 456 | Phòng Thủ 500 | Tốc Độ 107
HEADING_2	43941	Tấn Công Thường — Soft Passage
NORMAL_TEXT	43972	Tomas xoay nhẹ đèn lồng, phóng một luồng gió mảnh về phía mục tiêu. Gây Sát Thương Phong bằng 65% Tấn Công lên một kẻ địch.
NORMAL_TEXT	44096	Hồi 1 Điểm Planck.
HEADING_2	44117	Chiến Kỹ — Keep Breathing
NORMAL_TEXT	44143	Tiêu hao 1 Điểm Planck.
NORMAL_TEXT	44167	Tomas đưa đèn lồng về phía đồng minh, thả ra một luồng sáng mềm quấn quanh mục tiêu và lưu lại bên họ. Áp dụng ‘Dưỡng Hộ’ cho một đồng minh trong 3 lượt. Khi mục tiêu bắt đầu lượt, hồi HP bằng 6% HP tối đa của Tomas + 70.
HEADING_2	44391	Tuyệt Kỹ — Second Wind
NORMAL_TEXT	44414	Năng Lượng yêu cầu: 110.
NORMAL_TEXT	44439	Tomas nâng đèn lồng lên cao, ánh sáng từ pháp cụ lan qua các đồng minh rồi dịu xuống như một nhịp thở sâu. Lập tức kích hoạt một lần hồi phục của tất cả hiệu ứng ‘Dưỡng Hộ’ đang tồn tại, sau đó kéo dài thời gian ‘Dưỡng Hộ’ trên các mục tiêu đó thêm 1 lượt. Nếu không có ‘Dưỡng Hộ’ nào tồn tại, hồi HP cho toàn bộ đồng minh bằng 5% HP tối đa của Tomas + 80.
HEADING_2	44798	Thiên Phú — Long Recovery
NORMAL_TEXT	44824	Mỗi khi ‘Dưỡng Hộ’ hồi HP cho một đồng minh, mục tiêu nhận 1 tầng ‘Ổn Định’ trong 2 lượt, mỗi tầng tăng 3% Phòng Thủ, cộng dồn tối đa 3 tầng. Khi ‘Dưỡng Hộ’ hết hiệu lực, ‘Ổn Định’ không bị xóa ngay và vẫn tồn tại hết thời gian còn lại.
HEADING_2	45062	Đột Phá
NORMAL_TEXT	45070	Mốc 1: Khi dùng Chiến Kỹ lên đồng minh chưa có ‘Dưỡng Hộ’, hồi ngay HP bằng 3% HP tối đa của Tomas + 40. Chiến Kỹ và Tuyệt Kỹ bây giờ có thể giải hiệu ứng xấu
NORMAL_TEXT	45229	Mốc 2: Giới hạn ‘Ổn Định’ tăng từ 3 lên 4 tầng.
NORMAL_TEXT	45277	Mốc 3: Khi Tuyệt Kỹ kích hoạt hồi phục của ít nhất 3 hiệu ứng ‘Dưỡng Hộ’, Tomas hồi 1 Điểm Planck.
NORMAL_TEXT	45376	Mốc phụ: 18% HP, 10% Phòng Thủ, 6 Tốc Độ
HEADING_2	45417	Vận Mệnh
NORMAL_TEXT	45426	Vận Mệnh 1: ‘Dưỡng Hộ’ tăng lượng hồi phục mỗi lượt thêm 12%.
NORMAL_TEXT	45488	Vận Mệnh 2: Khi ‘Dưỡng Hộ’ hồi HP cho mục tiêu đang dưới 50% HP, mục tiêu nhận thêm 1 tầng ‘Ổn Định’.
NORMAL_TEXT	45590	Vận Mệnh 3: Cấp Chiến Kỹ +2. Cấp Tấn Công Thường +1.
NORMAL_TEXT	45643	Vận Mệnh 4: Mỗi khi đồng minh phe ta gây sát thương, gây thêm sát thương bằng 8% HP tối đa của Tomas. Sát thương này không thể Chí Mạng
NORMAL_TEXT	45779	Vận Mệnh 5: Cấp Tuyệt Kỹ +2. Cấp Thiên Phú +2.
NORMAL_TEXT	45826	Vận Mệnh 6: Second Wind kích hoạt hai lần hồi phục của ‘Dưỡng Hộ’ đang tồn tại; lần thứ hai chỉ có 50% hiệu quả hồi phục.
NORMAL_TEXT	45949	Tóm tắt kit: healer hồi phục theo thời gian, duy trì HP và Phòng Thủ ổn định cho đội hình trong những trận kéo dài.
NORMAL_TEXT	46065	KHẢI HOÀN THẦN TÍNH:+ Mỗi lần Tomas hồi phục cho đồng minh trong trận, tăng vĩnh viễn 1% HP tối đa của đồng đội đó , hiệu ứng này có thể cộng dồn tối đa 25 lần. Hiệu ứng này chỉ tồn tại trong trận.
NORMAL_TEXT	46267	—------------------------------------------------------------------------------------------------------------------------
HEADING_1	46389	16. Nhân vật — Veylen
NORMAL_TEXT	46411	Độ hiếm: 5★
NORMAL_TEXT	46423	Aspect: Gungnir
NORMAL_TEXT	46439	Nguyên tố: Lôi
NORMAL_TEXT	46454	Giới tính: Nam
NORMAL_TEXT	46469	Vũ khí: Kiếm xích
NORMAL_TEXT	46487	Chỉ số cơ bản Lv1: HP 150 | Tấn Công 92 | Phòng Thủ 66 | Tốc Độ 104
NORMAL_TEXT	46555	Chỉ số cơ bản Lv60: HP 1103 | Tấn Công 676 | Phòng Thủ 485 | Tốc Độ 104
HEADING_2	46628	Tấn Công Thường — Return Stroke
NORMAL_TEXT	46660	Veylen quật kiếm xích theo một đường vòng rồi kéo lưỡi kiếm trở lại tay. Gây Sát Thương Lôi bằng 100% Tấn Công lên một kẻ địch.
NORMAL_TEXT	46788	Hồi 1 Điểm Planck.
HEADING_2	46808	Chiến Kỹ — Chain Vector
NORMAL_TEXT	46832	Tiêu hao 1 Điểm Planck.
NORMAL_TEXT	46856	Veylen phóng lưỡi kiếm xích xuyên thẳng vào mục tiêu rồi giật mạnh trở lại. Gây Sát Thương Lôi bằng 215% Tấn Công lên một kẻ địch và nhận 1 tầng ‘Phản Hồi’, cộng dồn tối đa 4 tầng.
NORMAL_TEXT	47037	Khi Veylen có từ 2 tầng ‘Phản Hồi’ trở lên, Chiến Kỹ được cường hóa thành Chain Vector: Rebound.
HEADING_2	47135	Chain Vector: Rebound
NORMAL_TEXT	47157	Veylen liên tục kéo lưỡi kiếm bật qua lại giữa bản thân và mục tiêu. Gây Sát Thương Lôi bằng 220% Tấn Công lên một kẻ địch, sau đó gây thêm 55% Tấn Công cho mỗi tầng ‘Phản Hồi’ đang có. Toàn bộ phần sát thương đều tác động lên cùng mục tiêu.
NORMAL_TEXT	47399	Sau khi sử dụng, xóa toàn bộ ‘Phản Hồi’.
HEADING_2	47441	Tuyệt Kỹ — Closed Circuit
NORMAL_TEXT	47467	Năng Lượng yêu cầu: 125.
NORMAL_TEXT	47492	Veylen cắm lưỡi kiếm xuống đất, kéo căng toàn bộ dây xích rồi phóng điện dọc theo quỹ đạo khép kín trước khi giật mục tiêu về điểm va chạm cuối. Gây Sát Thương Lôi bằng 330% Tấn Công lên một kẻ địch và nhận ngay 2 tầng ‘Phản Hồi’.
HEADING_2	47724	Thiên Phú — Backflow
NORMAL_TEXT	47745	Mỗi tầng ‘Phản Hồi’ tăng 5% sát thương Chiến Kỹ và 4% sát thương Tuyệt Kỹ của Veylen. Hiệu ứng được tính trước khi Chain Vector: Rebound xóa tầng.
HEADING_2	47893	Đột Phá
NORMAL_TEXT	47901	Mốc 1: Khi Chain Vector: Rebound tiêu hao ít nhất 3 tầng ‘Phản Hồi’, tăng 12% %Chí Mạng cho đòn đánh đó.
NORMAL_TEXT	48006	Mốc 2: Sau khi sử dụng Tuyệt Kỹ, Chiến Kỹ kế tiếp gây thêm 15% sát thương.
NORMAL_TEXT	48081	Mốc 3: Khi Chain Vector: Rebound gây Chí Mạng, Veylen hồi 8 Năng Lượng.
NORMAL_TEXT	48153	Mốc phụ: 10,4% %Chí Mạng, 12% Tấn Công, 7,8% Sát Thương Nguyên Tố Lôi
HEADING_2	48224	Vận Mệnh
NORMAL_TEXT	48233	Vận Mệnh 1: Giới hạn ‘Phản Hồi’ tăng từ 4 lên 5 tầng.
NORMAL_TEXT	48287	Vận Mệnh 2: Mỗi tầng ‘Phản Hồi’ gây tăng thêm 3% sát thương chuẩn CHO TOÀN BỘ KẺ ĐỊCHVận Mệnh 3: Cấp Chiến Kỹ +2. Cấp Tấn Công Thường +1.
NORMAL_TEXT	48426	Vận Mệnh 4: Cứ mỗi 2 lần thi triển Chain Vector, hồi thêm 1 tầng ‘Phản Hồi’
NORMAL_TEXT	48502	Vận Mệnh 5: Cấp Tuyệt Kỹ +2. Cấp Thiên Phú +2.
NORMAL_TEXT	48549	Vận Mệnh 6: Sau khi sử dụng Closed Circuit, Chain Vector: Rebound kế tiếp không xóa 2 tầng ‘Phản Hồi’ đầu tiên.
NORMAL_TEXT	48662	Tóm tắt kit: Main DPS đơn mục tiêu, tích ‘Phản Hồi’ bằng Chiến Kỹ và Tuyệt Kỹ rồi chuyển số tầng thành chuỗi sát thương nảy bật trên cùng một mục tiêu.
NORMAL_TEXT	48814	KHẢI HOÀN THẦN TÍNH: + Mỗi khi đồng đội thi triển đòn đánh theo sau, nhận ngay 1 tầng “Phản Hồi”+Khi số tầng “Phản Hồi” đạt tối đa, ưu tiên hành động 75%+ Mỗi khi đồng đội tấn công kẻ địch sẽ gây thêm 1 lượng Sát thương Lôi bằng 100% Tấn Công của Veylen, tối đa 3 lần giữa hai lượt của Veylen. Sát thương này có thể chí mạng và được hưởng từ chỉ số của Veylen. Hiệu ứng này không áp dụng cho đòn đánh theo sau.
NORMAL_TEXT	49231	—------------------------------------------------------------------------------------------------------------------------
HEADING_1	49353	17. Nhân vật — Seraphine
NORMAL_TEXT	49378	Độ hiếm: 5★
NORMAL_TEXT	49390	Aspect: Trishula
NORMAL_TEXT	49407	Nguyên tố: Băng
NORMAL_TEXT	49423	Giới tính: Nữ
NORMAL_TEXT	49437	Vũ khí: Song kiếm mảnh
NORMAL_TEXT	49460	Chỉ số cơ bản Lv1: HP 146 | Tấn Công 95 | Phòng Thủ 62 | Tốc Độ 110
NORMAL_TEXT	49528	Chỉ số cơ bản Lv60: HP 1073 | Tấn Công 698 | Phòng Thủ 456 | Tốc Độ 110
HEADING_2	49601	Tấn Công Thường — Thin Line
NORMAL_TEXT	49629	Seraphine bước lướt qua mục tiêu và rút một đường kiếm mảnh ngang thân đối phương. Gây Sát Thương Băng bằng 85% Tấn Công lên một kẻ địch.
NORMAL_TEXT	49767	Hồi 1 Điểm Planck.
HEADING_2	49787	Chiến Kỹ — Threefold Cue
NORMAL_TEXT	49812	Tiêu hao 1 Điểm Planck.
NORMAL_TEXT	49836	Seraphine đan chéo hai lưỡi kiếm rồi tung ba đường cắt liên tiếp. Gây Sát Thương Băng bằng 145% Tấn Công lên mục tiêu chính và 80% Tấn Công lên tối đa 2 mục tiêu lân cận, đồng thời đặt ‘Nhịp Điệu’ lên các mục tiêu trúng đòn trong 2 lượt, tối đa cộng dồn 2 lần
HEADING_2	50097	Tuyệt Kỹ — Curtain Call
NORMAL_TEXT	50121	Năng Lượng yêu cầu: 120.
NORMAL_TEXT	50146	Seraphine biến mất khỏi vị trí rồi tái xuất giữa ba đường kiếm giao nhau. Gây Sát Thương Băng bằng 190% Tấn Công lên mục tiêu chính và 105% Tấn Công lên tối đa 2 mục tiêu lân cận. Sau khi sử dụng, Seraphine nhận ‘Dư Âm’ trong 2 lượt; khi có ‘Dư Âm’, sát thương Đòn Đánh Theo Sau tăng 25%.
HEADING_2	50436	Thiên Phú — Answering Blade
NORMAL_TEXT	50464	Sau khi một đồng minh khác gây sát thương lên kẻ địch có ‘Nhịp Điệu’, Seraphine lập tức thực hiện Đòn Đánh Theo Sau lên tối đa 3 mục tiêu có ‘Nhịp Điệu’, gây Sát Thương Băng bằng 95% Tấn Công lên mỗi mục tiêu.Sau khi Đòn Đánh Theo Sau kích hoạt, xoá 1 tầng ‘Nhịp Điệu’ của kẻ địch bị trúng đòn
HEADING_2	50759	Đột Phá
NORMAL_TEXT	50767	Mốc 1: Đòn Đánh Theo Sau tăng 10% %Chí Mạng.
NORMAL_TEXT	50812	Mốc 2: Khi Đòn Đánh Theo Sau đánh trúng đủ 3 mục tiêu, Seraphine hồi 4 Năng Lượng.
NORMAL_TEXT	50895	Mốc 3: Khi đang có ‘Dư Âm’, bội số sát thương đòn đánh theo sau tăng 20%
NORMAL_TEXT	50968	Mốc phụ: 10,4% %Chí Mạng, 12% Sát Thương Chí Mạng, 7,8% Sát Thương Nguyên Tố Băng
HEADING_2	51051	Vận Mệnh
NORMAL_TEXT	51060	Vận Mệnh 1: Hệ số Đòn Đánh Theo Sau của Answering Blade tăng từ 95% lên 110% Tấn Công.
NORMAL_TEXT	51147	Vận Mệnh 2: Khi một mục tiêu có ‘Nhịp Điệu’ bị phá Khiên, Seraphine lập tức thực hiện một Đòn Đánh Theo Sau nhưng duy nhất mục tiêu phá khiên đó nhận sát thươngVận Mệnh 3: Cấp Chiến Kỹ +2. Cấp Tấn Công Thường +1.
NORMAL_TEXT	51361	Vận Mệnh 4: Mỗi khi Seraphine gây đủ 6 lần đòn đánh theo sau, Ưu Tiên Hành Động 50%Vận Mệnh 5: Cấp Tuyệt Kỹ +2. Cấp Thiên Phú +2.
NORMAL_TEXT	51492	Vận Mệnh 6: Trong khi có ‘Dư Âm’, Answering Blade gây thêm 30% sát thương lên mục tiêu chính của Đòn Đánh Theo Sau.
NORMAL_TEXT	51608	Tóm tắt kit: DPS Trishula có nguồn sát thương chính từ Đòn Đánh Theo Sau, dùng ‘Dấu Nhịp’ để biến hành động của đồng đội thành các lần phản công ba mục tiêu liên tục.KHẢI HOÀN THẦN TÍNH: + Khi trong đội chỉ chứa nhân vật hệ Băng hoặc Lôi, mỗi khi đồng minh gây sát thương lên kẻ địch dù có “Nhịp Điệu” hay không, Seraphine lập tức thi triển một đòn đánh theo sau, tối đa 6 lần giữa hai lượt của cô ấy. + Giờ đây khi Seraphine thi triển đòn đánh theo sau vào kẻ địch có “Nhịp Điệu” sẽ không bị xoá số tầng + Giới hạn số tầng “Nhịp Điệu” áp dụng lên kẻ địch tăng lên 10 tầng. Với mỗi tầng “Nhịp Điệu” áp dụng lên kẻ địch, giảm tương ứng 3% Kháng Lôi/Băng, tối đa 30% và tăng tương ứng 5% Tốc Độ của Seraphine, tối đa 50%. 
NORMAL_TEXT	52335	—------------------------------------------------------------------------------------------------------------------------
HEADING_1	52457	18. Nhân vật — Orsen
NORMAL_TEXT	52478	Độ hiếm: 5★
NORMAL_TEXT	52490	Aspect: Mjolnir
NORMAL_TEXT	52506	Nguyên tố: Hoả
NORMAL_TEXT	52521	Giới tính: Nam
NORMAL_TEXT	52536	Vũ khí: Pháo trụ gấp
NORMAL_TEXT	52557	Chỉ số cơ bản Lv1: HP 154 | Tấn Công 88 | Phòng Thủ 70 | Tốc Độ 102
NORMAL_TEXT	52625	Chỉ số cơ bản Lv60: HP 1132 | Tấn Công 647 | Phòng Thủ 515 | Tốc Độ 102
HEADING_2	52698	Tấn Công Thường — Primer Round
NORMAL_TEXT	52729	Orsen bật khóa pháo và bắn một viên đạn nén thẳng vào mục tiêu. Gây Sát Thương Hoả bằng 80% Tấn Công lên một kẻ địch.
NORMAL_TEXT	52847	Hồi 1 Điểm Planck.
HEADING_2	52867	Chiến Kỹ — Loading Cycle
NORMAL_TEXT	52892	Tiêu hao 1 Điểm Planck.
NORMAL_TEXT	52916	Orsen mở hai giá đỡ của pháo trụ và bắn một loạt đạn thấp quét chiến trường. Gây Sát Thương Hoả bằng 105% Tấn Công lên toàn bộ kẻ địch và nhận 1 tầng ‘Nạp Buồng’, cộng dồn tối đa 3 tầng.
HEADING_2	53104	Tuyệt Kỹ — Overhead Salvo
NORMAL_TEXT	53130	Năng Lượng yêu cầu: 130.
NORMAL_TEXT	53155	Orsen khóa pháo trụ xuống mặt đất, dựng nòng pháo lên cao rồi khai hỏa một loạt đạn rơi phủ toàn chiến trường. Gây Sát Thương Hoả bằng 210% Tấn Công lên toàn bộ kẻ địch. Mỗi tầng ‘Nạp Buồng’ tiêu hao khi kích hoạt Tuyệt Kỹ tăng thêm 18% sát thương của đòn này.
NORMAL_TEXT	53416	Sau khi sử dụng, xóa toàn bộ ‘Nạp Buồng’.
HEADING_2	53459	Thiên Phú — Reserve Chamber
NORMAL_TEXT	53487	Mỗi khi Orsen sử dụng Chiến Kỹ, ngoài nhận ‘Nạp Buồng’ còn hồi 5 Năng Lượng. Khi có đủ 3 tầng ‘Nạp Buồng’, lượng Năng Lượng nhận từ hiệu ứng này tăng thêm 3.
HEADING_2	53646	Đột Phá
NORMAL_TEXT	53654	Mốc 1: Khi Overhead Salvo tiêu hao đủ 3 tầng ‘Nạp Buồng’, tăng 12% %Chí Mạng cho Tuyệt Kỹ đó.
NORMAL_TEXT	53748	Mốc 2: Sau khi sử dụng Tuyệt Kỹ, Orsen nhận lại 1 tầng ‘Nạp Buồng’.
NORMAL_TEXT	53816	Mốc 3: Chiến Kỹ gây thêm 10% sát thương nếu trên sân có ít nhất 4 kẻ địch.
NORMAL_TEXT	53891	Mốc phụ: 10,4% %Chí Mạng, 12% Tấn Công, 7,8% Sát Thương Nguyên Tố Hoả
HEADING_2	53962	Vận Mệnh
NORMAL_TEXT	53971	Vận Mệnh 1: Giới hạn số tầng ‘Nạp Buồng’ tăng từ 3 lên 4 . Cứ mỗi 2 lượt hành động của đồng minh nhận 1 tầng ‘Nạp Buồng’ , tối đa nhận 2 tầng. Làm mới khi Orsen bắt đầu lượt mớiVận Mệnh 2: Khi Overhead Salvo đánh trúng ít nhất 4 kẻ địch, Orsen hồi 10 Năng Lượng.
NORMAL_TEXT	54235	Vận Mệnh 3: Cấp Chiến Kỹ +2. Cấp Tấn Công Thường +1.
NORMAL_TEXT	54288	Vận Mệnh 4: Khi có đủ 3 tầng ‘Nạp Buồng’, Orsen tăng 18% Tấn Công.
NORMAL_TEXT	54355	Vận Mệnh 5: Cấp Tuyệt Kỹ +2. Cấp Thiên Phú +2.
NORMAL_TEXT	54402	Vận Mệnh 6: Sau khi sử dụng Overhead Salvo với đủ 3 tầng ‘Nạp Buồng’, Chiến Kỹ kế tiếp không tiêu hao Điểm Planck và nhận thêm 1 tầng ‘Nạp Buồng’.
NORMAL_TEXT	54549	Tóm tắt kit: AoE DPS có phần lớn sát thương nằm ở Tuyệt Kỹ; Chiến Kỹ chủ yếu tích ‘Nạp Buồng’ và hỗ trợ vòng xoay Năng Lượng cho lần bắn lớn tiếp theo.
NORMAL_TEXT	54702	—------------------------------------------------------------------------------------------------------------------------
HEADING_1	54824	19. Nhân vật — Maelis
NORMAL_TEXT	54846	Độ hiếm: 5★
NORMAL_TEXT	54858	Aspect: Pandora
NORMAL_TEXT	54874	Nguyên tố: Nham
NORMAL_TEXT	54890	Giới tính: Nữ
NORMAL_TEXT	54904	Vũ khí: Quyển ấn phù
NORMAL_TEXT	54925	Chỉ số cơ bản Lv1: HP 158 | Tấn Công 74 | Phòng Thủ 78 | Tốc Độ 109
NORMAL_TEXT	54993	Chỉ số cơ bản Lv60: HP 1161 | Tấn Công 544 | Phòng Thủ 574 | Tốc Độ 109
HEADING_2	55066	Tấn Công Thường — Margin Note
NORMAL_TEXT	55096	Maelis rút một mảnh phù từ quyển ấn và phóng thẳng vào mục tiêu. Gây Sát Thương Nham bằng 70% Tấn Công lên một kẻ địch.
NORMAL_TEXT	55216	Hồi 1 Điểm Planck.
HEADING_2	55236	Chiến Kỹ — Open Clause
NORMAL_TEXT	55259	Tiêu hao 1 Điểm Planck.
NORMAL_TEXT	55283	Maelis mở quyển ấn phù, kéo một ký hiệu đen khỏi trang giấy rồi đóng dấu lên mục tiêu. Gây Sát Thương Nham bằng 95% Tấn Công lên một kẻ địch và có 100% tỷ lệ cơ bản áp dụng ‘Khai Khoản’ trong 2 lượt. Kẻ địch có ‘Khai Khoản’ tăng 18% sát thương phải nhận.
NORMAL_TEXT	55538	Chỉ có thể tồn tại 1 mục tiêu mang ‘Khai Khoản’ do Maelis tạo.
HEADING_2	55602	Tuyệt Kỹ — Public Record
NORMAL_TEXT	55627	Năng Lượng yêu cầu: 120.
NORMAL_TEXT	55652	Maelis mở toàn bộ quyển ấn, khiến các ký hiệu tách khỏi trang và phủ lên đội hình địch. Gây Sát Thương Nham bằng 80% Tấn Công lên toàn bộ kẻ địch và có 100% tỷ lệ cơ bản áp dụng ‘Biên Chú’ trong 2 lượt. ‘Biên Chú’ khiến mục tiêu tăng 8% sát thương phải nhận.
NORMAL_TEXT	55911	Nếu mục tiêu đang có ‘Khai Khoản’, hiệu ứng tăng sát thương phải nhận từ ‘Biên Chú’ tăng lên 12%.
HEADING_2	56010	Thiên Phú — Fine Print
NORMAL_TEXT	56033	Khi đồng minh gây sát thương lên kẻ địch đang đồng thời có ‘Khai Khoản’ và ‘Biên Chú’, Maelis nhận 1 tầng ‘Đối Chiếu’. Khi đạt 4 tầng, kéo dài ‘Khai Khoản’ trên mục tiêu thêm 1 lượt và xóa toàn bộ ‘Đối Chiếu’. Hiệu ứng tối đa kích hoạt 1 lần giữa hai lượt của Maelis.
HEADING_2	56302	Đột Phá
NORMAL_TEXT	56310	Mốc 1: Khi bắt đầu trận, Maelis có 100% tỷ lệ cơ bản áp dụng ‘Biên Chú’ lên kẻ địch có HP cao nhất trong 1 lượt.
NORMAL_TEXT	56423	Mốc 2: Kẻ địch có ‘Khai Khoản’ giảm 10% Kháng Hiệu Ứng.
NORMAL_TEXT	56479	Mốc 3: Khi ‘Đối Chiếu’ kích hoạt, Maelis hồi 6 Năng Lượng.
NORMAL_TEXT	56538	Mốc phụ: 18% %Chính Xác Hiệu Ứng, 8 Tốc Độ, 12% HP
HEADING_2	56590	Vận Mệnh
NORMAL_TEXT	56599	Vận Mệnh 1: Khi Maelis ở trong trận, toàn bộ kẻ địch trên sân giảm 10% Kháng Hiệu Ứng, 10% Kháng Nguyên Tố
NORMAL_TEXT	56706	Vận Mệnh 2: Khi Maelis sử dụng Tuyệt Kỹ, ‘Biên Chú’ đồng thời làm giảm 8% Phòng Thủ của mục tiêu.
NORMAL_TEXT	56804	Vận Mệnh 3: Cấp Chiến Kỹ +2. Cấp Tấn Công Thường +1.
NORMAL_TEXT	56857	Vận Mệnh 4: Khi trên sân có kẻ địch đồng thời mang ‘Khai Khoản’ và ‘Biên Chú’, toàn bộ đồng minh tăng 10% Tấn Công.
NORMAL_TEXT	56973	Vận Mệnh 5: Cấp Tuyệt Kỹ +2. Cấp Thiên Phú +2.
NORMAL_TEXT	57020	Vận Mệnh 6: Đồng minh gây sát thương lên kẻ địch có ‘Khai Khoản’ tăng 12% Sát Thương Chí Mạng; nếu mục tiêu đồng thời có ‘Biên Chú’, tăng thêm 8% Sát Thương Chí Mạng.
NORMAL_TEXT	57188	Tóm tắt kit: Pandora 5★ chuyên tăng sát thương kẻ địch phải nhận; Vận Mệnh dần chuyển Maelis từ debuffer thuần sang nguồn buff trực tiếp cho toàn đội.
NORMAL_TEXT	57340	—------------------------------------------------------------------------------------------------------------------------
HEADING_1	57462	20. Nhân vật — Sol
NORMAL_TEXT	57481	Độ hiếm: 5★
NORMAL_TEXT	57493	Aspect: Keraunos
NORMAL_TEXT	57510	Nguyên tố: Phong
NORMAL_TEXT	57527	Giới tính: Nam
NORMAL_TEXT	57542	Vũ khí: Đồng hồ thiên văn
NORMAL_TEXT	57568	Chỉ số cơ bản Lv1: HP 160 | Tấn Công 72 | Phòng Thủ 76 | Tốc Độ 112
NORMAL_TEXT	57636	Chỉ số cơ bản Lv60: HP 1176 | Tấn Công 529 | Phòng Thủ 559 | Tốc Độ 112
HEADING_2	57709	Tấn Công Thường — Small Orbit
NORMAL_TEXT	57739	Sol xoay vành đồng hồ thiên văn, phóng một mảnh quỹ đạo sáng về phía mục tiêu. Gây Sát Thương Phong bằng 70% Tấn Công lên một kẻ địch.
NORMAL_TEXT	57874	Hồi 1 Điểm Planck.
HEADING_2	57894	Chiến Kỹ — Borrowed Minute
NORMAL_TEXT	57921	Tiêu hao 1 Điểm Planck.
NORMAL_TEXT	57945	Sol chỉnh một vòng khắc trên đồng hồ rồi hướng nó về phía đồng minh được chọn. Hồi 3% Năng Lượng cho một đồng minh và tăng 20% sát thương gây ra của mục tiêu trong 2 lượt.
NORMAL_TEXT	58117	Không thể chọn Sol làm mục tiêu của hiệu ứng hồi Năng Lượng này.
HEADING_2	58183	Tuyệt Kỹ — Shared Horizon
NORMAL_TEXT	58209	Năng Lượng yêu cầu: 130.
NORMAL_TEXT	58234	Sol nâng đồng hồ thiên văn lên cao, nhiều vòng quỹ đạo mở rộng qua toàn đội. Hồi 10 Năng Lượng cho toàn bộ đồng minh khác và tăng 12% Tấn Công của toàn đội trong 2 lượt.
HEADING_2	58405	Thiên Phú — Carry Forward
NORMAL_TEXT	58431	Mỗi khi một đồng minh khác sử dụng Tuyệt Kỹ, Sol nhận 1 tầng ‘Dư Thời’, cộng dồn tối đa 3 tầng. Khi Sol sử dụng Chiến Kỹ, mỗi tầng ‘Dư Thời’ khiến mục tiêu Chiến Kỹ hồi thêm 1 Năng Lượng, sau đó xóa toàn bộ ‘Dư Thời’.
HEADING_2	58650	Đột Phá
NORMAL_TEXT	58658	Mốc 1: Đồng minh nhận Năng Lượng từ Chiến Kỹ của Sol tăng thêm 15% Tấn Công trong 2 lượt.
NORMAL_TEXT	58748	Mốc 2: Khi đồng minh được Sol hồi Năng Lượng sử dụng Tuyệt Kỹ trong vòng 2 lượt, Sol hồi 5 Năng Lượng.
NORMAL_TEXT	58851	Mốc 3: Shared Horizon khiến đồng minh có Năng Lượng hiện tại thấp hơn 50% giới hạn năng lượng hồi thêm 5 Năng Lượng.
NORMAL_TEXT	58968	Mốc phụ: 8 Tốc Độ, 12% HP, 4% %Hồi Năng Lượng
HEADING_2	59015	Vận Mệnh
NORMAL_TEXT	59024	Vận Mệnh 1: Chiến kỹ khiến đồng minh nhận thêm hiệu ứng ‘Thăng Tiến’ , Ưu Tiên Hành Động 25% . Ngay sau khi sử dụng Tuyệt Kĩ, lượt Chiến Kỹ tiếp theo không tiêu hao điểm Planck
NORMAL_TEXT	59201	Vận Mệnh 2: Giới hạn ‘Dư Thời’ tăng từ 3 lên 4 tầng.
NORMAL_TEXT	59254	Vận Mệnh 3: Cấp Chiến Kỹ +2. Cấp Tấn Công Thường +1.
NORMAL_TEXT	59307	Vận Mệnh 4: Sau khi Sol sử dụng Chiến Kỹ, Sol tăng 8 Tốc Độ trong 2 lượt.
NORMAL_TEXT	59381	Vận Mệnh 5: Cấp Tuyệt Kỹ +2. Cấp Thiên Phú +2.
NORMAL_TEXT	59428	Vận Mệnh 6: Khi Borrowed Minute tiêu hao ít nhất 3 tầng ‘Dư Thời’, mục tiêu đồng thời tăng 18% sát thương gây ra trong 2 lượt.
NORMAL_TEXT	59556	Tóm tắt kit: Keraunos chuyên hồi Năng Lượng cho đồng đội, cho phép rút ngắn chu kỳ Tuyệt Kỹ nhưng giữ giới hạn thông qua mục tiêu đơn, Năng Lượng yêu cầu cao và cơ chế ‘Dư Thời’.
NORMAL_TEXT	59736	—------------------------------------------------------------------------------------------------------------------------
HEADING_1	59858	21. Nhân vật — Rhydan
NORMAL_TEXT	59880	Độ hiếm: 5★
NORMAL_TEXT	59892	Aspect: Aegis
NORMAL_TEXT	59906	Nguyên tố: Băng
NORMAL_TEXT	59922	Giới tính: Nam
NORMAL_TEXT	59937	Vũ khí: Đại khiên gấp
NORMAL_TEXT	59959	Chỉ số cơ bản Lv1: HP 163 | Tấn Công 72 | Phòng Thủ 90 | Tốc Độ 104
NORMAL_TEXT	60027	Chỉ số cơ bản Lv60: HP 1198 | Tấn Công 529 | Phòng Thủ 654 | Tốc Độ 104
HEADING_2	60100	Tấn Công Thường — Brace Hit
NORMAL_TEXT	60128	Rhydan gập mép đại khiên và thúc mạnh vào mục tiêu phía trước. Gây Sát Thương Băng bằng 65% Tấn Công lên một kẻ địch.
NORMAL_TEXT	60246	Hồi 1 Điểm Planck.
HEADING_2	60266	Chiến Kỹ — Safe Radius
NORMAL_TEXT	60289	Tiêu hao 1 Điểm Planck.
NORMAL_TEXT	60313	Rhydan mở rộng đại khiên thành một tấm chắn lớn rồi khóa nó trước đội hình. Tạo Khiên cho toàn bộ đồng minh bằng 22% Phòng Thủ của Rhydan + 600, tồn tại 2 lượt.
HEADING_2	60475	Tuyệt Kỹ — No Passage
NORMAL_TEXT	60497	Năng Lượng yêu cầu: 125.
NORMAL_TEXT	60522	Rhydan dựng đại khiên xuống đất, các tấm giáp phụ bung ra và khép thành một tuyến phòng thủ trước toàn đội. Tạo Khiên cho toàn bộ đồng minh bằng 30% Phòng Thủ của Rhydan + 850, tồn tại 2 lượt, đồng thời có 100% tỷ lệ cơ bản áp dụng ‘Chùn Bước’ lên toàn bộ kẻ địch trong 2 lượt. Kẻ địch có ‘Chùn Bước’ giảm 12% sát thương gây ra.
HEADING_2	60852	Thiên Phú — Intercept Line
NORMAL_TEXT	60879	Khi một đồng minh có Khiên do Rhydan tạo nhận sát thương, Rhydan nhận 1 tầng ‘Chốt Giữ’, cộng dồn tối đa 5 tầng. Khi đạt 5 tầng, phục hồi Khiên cho toàn bộ đồng minh đang có Khiên do Rhydan tạo bằng 8% Phòng Thủ của Rhydan + 180 và xóa toàn bộ ‘Chốt Giữ’. Hiệu ứng tối đa kích hoạt 1 lần giữa hai lượt của Rhydan.
HEADING_2	61194	Đột Phá
NORMAL_TEXT	61202	Mốc 1: Đồng minh có Khiên do Rhydan tạo nhận giảm thêm 5% sát thương phải chịu khi HP dưới 50%.
NORMAL_TEXT	61298	Mốc 2: Khi ‘Chùn Bước’ được áp dụng thành công, Rhydan hồi 5 Năng Lượng.
NORMAL_TEXT	61371	Mốc 3: Khi Intercept Line phục hồi Khiên, kéo dài thời gian Khiên hiện tại thêm 1 lượt; tối đa 1 lần cho mỗi lớp Khiên.
NORMAL_TEXT	61491	Mốc phụ: 18% Phòng Thủ, 12% HP, 6 Tốc Độ
HEADING_2	61533	Vận Mệnh
NORMAL_TEXT	61542	Vận Mệnh 1: Khi đồng minh phe ta có Khiên bị kẻ địch tấn công, gây sát thương bằng 15% Khiên của đồng minh đó lên kẻ địch, sát thương này không thể chí mạng
NORMAL_TEXT	61699	Vận Mệnh 2: ‘Chùn Bước’ giảm sát thương gây ra từ 12% lên 16%.
NORMAL_TEXT	61762	Vận Mệnh 3: Cấp Chiến Kỹ +2. Cấp Tấn Công Thường +1.
NORMAL_TEXT	61815	Vận Mệnh 4: Khi toàn bộ đồng minh đang có Khiên do Rhydan tạo, Rhydan tăng 20% Phòng Thủ.
NORMAL_TEXT	61905	Vận Mệnh 5: Cấp Tuyệt Kỹ +2. Cấp Thiên Phú +2.
NORMAL_TEXT	61952	Vận Mệnh 6: Khi Intercept Line kích hoạt, lượng Khiên phục hồi tăng 50% và toàn bộ đồng minh nhận 15% Kháng Hiệu Ứng trong 2 lượt.
NORMAL_TEXT	62083	Tóm tắt kit: Aegis thuần bảo kê, duy trì Khiên dày cho toàn đội và dùng ‘Chùn Bước’ để giảm trực tiếp lượng sát thương kẻ địch có thể gây ra.
NORMAL_TEXT	62226	—------------------------------------------------------------------------------------------------------------------------
HEADING_1	62348	22. Nhân vật — Liora
NORMAL_TEXT	62369	Độ hiếm: 5★
NORMAL_TEXT	62381	Aspect: Caduceus
NORMAL_TEXT	62398	Nguyên tố: Thuỷ
NORMAL_TEXT	62414	Giới tính: Nữ
NORMAL_TEXT	62428	Vũ khí: Chuông thủy tinh
NORMAL_TEXT	62453	Chỉ số cơ bản Lv1: HP 163 | Tấn Công 72 | Phòng Thủ 82 | Tốc Độ 108
NORMAL_TEXT	62521	Chỉ số cơ bản Lv60: HP 1397 | Tấn Công 529 | Phòng Thủ 603 | Tốc Độ 108
HEADING_2	62594	Tấn Công Thường — Clear Chime
NORMAL_TEXT	62624	Liora rung nhẹ chuông thủy tinh, phóng một gợn nước sáng về phía mục tiêu. Gây Sát Thương Thuỷ bằng 65% Tấn Công lên một kẻ địch.
NORMAL_TEXT	62754	Hồi 1 Điểm Planck.
HEADING_2	62774	Chiến Kỹ — Gentle Return
NORMAL_TEXT	62799	Tiêu hao 1 Điểm Planck.
NORMAL_TEXT	62823	Liora áp chuông thủy tinh gần ngực rồi để một dòng nước sáng bao quanh đồng minh được chọn. Hồi HP cho một đồng minh bằng 18% HP tối đa của Liora + 260 và giải 1 hiệu ứng xấu cho mục tiêu.
HEADING_2	63013	Tuyệt Kỹ — Still Here
NORMAL_TEXT	63035	Năng Lượng yêu cầu: 125.
NORMAL_TEXT	63060	Liora nâng chuông lên cao, một màn nước trong suốt lan qua toàn bộ đội hình rồi vỡ thành những giọt sáng. Hồi HP cho toàn bộ đồng minh bằng 12% HP tối đa của Liora + 180 và áp dụng ‘Dưỡng Sinh’ trong 2 lượt. Khi đồng minh có ‘Dưỡng Sinh’ bắt đầu lượt, hồi thêm HP bằng 4% HP tối đa của Liora.
HEADING_2	63354	Thiên Phú — Aftercare
NORMAL_TEXT	63376	Khi Liora hồi HP cho đồng minh có HP dưới 50%, lượng hồi phục tăng 20%. Mỗi đồng minh chỉ có thể nhận hiệu quả tăng này 1 lần giữa hai lượt của Liora.
HEADING_2	63528	Đột Phá
NORMAL_TEXT	63536	Mốc 1: Gentle Return hồi thêm 4% HP tối đa của Liora cho mục tiêu có HP dưới 35%.
NORMAL_TEXT	63618	Mốc 2: Khi ‘Dưỡng Sinh’ hồi HP, mục tiêu nhận 8% Phòng Thủ trong 1 lượt.
NORMAL_TEXT	63691	Mốc 3: Sau khi Still Here hồi HP cho ít nhất 3 đồng minh đang dưới 50% HP, Liora hồi 10 Năng Lượng.
NORMAL_TEXT	63791	Mốc phụ: 18% HP, 10% Phòng Thủ, 6 Tốc Độ
HEADING_2	63833	Vận Mệnh
NORMAL_TEXT	63842	Vận Mệnh 1: Sau khi trị liệu cho đồng minh sẽ tích luỹ điểm ‘Từ Thiện’ bằng với lượng trị liệu của Liora, tối đa 18000 điểm. Sau khi đồng minh phe ta gây sát thương, với mỗi 1000 điểm ‘Từ Thiện’ gây thêm 1% Sát Thương Chuẩn, phần còn dư vẫn sẽ bị tiêu hao toàn bộ.
NORMAL_TEXT	64107	Vận Mệnh 2: Khi ‘Dưỡng Sinh’ hồi HP cho đồng minh dưới 50% HP, lượng hồi phục của lần đó tăng 25%.
NORMAL_TEXT	64206	Vận Mệnh 3: Cấp Chiến Kỹ +2. Cấp Tấn Công Thường +1.
NORMAL_TEXT	64259	Vận Mệnh 4: Khi Liora sử dụng Tuyệt Kỹ, Liora tăng 20% HP trong 2 lượt.
NORMAL_TEXT	64331	Vận Mệnh 5: Cấp Tuyệt Kỹ +2. Cấp Thiên Phú +2.
NORMAL_TEXT	64378	Vận Mệnh 6: Mỗi trận 1 lần, khi một đồng minh bị hạ gục, Liora lập tức hồi sinh mục tiêu với 35% HP tối đa và áp dụng ‘Dưỡng Sinh’ trong 2 lượt. Hiệu ứng không thể kích hoạt nếu Liora đã bị hạ gục.
NORMAL_TEXT	64576	Tóm tắt kit: Caduceus thuần hồi phục, có hồi đơn mục tiêu mạnh, hồi toàn đội kèm hồi phục theo lượt và mở khả năng hồi sinh ở Vận Mệnh 6.
NORMAL_TEXT	64714	—------------------------------------------------------------------------------------------------------------------------
HEADING_1	64836	23. Nhân vật — Athena
NORMAL_TEXT	64858	Độ hiếm: 5★ giới hạn
NORMAL_TEXT	64879	Aspect: Gungnir
NORMAL_TEXT	64895	Nguyên tố: Phong
NORMAL_TEXT	64912	Giới tính: Nữ
NORMAL_TEXT	64926	Vũ khí: Song kiếm phương Tây
NORMAL_TEXT	64955	Ngoại hình: Mái tóc đỏ nổi bật, đôi cánh lớn phía sau lưng và sử dụng một cặp kiếm thẳng phong cách phương Tây.
NORMAL_TEXT	65067	Chỉ số cơ bản Lv1: HP 148 | Tấn Công 95 | Phòng Thủ 64 | Tốc Độ 108
NORMAL_TEXT	65135	Chỉ số cơ bản Lv60: HP 1088 | Tấn Công 698 | Phòng Thủ 471 | Tốc Độ 108
HEADING_2	65208	Tấn Công Thường — Crimson Oath
NORMAL_TEXT	65239	Athena khép một cánh về phía trước, lao xuống bằng một đường kiếm chéo rồi dùng thanh kiếm còn lại đâm xuyên qua luồng gió vừa tạo. Gây Sát Thương Phong bằng 130% Tấn Công lên một kẻ địch.
NORMAL_TEXT	65428	Hồi 1 Điểm Planck.
NORMAL_TEXT	65447	Sau khi sử dụng, Athena nhận 1 dấu “Lời Thề — Kiếm”. Dấu này chỉ dùng cho Thiên Phú và không cộng dồn với chính nó.
HEADING_2	65564	Chiến Kỹ — Twin Decree
NORMAL_TEXT	65587	Tiêu hao 1 Điểm Planck.
NORMAL_TEXT	65611	Athena tung hai nhát chém giao nhau, sau đó mở cánh đẩy toàn bộ luồng gió hội tụ trở lại đúng một điểm trên mục tiêu. Gây Sát Thương Phong bằng 275% Tấn Công lên một kẻ địchđồng thời tăng 10% %Chí Mạng của Athena
NORMAL_TEXT	65825	Nếu trước Chiến Kỹ này Athena đã sử dụng Tấn Công Thường kể từ lần gần nhất cô dùng Chiến Kỹ, sát thương của Twin Decree tăng thêm 25% và Athena hồi 8 Năng Lượng.
NORMAL_TEXT	65988	Sau khi sử dụng, Athena nhận 1 dấu “Lời Thề — Lệnh”. Dấu này chỉ dùng cho Thiên Phú và không cộng dồn với chính nó.
HEADING_2	66105	Tuyệt Kỹ — Red Sky, Unbowed
NORMAL_TEXT	66133	Năng Lượng yêu cầu: 105.
NORMAL_TEXT	66158	Athena bay thẳng lên cao, đôi cánh mở rộng thành một quầng sáng đỏ phía sau rồi lao xuống giữa hai đường kiếm song song. Gây Sát Thương Phong bằng 430% Tấn Công lên một kẻ địch.
NORMAL_TEXT	66336	Nếu Athena đang có cả “Lời Thề — Kiếm” và “Lời Thề — Lệnh” khi Tuyệt Kỹ được kích hoạt, đòn đánh này tăng 20% %Chí Mạng và 30% Sát Thương Chí Mạng. Sau khi Tuyệt Kỹ kết thúc, Athena được Ưu Tiên Hành Động 40%.
NORMAL_TEXT	66546	Sau khi sử dụng, Athena nhận 1 dấu “Lời Thề — Khải Hoàn”. Dấu này chỉ dùng cho Thiên Phú và không cộng dồn với chính nó.
HEADING_2	66668	Thiên Phú — Victory Wastes Nothing
NORMAL_TEXT	66703	Athena theo dõi ba dấu độc lập: “Lời Thề — Kiếm” từ Tấn Công Thường, “Lời Thề — Lệnh” từ Chiến Kỹ và “Lời Thề — Khải Hoàn” từ Tuyệt Kỹ. Khi đồng thời sở hữu đủ cả ba dấu, Athena xóa toàn bộ chúng và nhận “Pallas” trong 2 lượt. Khi có “Pallas”, Athena tăng 18% %Chí Mạng, 30% Sát Thương Chí Mạng và 12% %Xuyên Giáp; cùng với đó thi triển 1 đòn đánh theo sau gây Sát Thương Phong bằng 200% Tấn Công lên kẻ địch với HP hiện tại cao nhất, sát thương này được coi là sát thương Tuyệt Kĩ
NORMAL_TEXT	67186	Khi bất kỳ đòn gây sát thương nào của Athena hạ gục mục tiêu và lượng sát thương cuối cùng của đòn đánh lớn hơn HP còn lại của mục tiêu ngay trước khi nhận đòn, phần sát thương vượt quá lượng HP cần để hạ gục được xác định là “Sát Thương Dư”. Toàn bộ Sát Thương Dư được chuyển thành Sát Thương Phong và lập tức gây lên một kẻ địch khác được chọn ngẫu nhiên trên sân. Sát thương chuyển tiếp giữ nguyên khả năng Chí Mạng và các hiệu ứng tăng sát thương đang áp dụng cho nguồn sát thương ban đầu, nhưng không tiêu hao thêm Điểm Planck hay Năng Lượng.
NORMAL_TEXT	67734	Nếu Sát Thương Dư tiếp tục hạ gục mục tiêu thứ hai và vẫn còn phần sát thương vượt quá HP còn lại của mục tiêu đó, phần dư còn lại tiếp tục chuyển ngẫu nhiên sang một kẻ địch khác.
HEADING_2	67916	Đột Phá
NORMAL_TEXT	67924	Mốc 1: Khi Athena sử dụng một nguồn sát thương khác với nguồn sát thương của hành động gây sát thương gần nhất của bản thân, sát thương của hành động mới tăng 12%. Hiệu ứng áp dụng riêng cho Tấn Công Thường, Chiến Kỹ và Tuyệt Kỹ.
NORMAL_TEXT	68154	Mốc 2: Khi Athena nhận “Pallas”, lập tức hồi 1 Điểm Planck và 10 Năng Lượng. Hiệu ứng hồi tài nguyên chỉ kích hoạt 1 lần cho mỗi lần nhận “Pallas”.
NORMAL_TEXT	68302	Mốc 3: Khi Sát Thương Dư được chuyển sang mục tiêu khác, lần chuyển đầu tiên trong mỗi hành động bỏ qua 15% Phòng Thủ của mục tiêu nhận sát thương.
NORMAL_TEXT	68450	Mốc phụ: 10,4% %Chí Mạng, 12% Sát Thương Chí Mạng, 7,8% Sát Thương Nguyên Tố Phong
HEADING_2	68534	Vận Mệnh
NORMAL_TEXT	68543	Vận Mệnh 1: Twin Decree cũng có thể nhận “Lời Thề — Kiếm” , sau khi thi triển chiến kỹ sẽ tăng 25% Tốc Độ của Athena, tối đa cộng dồn 2 tầng duy trì trong 2 lượtVận Mệnh 2: Trong khi có “Pallas”, Tấn Công Thường, Chiến Kỹ và Tuyệt Kỹ của Athena tăng thêm 15% %Xuyên Giáp. Sau khi Athena sử dụng đủ cả ba nguồn sát thương trong thời gian “Pallas”, kéo dài “Pallas” thêm 1 lượt; tối đa 1 lần cho mỗi lần nhận trạng thái.
NORMAL_TEXT	68963	Vận Mệnh 3: Cấp Chiến Kỹ +2. Cấp Tấn Công Thường +1.
NORMAL_TEXT	69016	Vận Mệnh 4: Khi Athena sử dụng một nguồn sát thương khác với hành động gây sát thương gần nhất, ngoài hiệu ứng Đột Phá Mốc 1 còn tăng 20% Sát Thương Chí Mạng cho hành động đó. Nếu hành động hạ gục mục tiêu, Athena hồi 5 Năng Lượng.
NORMAL_TEXT	69248	Vận Mệnh 5: Cấp Tuyệt Kỹ +2. Cấp Thiên Phú +2.
NORMAL_TEXT	69295	Vận Mệnh 6: Khi Athena nhận “Pallas”, lập tức nhận thêm một lượt hành động không làm giảm thời gian hiệu lực của các hiệu ứng đang có trên Athena. Trong lượt này, Twin Decree không tiêu hao Điểm Planck. Tăng 20% Xuyên Kháng Nguyên Tố của Athena
NORMAL_TEXT	69541	Tóm tắt kit: Main DPS Gungnir giới hạn vận hành theo chu kỳ Tấn Công Thường → Chiến Kỹ → Tuyệt Kỹ để kích hoạt “Pallas”, nhưng cả ba nguồn sát thương đều có hệ số và giá trị thực chiến cao. Cơ chế Sát Thương Dư giúp Athena giữ bản sắc đơn mục tiêu của Gungnir trong khi gần như không lãng phí overkill khi đối đầu wave nhiều kẻ địch, tạo khoảng cách vận hành rõ rệt so với các Gungnir banner thường.
NORMAL_TEXT	69943	—------------------------------------------------------------------------------------------------------------------------
HEADING_1	70065	24. Nhân vật — Nemesis
NORMAL_TEXT	70088	Độ hiếm: 5★ giới hạn
NORMAL_TEXT	70109	Aspect: Mjolnir
NORMAL_TEXT	70125	Nguyên tố: Nham
NORMAL_TEXT	70141	Giới tính: Nam
NORMAL_TEXT	70156	Vũ khí: Đại kiếm
NORMAL_TEXT	70173	Ngoại hình: Mái tóc trắng, khoác bộ giáp hiệp sĩ nặng với các mảng giáp sáng màu; sử dụng một thanh đại kiếm bản rộng mang phong cách phán quyết và chiến trận.
NORMAL_TEXT	70333	Chỉ số cơ bản Lv1: HP 156 | Tấn Công 93 | Phòng Thủ 84 | Tốc Độ 95
NORMAL_TEXT	70400	Chỉ số cơ bản Lv60: HP 1330 | Tấn Công 684 | Phòng Thủ 618 | Tốc Độ 95
HEADING_2	70472	Tấn Công Thường — First Verdict
NORMAL_TEXT	70504	Nemesis xoay đại kiếm theo một vòng cung rộng rồi chém ép xuống. Gây Sát Thương Nham bằng 100% Tấn Công của Nemesis lên mục tiêu chính và 55% Tấn Công lên toàn bộ kẻ địch còn lại.
NORMAL_TEXT	70684	Mục tiêu chính nhận 2 tầng “Cáo Trạng”; các mục tiêu còn lại nhận 1 tầng “Cáo Trạng”.
NORMAL_TEXT	70770	Hồi 1 Điểm Planck.
HEADING_2	70790	Chiến Kỹ — Iron Appeal
NORMAL_TEXT	70813	Tiêu hao 1 Điểm Planck.
NORMAL_TEXT	70837	Nemesis dậm mạnh chân rồi nện đại kiếm xuống chiến trường, gây Sát Thương Nham bằng 180% Tấn Công lên toàn bộ kẻ địch và khiến toàn bộ mục tiêu nhận 1 tầng “Cáo Trạng”.
NORMAL_TEXT	71006	Mỗi mục tiêu đạt đủ 3 tầng “Cáo Trạng” sẽ lập tức chuyển thành “Bản Án” trong 2 lượt. Mỗi lần một mục tiêu được chuyển thành “Bản Án” bởi đòn đánh này, Nemesis nhận 1 tầng “Quy Cân”, cộng dồn tối đa 3 tầng.
NORMAL_TEXT	71213	Khi Nemesis có đủ 3 tầng “Quy Cân”, Chiến Kỹ được cường hóa thành Iron Appeal: Final Sentence.
HEADING_2	71309	Iron Appeal: Final Sentence
NORMAL_TEXT	71337	Tiêu hao 1 Điểm Planck.
NORMAL_TEXT	71361	Nemesis kéo đại kiếm về sau rồi tung một cú bổ cực nặng làm chấn động toàn chiến trường, gây Sát Thương Nham bằng 220% Tấn Công lên toàn bộ kẻ địch đồng thời gây thêm 10 lần Sát Thương Nham bằng 20% Tấn Công ngẫu nhiên.
NORMAL_TEXT	71581	Sau khi gây sát thương, kích hoạt ngay 1 lần “Công Lý Dội Âm” và tiêu hao toàn bộ “Quy Cân”. 
HEADING_2	71675	Tuyệt Kỹ — Last Tribunal
NORMAL_TEXT	71700	Năng Lượng yêu cầu: 120.
NORMAL_TEXT	71725	Nemesis dựng đại kiếm trước người rồi hạ phán quyết bằng một cú chém thẳng từ trên xuống, gây Sát Thương Nham bằng 260% Tấn Công lên toàn bộ kẻ địch.
NORMAL_TEXT	71875	Sau khi gây sát thương, toàn bộ kẻ địch nhận 1 tầng “Cáo Trạng”; các mục tiêu đang mang “Bản Án” lập tức chịu 1 lần “Công Lý Dội Âm”; Nemesis đồng thời nhận 2 tầng “Quy Cân”.
HEADING_2	72051	Thiên Phú — No Balance Forgotten
NORMAL_TEXT	72084	“Cáo Trạng” cộng dồn tối đa 3 tầng. Khi một mục tiêu đạt đủ 3 tầng “Cáo Trạng”, toàn bộ tầng bị xóa và mục tiêu nhận “Bản Án” trong 2 lượt. Kẻ địch có “Bản Án” tăng 18% sát thương phải nhận từ Nemesis.
NORMAL_TEXT	72286	Mỗi lần Nemesis gây sát thương lên ít nhất một mục tiêu đang mang “Bản Án”, kích hoạt “Công Lý Dội Âm” tối đa 1 lần trong mỗi hành động. “Công Lý Dội Âm” gây Sát Thương Nham bằng 70% Tấn Công của Nemesis lên toàn bộ kẻ địch.
NORMAL_TEXT	72511	Mỗi lần “Công Lý Dội Âm” kích hoạt, Nemesis nhận 1 tầng “Quy Cân”, cộng dồn tối đa 3 tầng. Khi có đủ 3 tầng “Quy Cân”, Chiến Kỹ được cường hóa thành Iron Appeal: Final Sentence.
HEADING_2	72690	Đột Phá
NORMAL_TEXT	72698	Mốc 1: “Công Lý Dội Âm” gây thêm 25% sát thương lên mục tiêu có HP hiện tại dưới 50%.
NORMAL_TEXT	72784	Mốc 2: Sau khi Nemesis sử dụng Iron Appeal: Final Sentence, hồi 8 Năng Lượng. Nếu kỹ năng này đánh trúng ít nhất 3 kẻ địch, hồi thêm 1 Điểm Planck; tối đa 1 lần mỗi lượt của Nemesis.
NORMAL_TEXT	72967	Mốc 3: Sát thương từ Chiến Kỹ, Chiến Kỹ Cường Hóa và Tuyệt Kỹ của Nemesis bỏ qua 12% Phòng Thủ của mục tiêu đang mang “Bản Án”.
NORMAL_TEXT	73095	Mốc phụ: 10,4% %Chí Mạng, 12% Tấn Công, 7,8% Sát Thương Nguyên Tố Nham
HEADING_2	73167	Vận Mệnh
NORMAL_TEXT	73176	Vận Mệnh 1: Khi Nemesis sử dụng Chiến Kỹ hoặc Tuyệt Kỹ, mục tiêu có HP hiện tại cao nhất trên sân nhận thêm 1 tầng “Cáo Trạng”. Nếu trong hành động đó có mục tiêu được chuyển thành “Bản Án”, Nemesis nhận thêm 1 tầng “Quy Cân”; tối đa 1 lần mỗi hành động.
NORMAL_TEXT	73431	Vận Mệnh 2: “Công Lý Dội Âm” gây lên mục tiêu mang “Bản Án” bỏ qua thêm 15% Phòng Thủ. Nếu “Công Lý Dội Âm” đánh trúng từ 3 kẻ địch trở lên, Nemesis tăng 20% Sát Thương Chí Mạng trong 2 lượt.
NORMAL_TEXT	73623	Vận Mệnh 3: Cấp Chiến Kỹ +2. Cấp Tấn Công Thường +1.
NORMAL_TEXT	73676	Vận Mệnh 4: Bội số lần tấn công thêm của Chiến Kỹ Cường Hoá tăng từ 10 lên 16Vận Mệnh 5: Cấp Tuyệt Kỹ +2. Cấp Thiên Phú +2.
NORMAL_TEXT	73801	Vận Mệnh 6: Sau khi sử dụng Tuyệt Kỹ, Nemesis nhận “Tối Hậu Phán” trong 1 lượt. Trong thời gian này, lần sử dụng Iron Appeal: Final Sentence tiếp theo không tiêu hao Điểm Planck, hành động đó có thể kích hoạt “Công Lý Dội Âm” thêm 1 lần nữa và Nemesis tăng 20% %Xuyên Kháng Nguyên Tố.
NORMAL_TEXT	74087	Tóm tắt kit: Main DPS Mjolnir giới hạn thiên về gây sát thương diện rộng liên tục. Nemesis tích “Cáo Trạng” trên nhiều mục tiêu để chuyển chúng thành “Bản Án”, từ đó mở chuỗi “Công Lý Dội Âm” và tích “Quy Cân” cho Chiến Kỹ Cường Hóa. Bộ kit có khả năng dọn wave mạnh nhưng vẫn duy trì áp lực đáng kể lên mục tiêu lớn nhờ tăng sát thương phải nhận và Xuyên Giáp đối với mục tiêu mang “Bản Án”.
NORMAL_TEXT	74481	—------------------------------------------------------------------------------------------------------------------------
HEADING_1	74603	25. Nhân vật — Hermes
NORMAL_TEXT	74625	Độ hiếm: 5★ giới hạn
NORMAL_TEXT	74646	Aspect: Keraunos
NORMAL_TEXT	74663	Nguyên tố: Phong
NORMAL_TEXT	74680	Giới tính: Nữ
NORMAL_TEXT	74694	Vũ khí: Quyền trượng
NORMAL_TEXT	74715	Ngoại hình: Mái tóc dài ngả tím, vóc dáng thanh thoát và khoác trang phục nhẹ với các chi tiết kim loại mô phỏng cánh chim; sử dụng một quyền trượng mảnh làm pháp cụ dẫn đường.
NORMAL_TEXT	74892	Chỉ số cơ bản Lv1: HP 160 | Tấn Công 72 | Phòng Thủ 74 | Tốc Độ 110
NORMAL_TEXT	74960	Chỉ số cơ bản Lv60: HP 1176 | Tấn Công 529 | Phòng Thủ 544 | Tốc Độ 110
HEADING_2	75033	Tấn Công Thường — Passing Gale
NORMAL_TEXT	75064	Hermes xoay quyền trượng và phóng một luồng gió mảnh về phía mục tiêu. Gây Sát Thương Phong bằng 70% Tấn Công lên một kẻ địch.
NORMAL_TEXT	75191	Hồi 1 Điểm Planck.
HEADING_2	75211	Chiến Kỹ — Winged Dispatch
NORMAL_TEXT	75238	Tiêu hao 1 Điểm Planck.
NORMAL_TEXT	75262	Hermes chỉ quyền trượng về phía một đồng minh khác, mở một lối gió ngắn ngay dưới chân mục tiêu. Chọn một đồng minh ngoài Hermes, khiến mục tiêu được Ưu Tiên Hành Động 100% và tăng 20% sát thương gây ra trong 1 lượt.
NORMAL_TEXT	75479	Mỗi lần Winged Dispatch khiến mục tiêu bắt đầu lượt, Hermes nhận 1 tầng “Lộ Trình”.
HEADING_2	75564	Tuyệt Kỹ — The Sky Arrives First
NORMAL_TEXT	75597	Năng Lượng yêu cầu: 140.
NORMAL_TEXT	75622	Hermes nâng quyền trượng lên cao, những dải gió sáng nối toàn bộ đội hình thành một quỹ đạo duy nhất. Tăng % Sát Thương Chí Mạng bằng 30% Sát Thương Chí Mạng của Hermes + 15% lên toàn bộ đồng minh trong 2 lượt. Đồng minh đang có hiệu ứng tăng sát thương từ Winged Dispatch khi Tuyệt Kỹ được kích hoạt tăng thêm 12% sát thương gây ra trong thời gian hiệu lực.
HEADING_2	75982	Thiên Phú — No Message Arrives Late
NORMAL_TEXT	76018	“Lộ Trình” cộng dồn tối đa 3 tầng. Khi đạt 3 tầng, xóa toàn bộ “Lộ Trình”, hồi 1 Điểm Planck và Hermes hồi 8 Năng Lượng. Hiệu ứng này tối đa kích hoạt 1 lần giữa hai lượt của Hermes.
NORMAL_TEXT	76201	Sau khi đồng minh được Winged Dispatch Ưu Tiên Hành Động kết thúc hành động, nếu hành động đó gây sát thương, Hermes tăng 8% Tốc Độ trong 1 lượt. Hiệu ứng không cộng dồn.
HEADING_2	76373	Đột Phá
NORMAL_TEXT	76381	Mốc 1: Đồng minh được Winged Dispatch Ưu Tiên Hành Động tăng thêm 15% Tấn Công trong 1 lượt.
NORMAL_TEXT	76474	Mốc 2: Mỗi lần đồng minh được Winged Dispatch bắt đầu lượt, Hermes hồi thêm 5 Năng Lượng.
NORMAL_TEXT	76564	Mốc 3: Sau khi Hermes sử dụng Tuyệt Kỹ, lần Winged Dispatch kế tiếp không tiêu hao Điểm Planck. Hiệu ứng này không cộng dồn.
NORMAL_TEXT	76689	Mốc phụ: 8 Tốc Độ, 20% %Sát Thương Chí Mạng, 4% %Hồi Năng Lượng
HEADING_2	76754	Vận Mệnh
NORMAL_TEXT	76763	Vận Mệnh 1: Giới hạn “Lộ Trình” giảm từ 3 xuống 2Vận Mệnh 2: Khi đồng minh tấn công kẻ địch có điểm yếu Phong, Hermes ngay lập tức thi triển đòn đánh theo sau bằng 100% Tấn Công của Hermes, sát thương này luôn chí mạngVận Mệnh 3: Cấp Chiến Kỹ +2. Cấp Tấn Công Thường +1.
NORMAL_TEXT	77036	Vận Mệnh 4: Trong thời gian The Sky Arrives First có hiệu lực, mỗi khi một đồng minh gây Chí Mạng, Hermes nhận 1 tầng “Tín Lộ”, tối đa 3 tầng. Khi đạt 3 tầng, xóa toàn bộ “Tín Lộ” và hồi 20 năng lượng; tối đa kích hoạt 1 lần cho mỗi lần sử dụng Tuyệt Kỹ.
NORMAL_TEXT	77291	Vận Mệnh 5: Cấp Tuyệt Kỹ +2. Cấp Thiên Phú +2.
NORMAL_TEXT	77338	Vận Mệnh 6: Đồng minh được Winged Dispatch Ưu Tiên Hành Động nhận “Đường Trời” trong 1 lượt. Hành động gây sát thương tiếp theo của mục tiêu tăng 20% %Xuyên Kháng Nguyên Tố và sau khi hành động kết thúc, mục tiêu được Ưu Tiên Hành Động thêm 25%. Hiệu ứng Ưu Tiên Hành Động bổ sung này không thể kích hoạt lại “Đường Trời”.
NORMAL_TEXT	77662	Tóm tắt kit: Keraunos 5★ giới hạn chuyên thao túng nhịp hành động. Winged Dispatch kéo trực tiếp một chủ lực lên hành động ngay lập tức, trong khi The Sky Arrives First mở cửa sổ Sát Thương Chí Mạng lớn cho toàn đội. “Lộ Trình” hoàn lại tài nguyên sau nhiều lần đẩy lượt, giúp Hermes duy trì vai trò support nhịp cao mà vẫn có giới hạn rõ ràng về Điểm Planck.
NORMAL_TEXT	78023	—------------------------------------------------------------------------------------------------------------------------
HEADING_1	78145	26. Nhân vật — Hecate
NORMAL_TEXT	78167	Độ hiếm: 5★ giới hạn
NORMAL_TEXT	78188	Aspect: Caduceus
NORMAL_TEXT	78205	Nguyên tố: Băng
NORMAL_TEXT	78221	Giới tính: Nam
NORMAL_TEXT	78236	Vũ khí: Ngọn đuốc
NORMAL_TEXT	78254	Ngoại hình: Mái tóc đen dài vừa phải, sắc diện trầm và khoác trang phục tối màu điểm các chi tiết kim loại lạnh; Hecate mang một ngọn đuốc cổ có ngọn lửa xanh nhạt như bị đông cứng giữa lúc cháy.
NORMAL_TEXT	78450	Chỉ số cơ bản Lv1: HP 163 | Tấn Công 72 | Phòng Thủ 82 | Tốc Độ 107
NORMAL_TEXT	78518	Chỉ số cơ bản Lv60: HP 1397 | Tấn Công 529 | Phòng Thủ 603 | Tốc Độ 107
NORMAL_TEXT	78591	Tấn Công Thường — Pale Ember
NORMAL_TEXT	78620	Hecate quét ngọn đuốc theo một vòng cung ngắn, phóng ra một tàn lửa lạnh về phía mục tiêu. Gây Sát Thương Băng bằng 65% Tấn Công lên một kẻ địch.
NORMAL_TEXT	78766	Hồi 1 Điểm Planck.
NORMAL_TEXT	78786	Chiến Kỹ — Torch at the Crossroads
NORMAL_TEXT	78821	Tiêu hao 1 Điểm Planck.
NORMAL_TEXT	78845	Hecate đưa ngọn đuốc tới trước đồng minh được chọn, để ánh lửa lạnh bao lấy mục tiêu. Hồi HP cho một đồng minh bằng 17% HP tối đa của Hecate + 250 và giải 1 hiệu ứng xấu cho mục tiêu.
NORMAL_TEXT	79029	Nếu Chiến Kỹ thực sự giải được một hiệu ứng xấu, mục tiêu được hồi thêm HP bằng 5% HP tối đa của Hecate và nhận 20% Kháng Hiệu Ứng trong 1 lượt.
NORMAL_TEXT	79174	Sau khi sử dụng Chiến Kỹ, Hecate nhận 1 tầng “Hỏa Dẫn”, cộng dồn tối đa 2 tầng.
NORMAL_TEXT	79255	Tuyệt Kỹ — The Torch Beyond Night
NORMAL_TEXT	79289	Năng Lượng yêu cầu: 130.
NORMAL_TEXT	79314	Hecate dựng ngọn đuốc giữa đội hình, khiến ánh lửa xanh lan thành một vòng sáng dưới chân toàn bộ đồng minh. Toàn bộ đồng minh nhận “Dẫn Hỏa” trong 2 lượt. Khi có “Dẫn Hỏa”, Tấn Công của mục tiêu tăng một lượng bằng 4% HP tối đa của Hecate, lượng Tấn Công tăng thêm từ hiệu ứng này không vượt quá 450.
NORMAL_TEXT	79616	Khi Tuyệt Kỹ được kích hoạt, Hecate đồng thời hồi HP cho toàn bộ đồng minh bằng 7% HP tối đa của Hecate + 120.
NORMAL_TEXT	79728	Thiên Phú — Flame at the Third Road
NORMAL_TEXT	79764	Khi Hecate có đủ 2 tầng “Hỏa Dẫn”, sau khi một đồng minh bất kỳ gây sát thương bằng Tấn Công Thường, Chiến Kỹ hoặc Tuyệt Kỹ, Hecate tiêu hao toàn bộ “Hỏa Dẫn” và lập tức thực hiện một Đòn Đánh Theo Sau lên kẻ địch có Tốc Độ hiện tại cao nhất.
NORMAL_TEXT	80007	Đòn Đánh Theo Sau gây Sát Thương Băng bằng 10% HP tối đa của Hecate và không thể Chí Mạng, đồng thời làm giảm 10% Tốc Độ của mục tiêu trong 2 lượt. Hiệu ứng giảm Tốc Độ cùng tên không cộng dồn.
NORMAL_TEXT	80201	Sau khi Đòn Đánh Theo Sau kích hoạt, đồng minh có HP hiện tại thấp nhất được hồi HP bằng 4% HP tối đa của Hecate + 80.
NORMAL_TEXT	80321	Đột Phá
NORMAL_TEXT	80329	Mốc 1: Sau khi Torch at the Crossroads giải thành công hiệu ứng xấu, Hecate hồi 5 Năng Lượng.
NORMAL_TEXT	80423	Mốc 2: Kẻ địch bị Đòn Đánh Theo Sau của Flame at the Third Road đánh trúng giảm thêm 5 Tốc Độ trong thời gian hiệu lực.
NORMAL_TEXT	80543	Mốc 3: Trong thời gian “Dẫn Hỏa” tồn tại, lần đầu mỗi đồng minh giảm xuống dưới 50% HP, Hecate lập tức hồi HP cho mục tiêu bằng 5% HP tối đa của Hecate + 100. Mỗi đồng minh chỉ có thể kích hoạt hiệu ứng này 1 lần cho mỗi lần Hecate sử dụng Tuyệt Kỹ.
NORMAL_TEXT	80793	Mốc phụ: 25% HP, 8 Tốc Độ, 4% %Hồi Năng Lượng
NORMAL_TEXT	80840	Vận Mệnh
NORMAL_TEXT	80849	Vận Mệnh 1: Giới hạn “Hỏa Dẫn”giảm từ 2 xuống 1. Đòn Đánh Theo Sau của Flame at the Third Road được cường hoá, bội số tăng 200%, sát thương này luôn chí mạng với %Sát Thương Chí Mạng bằng 10% HP HecateVận Mệnh 2: Sau khi Hecate thực hiện Đòn Đánh Theo Sau, tăng 40% HP và hồi 4 năng lượngVận Mệnh 3: Cấp Chiến Kỹ +2. Cấp Tấn Công Thường +1.
NORMAL_TEXT	81195	Vận Mệnh 4: Giới hạn Tấn Công tăng thêm từ “Dẫn Hỏa” tăng từ 450 lên 600, đồng thời hệ số chuyển đổi HP tối đa của Hecate tăng từ 4% lên 5%.
NORMAL_TEXT	81336	Vận Mệnh 5: Cấp Tuyệt Kỹ +2. Cấp Thiên Phú +2.
NORMAL_TEXT	81383	Vận Mệnh 6: Khi Hecate thi triển đòn đánh theo sau có tỉ lệ 30% thi triển lại đòn đánh theo sau đó , tối đa 2 lần. Làm mới ngay sau khi Hecate sử dụng Tuyệt Kĩ. Khi Hecate có mặt trên sân, tăng %Xuyên Kháng Nguyên Tố của toàn bộ đồng minh 15% và mỗi khi Hecate hành động hồi cố định 3 năng lượng
NORMAL_TEXT	81679	Tóm tắt kit: Caduceus 5★ giới hạn kết hợp hồi phục, thanh tẩy và hỗ trợ sát thương. Torch at the Crossroads là nguồn hồi HP đơn mục tiêu kèm giải hiệu ứng xấu; The Torch Beyond Night chuyển HP tối đa của Hecate thành Tấn Công cho toàn đội; Flame at the Third Road biến nhịp sử dụng Chiến Kỹ thành Đòn Đánh Theo Sau gây giảm Tốc Độ, cho phép Hecate vừa duy trì sinh tồn vừa can thiệp vào nhịp hành động của kẻ địch
HEADING_1	82094	27. Nhân vật — Artemis
NORMAL_TEXT	82117	Độ hiếm: 5★ giới hạn
NORMAL_TEXT	82138	Aspect: Gungnir
NORMAL_TEXT	82154	Nguyên tố: Thuỷ
NORMAL_TEXT	82170	Giới tính: Nam
NORMAL_TEXT	82185	Vũ khí: Cung dài với dải vàng buộc quanh thân cung
NORMAL_TEXT	82236	Ngoại hình: Artemis có vóc dáng gọn, mái tóc sáng màu và mang một cây cung dài thanh mảnh. Nhiều dải vàng được buộc quanh hai đầu cánh cung, rung lên mỗi khi dây cung được kéo căng.
NORMAL_TEXT	82419	Chỉ số cơ bản Lv1: HP 150 | Tấn Công 95 | Phòng Thủ 62 | Tốc Độ 85
NORMAL_TEXT	82486	Chỉ số cơ bản Lv60: HP 1103 | Tấn Công 678 | Phòng Thủ 456 | Tốc Độ 85
NORMAL_TEXT	82558	Tấn Công Thường — Moontrace
HEADING_2	82586	Artemis kéo dây cung đến nửa tầm rồi thả một mũi tên nước cô đặc xuyên thẳng vào mục tiêu. Gây Sát Thương Thuỷ bằng 130% Tấn Công lên một kẻ địch.
NORMAL_TEXT	82733	Hồi 1 Điểm Planck.
NORMAL_TEXT	82752	Khi Artemis đang có “Kim Huyền”, Tấn Công Thường được cường hóa thành Moontrace: Full Draw.
NORMAL_TEXT	82845	Moontrace: Full Draw
HEADING_2	82870	Artemis kéo căng hoàn toàn dây cung; các dải vàng trên thân cung siết lại, dẫn một quầng sáng dọc theo mũi tên trước khi anh bắn thẳng vào điểm yếu của mục tiêu. Gây Sát Thương Thuỷ bằng 300% Tấn Công lên một kẻ địch.
NORMAL_TEXT	83088	Đòn đánh này được tính là sát thương Tấn Công Thường và tăng 20% %Chí Mạng.
NORMAL_TEXT	83164	Sau khi sử dụng, tiêu hao 1 tầng “Kim Huyền” 
NORMAL_TEXT	83210	Chiến Kỹ — Gilded Draw
NORMAL_TEXT	83233	Tiêu hao 1 Điểm Planck.
HEADING_2	83257	Artemis dựng cung ngang trước người, kéo những dải vàng đang buộc trên thân cung về phía dây cung rồi siết chúng thành một nút khóa sáng. Không gây sát thương. Artemis nhận 2 tầng “Kim Huyền”, cộng dồn tối đa 3 tầng, đồng thời nhận “Truy Nguyệt” trong 3 lượt.
HEADING_2	83517	Khi có “Truy Nguyệt”, Tấn Công Thường cường hóa gây thêm 25% sát thương chí mạng. Sử dụng lại Chiến Kỹ làm mới thời gian “Truy Nguyệt”.
NORMAL_TEXT	83654	Tuyệt Kỹ — Where the Moon Points
NORMAL_TEXT	83687	Năng Lượng yêu cầu: 130.
NORMAL_TEXT	83712	Artemis giương cung lên trời, bắn một mũi tên vàng xuyên qua quầng nước trên cao. Mũi tên không lao xuống ngay mà hóa thành một đường sáng khóa lấy một kẻ địch được chọn, áp dụng “Nguyệt Tiêu” trong 2 lượt.
HEADING_2	83919	Kẻ địch có “Nguyệt Tiêu” nhận thêm 18% sát thương Tấn Công Thường từ Artemis. Khi Tuyệt Kỹ được kích hoạt, Artemis nhận ngay 2 tầng “Kim Huyền” và được Ưu Tiên Hành Động 25%.
NORMAL_TEXT	84094	Trong thời gian “Nguyệt Tiêu” tồn tại, sau mỗi Moontrace: Full Draw đánh trúng mục tiêu mang “Nguyệt Tiêu”, Artemis bắn thêm một mũi tên phụ gây Sát Thương Thuỷ bằng 80% Tấn Công. Sát thương này được tính là sát thương Tấn Công Thường và không hồi Điểm Planck.
NORMAL_TEXT	84356	Thiên Phú — The Hunt Remembers
NORMAL_TEXT	84387	Mỗi lần Moontrace: Full Draw gây sát thương lên cùng một mục tiêu liên tiếp, Artemis nhận 1 tầng “Dấu Săn”, cộng dồn tối đa 3 tầng. Mỗi tầng tăng 7% sát thương Tấn Công Thường của Artemis lên mục tiêu đó.
NORMAL_TEXT	84592	Nếu Artemis đổi mục tiêu gây sát thương bằng Tấn Công Thường, toàn bộ “Dấu Săn” bị xóa.
NORMAL_TEXT	84680	Khi đạt đủ 3 tầng “Dấu Săn”, lần Moontrace: Full Draw kế tiếp không tiêu hao “Kim Huyền” và tăng thêm 30% Sát Thương Chí Mạng. Sau khi hiệu ứng này được kích hoạt, xóa toàn bộ “Dấu Săn”.
NORMAL_TEXT	84868	Đột Phá
HEADING_2	84876	Mốc 1: Khi Moontrace: Full Draw đánh trúng kẻ địch có HP hiện tại từ 50% trở lên, sát thương của đòn đánh tăng 12%.
NORMAL_TEXT	84992	Mốc 2: Sau khi Artemis sử dụng Gilded Draw, Tấn Công Thường cường hóa kế tiếp sẽ biến hoàn toàn thành Sát Thương Chuẩn. Làm mới sau 3 lượt hành động của ArtemisMốc 3: Khi Moontrace: Full Draw đánh trúng mục tiêu có “Nguyệt Tiêu”, Artemis hồi 5 Năng Lượng; tối đa 1 lần mỗi lượt của Artemis.
NORMAL_TEXT	85284	Mốc phụ: 10,4% %Chí Mạng, 12% Sát Thương Chí Mạng, 7,8% Sát Thương Nguyên Tố Thuỷ
NORMAL_TEXT	85367	Vận Mệnh
NORMAL_TEXT	85376	Vận Mệnh 1: Gilded Draw nhận 3 tầng “Kim Huyền” thay vì 2 tầng. Khi “Kim Huyền” đang ở giới hạn tối đa, Moontrace: Full Draw tăng thêm 15% sát thương.
HEADING_2	85527	Vận Mệnh 2: Trong thời gian “Nguyệt Tiêu” tồn tại, Moontrace: Full Draw bỏ qua thêm 15% Phòng Thủ của mục tiêu và mũi tên phụ từ Tuyệt Kỹ tăng hệ số từ 80% lên 110% Tấn Công.Khi có đủ 3 tầng “Dấu Săn”, Ưu Tiên Hành Động 100%. 
NORMAL_TEXT	85755	Vận Mệnh 3: Cấp Chiến Kỹ +2. Cấp Tấn Công Thường +1.
NORMAL_TEXT	85808	Vận Mệnh 4:Mỗi lần Tấn Công Thường Cường Hoá được sử dụng, gây thêm 10% Sát Thương Chuẩn của lần thi triển đó lên 2 mục tiêu lân cận
NORMAL_TEXT	85941	Vận Mệnh 5: Cấp Tuyệt Kỹ +2. Cấp Thiên Phú +2.
NORMAL_TEXT	85988	Vận Mệnh 6: Khi Artemis kích hoạt hiệu ứng 3 tầng “Dấu Săn”, Moontrace: Full Draw lần đó không tiêu hao “Kim Huyền” như bình thường và sau khi gây sát thương lập tức nhận lại 1 tầng “Dấu Săn”. Trong thời gian “Nguyệt Tiêu” tồn tại, Tấn Công Thường cường hóa tăng 20% %Xuyên Kháng Nguyên Tố.
HEADING_2	86280	Tóm tắt kit: Main DPS Gungnir 5★ giới hạn lấy Tấn Công Thường làm nguồn sát thương cốt lõi. Gilded Draw không gây sát thương mà chuyển Điểm Planck thành các tầng “Kim Huyền” để mở Moontrace: Full Draw; Tuyệt Kỹ đánh dấu một mục tiêu và tiếp tục khuếch đại chính sát thương Tấn Công Thường. “Dấu Săn” thưởng cho việc giữ nguyên mục tiêu bằng một lần Tấn Công Thường cường hóa không tiêu hao tầng, tạo vòng lặp săn đơn mục tiêu rõ rệt.
NORMAL_TEXT	86714	.
NORMAL_TEXT	86717	—------------------------------------------------------------------------------------------------------------------------
HEADING_1	86839	28. Nhân vật — Zerel
NORMAL_TEXT	86860	Độ hiếm: 4★
NORMAL_TEXT	86872	Aspect: Pandora
NORMAL_TEXT	86888	Nguyên tố: Lôi
NORMAL_TEXT	86903	Giới tính: Nam
NORMAL_TEXT	86918	Vũ khí: Quả cầu ma thuật
NORMAL_TEXT	86943	Chỉ số cơ bản Lv1: HP 130 | Tấn Công 80 | Phòng Thủ 62 | Tốc Độ 109
NORMAL_TEXT	87011	Chỉ số cơ bản Lv60: HP 955 | Tấn Công 588 | Phòng Thủ 456 | Tốc Độ 109
HEADING_2	87083	Tấn Công Thường — Static Touch
NORMAL_TEXT	87114	Zerel nâng quả cầu ma thuật bằng một tay; một tia điện mảnh tách khỏi bề mặt quả cầu rồi đánh thẳng vào mục tiêu. Gây Sát Thương Lôi bằng 75% Tấn Công lên một kẻ địch.
NORMAL_TEXT	87282	Hồi 1 Điểm Planck.
NORMAL_TEXT	87301	Nếu mục tiêu đang có ít nhất 1 tầng “Điện Tích”, có 100% tỷ lệ cơ bản áp dụng thêm 1 tầng “Điện Tích”. Hiệu ứng này tối đa kích hoạt 1 lần giữa hai lượt của Zerel.
HEADING_2	87466	Chiến Kỹ — Charge Burial
NORMAL_TEXT	87491	Tiêu hao 1 Điểm Planck.
NORMAL_TEXT	87515	Zerel ép quả cầu ma thuật xuống thấp, khiến các vòng điện xoắn quanh mục tiêu rồi khóa lại thành một trường điện nhỏ. Gây Sát Thương Lôi bằng 90% Tấn Công lên một kẻ địch và có 100% tỷ lệ cơ bản áp dụng 2 tầng “Điện Tích”.
HEADING_2	87739	Tuyệt Kỹ — Blackout Sequence
NORMAL_TEXT	87768	Năng Lượng yêu cầu: 120.
NORMAL_TEXT	87793	Zerel đưa quả cầu ma thuật lên cao, làm ánh sáng trên chiến trường chớp tắt trước khi nhiều tia điện đồng loạt giáng xuống đội hình địch. Gây Sát Thương Lôi bằng 85% Tấn Công lên toàn bộ kẻ địch và có 100% tỷ lệ cơ bản áp dụng 1 tầng “Điện Tích” lên mỗi mục tiêu.
NORMAL_TEXT	88057	Nếu một mục tiêu đã có từ 3 tầng “Điện Tích” trở lên trước khi Tuyệt Kỹ đánh trúng, mục tiêu đó nhận thêm 1 tầng “Điện Tích”.
HEADING_2	88184	Thiên Phú — Storm in the Vessel
NORMAL_TEXT	88216	“Điện Tích” là Sát Thương Duy Trì Lôi do Zerel áp dụng, tồn tại 2 lượt và cộng dồn tối đa 5 tầng. Khi mục tiêu bắt đầu lượt, “Điện Tích” gây Sát Thương Duy Trì Lôi bằng 28% Tấn Công của Zerel cho mỗi tầng hiện có. Việc áp dụng thêm tầng làm mới thời gian tồn tại của toàn bộ “Điện Tích” trên mục tiêu.
NORMAL_TEXT	88518	Khi một mục tiêu đạt đủ 5 tầng “Điện Tích”, lập tức xóa toàn bộ 5 tầng và kích hoạt “Quá Tải”, gây Sát Thương Lôi bằng 180% Tấn Công của Zerel lên mục tiêu đó. Sát thương từ “Quá Tải” không được tính là Sát Thương Duy Trì và không thể tự áp dụng “Điện Tích”.
NORMAL_TEXT	88777	Mỗi mục tiêu chỉ có thể kích hoạt “Quá Tải” tối đa 1 lần trong cùng một hành động của Zerel.
HEADING_2	88871	Đột Phá
NORMAL_TEXT	88879	Mốc 1: Sát Thương Duy Trì từ “Điện Tích” tăng 15% khi mục tiêu đang có ít nhất 3 tầng.
NORMAL_TEXT	88966	Mốc 2: Khi “Quá Tải” kích hoạt, Zerel hồi 5 Năng Lượng; tối đa 1 lần mỗi lượt của Zerel.
NORMAL_TEXT	89055	Mốc 3: Sau khi “Quá Tải” xóa toàn bộ “Điện Tích”, mục tiêu có 100% tỷ lệ cơ bản nhận lại 1 tầng “Điện Tích”.
NORMAL_TEXT	89164	Mốc phụ: 18% %Chính Xác Hiệu Ứng, 7,8% Sát Thương Nguyên Tố Lôi, 10% Tấn Công
HEADING_2	89243	Vận Mệnh
NORMAL_TEXT	89252	Vận Mệnh 1: Giới hạn “Điện Tích” vẫn là 5 tầng, nhưng Charge Burial áp dụng 3 tầng thay vì 2 tầng. “Quá Tải” tăng hệ số sát thương từ 180% lên 210% Tấn Công.
NORMAL_TEXT	89410	Vận Mệnh 2: Khi “Điện Tích” gây Sát Thương Duy Trì, nếu mục tiêu đang có ít nhất 4 tầng, lần sát thương đó khiến mục tiêu tăng 12% sát thương phải nhận từ Sát Thương Duy Trì trong 1 lượt. Hiệu ứng cùng tên không cộng dồn.
NORMAL_TEXT	89632	Vận Mệnh 3: Cấp Chiến Kỹ +2. Cấp Tấn Công Thường +1.
NORMAL_TEXT	89685	Vận Mệnh 4: Khi trên sân tồn tại ít nhất một kẻ địch có “Điện Tích”, Zerel tăng 18% Tấn Công và 10% %Chính Xác Hiệu Ứng.
NORMAL_TEXT	89806	Vận Mệnh 5: Cấp Tuyệt Kỹ +2. Cấp Thiên Phú +2.
NORMAL_TEXT	89853	Vận Mệnh 6: Sau khi “Quá Tải” kích hoạt, mục tiêu nhận lại 2 tầng “Điện Tích” thay vì 1 tầng từ Đột Phá Mốc 3. Đồng thời, sát thương “Quá Tải” tăng thêm 25% nếu mục tiêu có ít nhất một Sát Thương Duy Trì khác ngoài “Điện Tích” trước khi vụ nổ xảy ra.
NORMAL_TEXT	90105	Tóm tắt kit: Pandora 4★ thiên Sát Thương Duy Trì Lôi. Zerel liên tục tích “Điện Tích” lên kẻ địch; số tầng càng cao thì Sát Thương Duy Trì mỗi lượt càng lớn, nhưng khi đạt ngưỡng 5 tầng toàn bộ cộng dồn bị xóa để kích hoạt “Quá Tải”. Vì vậy Zerel vận hành theo nhịp tích điện → duy trì DoT → chạm ngưỡng → phát nổ → tích lại, tạo khác biệt rõ với Nadia thiên áp dụng và kích hoạt sớm Vết Cháy.
NORMAL_TEXT	90500	—------------------------------------------------------------------------------------------------------------------------
HEADING_1	90622	29. Nhân vật — Anubis
NORMAL_TEXT	90644	Độ hiếm: 5★ giới hạn
NORMAL_TEXT	90665	Aspect: Pandora
NORMAL_TEXT	90681	Nguyên tố: Lôi
NORMAL_TEXT	90696	Giới tính: Nam
NORMAL_TEXT	90711	Vũ khí: Quyền trượng
NORMAL_TEXT	90732	Ngoại hình: Anubis có mái tóc dài sẫm màu, đội một mũ miện mang hình tượng đầu chó rừng Anubis với hai tai dựng cao. Trang phục sử dụng các mảng vải tối, kim loại vàng và những dải khắc ký hiệu cổ; quyền trượng dài có một vòng cân ma thuật treo gần đầu trượng.
NORMAL_TEXT	90993	Chỉ số cơ bản Lv1: HP 150 | Tấn Công 91 | Phòng Thủ 70 | Tốc Độ 108
NORMAL_TEXT	91061	Chỉ số cơ bản Lv60: HP 1103 | Tấn Công 669 | Phòng Thủ 515 | Tốc Độ 108
HEADING_2	91134	Tấn Công Thường — Weight of Dust
NORMAL_TEXT	91167	Anubis xoay quyền trượng một vòng ngắn, kéo một tia điện đen từ vòng cân trên đầu trượng rồi quất thẳng vào mục tiêu. Gây Sát Thương Lôi bằng 90% Tấn Công lên một kẻ địch.
NORMAL_TEXT	91339	Hồi 1 Điểm Planck.
HEADING_2	91359	Chiến Kỹ — Seal of the Black Scale
NORMAL_TEXT	91394	Tiêu hao 1 Điểm Planck.
NORMAL_TEXT	91418	Anubis dựng quyền trượng trước người, một chiếc cân ma thuật hiện phía sau mục tiêu rồi nghiêng mạnh về một phía; điện tím đen theo đĩa cân đổ xuống mục tiêu chính và quét sang hai bên. Gây Sát Thương Lôi bằng 145% Tấn Công lên mục tiêu chính và 75% Tấn Công lên tối đa 2 mục tiêu lân cận.
NORMAL_TEXT	91708	Có 100% tỷ lệ cơ bản áp dụng “Tử Lôi” lên các mục tiêu trúng đòn trong 2 lượt. Khi mục tiêu bắt đầu lượt, “Tử Lôi” gây Sát Thương Duy Trì Lôi bằng 70% Tấn Công của Anubis.
NORMAL_TEXT	91880	Nếu mục tiêu đã có ít nhất một Sát Thương Duy Trì khác trước khi Chiến Kỹ được sử dụng, sát thương trực tiếp của Seal of the Black Scale lên mục tiêu đó tăng 20%.
HEADING_2	92044	Tuyệt Kỹ — Hall of the Final Measure
NORMAL_TEXT	92081	Năng Lượng yêu cầu: 130.
NORMAL_TEXT	92106	Anubis chống quyền trượng xuống đất; chiến trường tối lại và phía sau đội hình địch hiện ra một đại cân khổng lồ. Anubis giơ tay khép hai đĩa cân, khiến nhiều tia sét đen đồng loạt đánh xuống. Gây Sát Thương Lôi bằng 150% Tấn Công lên toàn bộ kẻ địch và có 100% tỷ lệ cơ bản áp dụng “Cân Tử” trong 2 lượt.
NORMAL_TEXT	92412	Kẻ địch có “Cân Tử” tăng 18% Sát Thương Duy Trì phải nhận.
NORMAL_TEXT	92471	Sau khi áp dụng “Cân Tử”, toàn bộ Sát Thương Duy Trì đang tồn tại trên mỗi mục tiêu lập tức kích hoạt một lần sát thương bằng 60% sát thương hiện tại của hiệu ứng tương ứng mà không làm giảm thời gian tồn tại.
HEADING_2	92682	Thiên Phú — Heart Against the Feather
NORMAL_TEXT	92720	Mỗi khi một kẻ địch chịu Sát Thương Duy Trì, Anubis nhận 1 tầng “Thẩm Lượng”, cộng dồn tối đa 6 tầng. Trong cùng một hành động hoặc cùng một lần bắt đầu lượt của một kẻ địch, bất kể bao nhiêu Sát Thương Duy Trì cùng kích hoạt, Anubis chỉ nhận tối đa 3 tầng “Thẩm Lượng” từ kẻ địch đó.
NORMAL_TEXT	93005	Khi đạt đủ 6 tầng “Thẩm Lượng”, sau khi lần Sát Thương Duy Trì đang xử lý kết thúc, Anubis xóa toàn bộ “Thẩm Lượng” và lập tức thực hiện Đòn Đánh Theo Sau “Final Weighing” lên kẻ địch đang có nhiều loại Sát Thương Duy Trì nhất; nếu có nhiều mục tiêu bằng nhau, ưu tiên mục tiêu có HP hiện tại cao nhất.
NORMAL_TEXT	93308	Final Weighing khiến Anubis đưa quyền trượng ngang trước ngực, chiếc cân trên đầu trượng khóa thẳng vào mục tiêu rồi một cột sét đen giáng xuống. Gây Sát Thương Lôi bằng 160% Tấn Công lên mục tiêu và lập tức kích hoạt “Tử Lôi” của Anubis trên mục tiêu đó với 50% sát thương hiện tại mà không làm giảm thời gian tồn tại. 
HEADING_2	93629	Đột Phá
NORMAL_TEXT	93637	Mốc 1: “Tử Lôi” gây thêm 20% sát thương lên mục tiêu đang có ít nhất một Sát Thương Duy Trì khác ngoài “Tử Lôi”.
NORMAL_TEXT	93750	Mốc 2: Khi Final Weighing kích hoạt, các Sát Thương Duy Trì khác ngoài “Tử Lôi” đang tồn tại trên mục tiêu cũng lập tức gây thêm sát thương bằng 25% sát thương hiện tại của chúng. Hiệu ứng này không làm giảm thời gian tồn tại.
NORMAL_TEXT	93977	Mốc 3: Khi Hall of the Final Measure đánh trúng ít nhất 3 kẻ địch đang có Sát Thương Duy Trì, Anubis hồi 5 Năng Lượng.
NORMAL_TEXT	94096	Mốc phụ: 18% %Chính Xác Hiệu Ứng, 7,8% Sát Thương Nguyên Tố Lôi, 12% Tấn Công
HEADING_2	94175	Vận Mệnh
NORMAL_TEXT	94184	Vận Mệnh 1: Số tầng “Thẩm Lượng” cần để kích hoạt Final Weighing giảm từ 6 xuống 5. Hệ số sát thương trực tiếp của Final Weighing tăng từ 160% lên 200% Tấn Công.
NORMAL_TEXT	94346	Vận Mệnh 2: Khi Anubis ở trên sân, toàn bộ kẻ địch tăng 25% Sát Thương Duy Trì phải nhậnVận Mệnh 3: Cấp Chiến Kỹ +2. Cấp Tấn Công Thường +1.
NORMAL_TEXT	94488	Vận Mệnh 4:Cứ mỗi 1 sát thương duy trì được kích hoạt trên sân, Anubis hồi 2 năng lượng. Sau khi thi triển Tuyệt Kĩ, lượt gây sát thương đầu tiên của Anubis sẽ biến thành Sát Thương Chuẩn. 
NORMAL_TEXT	94678	Vận Mệnh 5: Cấp Tuyệt Kỹ +2. Cấp Thiên Phú +2.
NORMAL_TEXT	94725	Vận Mệnh 6: Khi Final Weighing kích hoạt, ngoài hiệu ứng vốn có, toàn bộ Sát Thương Duy Trì đang tồn tại trên mục tiêu lập tức gây thêm sát thương bằng 50% sát thương hiện tại mà không làm giảm thời gian tồn tại. Sau khi Final Weighing kết thúc, Anubis giữ lại 2 tầng “Thẩm Lượng” và tăng 20% %Xuyên Kháng Nguyên Tố trong 2 lượt.
NORMAL_TEXT	95056	Tóm tắt kit: Pandora 5★ giới hạn thiên sub-DPS Sát Thương Duy Trì nhưng vẫn có lượng sát thương cá nhân cao. Anubis đặt “Tử Lôi”, dùng “Cân Tử” để khuếch đại và kích hoạt sớm DoT của toàn đội, sau đó biến số lần DoT xảy ra thành “Thẩm Lượng” để tự động tung Final Weighing. Khác với Zerel tích tầng trên từng mục tiêu rồi đạt ngưỡng phát nổ, Anubis mạnh lên nhờ nhịp kích hoạt DoT của cả đội và đặc biệt phù hợp khi đi cùng nhiều nguồn Sát Thương Duy Trì khác nhau.
NORMAL_TEXT	95523	—------------------------------------------------------------------------------------------------------------------------
HEADING_1	95645	30. Nhân vật — Ares
NORMAL_TEXT	95665	Độ hiếm: 5★ giới hạn
NORMAL_TEXT	95686	Aspect: Trishula
NORMAL_TEXT	95703	Nguyên tố: Hoả
NORMAL_TEXT	95718	Giới tính: Nam
NORMAL_TEXT	95733	Vũ khí: Trường giáo
NORMAL_TEXT	95753	Ngoại hình: Ares có vóc dáng cao, mái tóc sẫm màu hơi rối và khoác giáp chiến màu tối với các đường kim loại đỏ như than đang cháy. Anh sử dụng một cây trường giáo dài, đầu giáo có cấu trúc nhiều cạnh và phát sáng mạnh hơn mỗi khi lượng Planck được dồn vào đòn đánh.
NORMAL_TEXT	96020	Chỉ số cơ bản Lv1: HP 152 | Tấn Công 95 | Phòng Thủ 68 | Tốc Độ 95
NORMAL_TEXT	96087	Chỉ số cơ bản Lv60: HP 1117 | Tấn Công 698 | Phòng Thủ 500 | Tốc Độ 95
HEADING_2	96159	Tấn Công Thường — First Blood
NORMAL_TEXT	96189	Ares xoay trường giáo một vòng sát thân rồi đâm thẳng vào mục tiêu. Gây Sát Thương Hoả bằng 110% Tấn Công lên một kẻ địch.
NORMAL_TEXT	96312	Hồi 1 Điểm Planck.
HEADING_2	96332	Chiến Kỹ — Spearhead: Break the Line
NORMAL_TEXT	96369	Khi sử dụng Chiến Kỹ, Ares có thể lựa chọn một trong ba cấp cường hóa tùy theo lượng Điểm Planck hiện có. Mỗi cấp được tính là cùng một Chiến Kỹ nhưng có chi phí và hệ số riêng.
NORMAL_TEXT	96547	Cấp I — Tiêu hao 1 Điểm Planck. Ares lao tới, quét ngang trường giáo rồi đâm vào mục tiêu chính, gây Sát Thương Hoả bằng 150% Tấn Công lên mục tiêu chính và 80% Tấn Công lên tối đa 2 mục tiêu lân cận.
NORMAL_TEXT	96748	Cấp II — Tiêu hao 2 Điểm Planck. Ares dồn thêm năng lượng vào thân giáo, kéo một vệt lửa dài xuyên qua ba mục tiêu, gây Sát Thương Hoả bằng 240% Tấn Công lên mục tiêu chính và 130% Tấn Công lên tối đa 2 mục tiêu lân cận. Đòn đánh này tăng 15% %Chí Mạng.
NORMAL_TEXT	97002	Cấp III — Tiêu hao thêm 50% HP hiện tai:  Ares nén ngọn lửa thiêu đốt vào mũi giáo, lao xuyên đội hình rồi quay người giáng một cú quét bùng nổ. Gây Sát Thương Hoả bằng 300% Tấn Công lên mục tiêu chính và 150% Tấn Công lên tối đa 2 mục tiêu lân cận. Đòn đánh này tăng 20% %Chí Mạng và bỏ qua 10% Phòng Thủ của các mục tiêu bị trúng đòn.
NORMAL_TEXT	97339	Khi HP không đủ sẽ giảm về 1, Chiến Kỹ này chỉ được kích hoạt khi HP lớn hơn 1 
HEADING_2	97420	Tuyệt Kỹ — March Until None Remain
NORMAL_TEXT	97455	Năng Lượng yêu cầu: 130.
NORMAL_TEXT	97480	Ares chống cán giáo xuống đất, một vòng lửa chiến mở rộng quanh anh trước khi anh lao thẳng vào tuyến địch bằng nhiều cú đâm liên tiếp và kết thúc bằng một cú bổ giáo từ trên cao. Gây Sát Thương Hoả bằng 260% Tấn Công lên mục tiêu chính và 150% Tấn Công lên tối đa 2 mục tiêu lân cận.
NORMAL_TEXT	97765	Sau khi sử dụng, Ares nhận “Tiến Quân Bất Tận” trong 2 lượt và nhận ngay 2 tầng “Chiến Ấn”. Khi có “Tiến Quân Bất Tận”, lần đầu mỗi lượt Ares sử dụng Spearhead: Break the Line ở Cấp II hoặc Cấp III, sẽ hồi lại 1 điểm Planck. Thiên Phú — War Demands a Price
NORMAL_TEXT	98026	Mỗi khi Ares sử dụng Spearhead: Break the Line ở Cấp II, nhận 1 tầng “Chiến Ấn”; nếu sử dụng Cấp III, nhận 2 tầng “Chiến Ấn”. “Chiến Ấn” cộng dồn tối đa 4 tầng và mỗi tầng tăng 6% sát thương Chiến Kỹ của Ares.
NORMAL_TEXT	98236	Khi đạt đủ 4 tầng “Chiến Ấn”, sau khi Chiến Kỹ kế tiếp của Ares gây sát thương, xóa toàn bộ “Chiến Ấn” và lập tức thực hiện Đòn Đánh Theo Sau “Red Reprisal”. Ares xoay trường giáo bằng một tay rồi phóng thẳng nó xuyên qua mục tiêu chính, gây Sát Thương Hoả bằng 180% Tấn Công lên mục tiêu chính và 90% Tấn Công lên tối đa 2 mục tiêu lân cận, sau đó hồi 10% HP“Red Reprisal” không thể tự tạo “Chiến Ấn”.
NORMAL_TEXT	98641	Đột Phá
NORMAL_TEXT	98649	Mốc 1: Spearhead: Break the Line Cấp II và Cấp III gây thêm 10% sát thương.
NORMAL_TEXT	98725	Mốc 2: Với mỗi điểm Tấn Công vượt trên 2000 điểm Tấn Công, tăng 0,02% %Chí Mạng, tối đa cộng dồn 20%
NORMAL_TEXT	98826	Mốc 3: Trong thời gian “Tiến Quân Bất Tận”, Spearhead: Break the Line Cấp III bỏ qua thêm 8% Phòng Thủ của mục tiêu.
NORMAL_TEXT	98943	Mốc phụ: 10,4% %Chí Mạng, 12% Sát Thương Chí Mạng, 7,8% Sát Thương Nguyên Tố Hoả
NORMAL_TEXT	99025	Vận Mệnh
NORMAL_TEXT	99034	Vận Mệnh 1: Chiến Ấn giảm từ 4 xuống 3, sau khi thi triển đòn đánh theo sau, Ares hồi cố định 10 năng lượng và nhận “Khát Máu” trong 3 lượt. Khi có “Khát Máu”, với mỗi kẻ địch có %HP hiện tại lớn hơn %HP hiện tại của Ares, sát thương Ares gây lên mục tiêu sẽ gây thêm 30% Sát Thương Hoả
NORMAL_TEXT	99321	Vận Mệnh 2: Khi Ares sử dụng Spearhead: Break the Line Cấp III, đòn đánh đó tăng thêm 20% %Xuyên Giáp. Nếu đòn đánh trúng đủ 3 mục tiêu, sau khi hành động kết thúc Ares hồi 8 Năng Lượng.
NORMAL_TEXT	99508	Vận Mệnh 3: Cấp Chiến Kỹ +2. Cấp Tấn Công Thường +1.
NORMAL_TEXT	99561	Vận Mệnh 4: Kháng Hiệu Ứng tăng 100%Vận Mệnh 5: Cấp Tuyệt Kỹ +2. Cấp Thiên Phú +2.
NORMAL_TEXT	99645	Vận Mệnh 6: Sau khi “Red Reprisal” kích hoạt, Ares giữ lại 2 tầng “Chiến Ấn” thay vì xóa toàn bộ. Trong thời gian “Tiến Quân Bất Tận”, lần đầu Ares sử dụng Spearhead: Break the Line Cấp III trong mỗi lượt sẽ gây thêm một lần Sát Thương Hoả bằng 120% Tấn Công lên mục tiêu chính và 60% Tấn Công lên tối đa 2 mục tiêu lân cận. Phần sát thương thêm này được tính là sát thương Chiến Kỹ.
NORMAL_TEXT	100030	Tóm tắt kit: Main DPS Trishula 5★ giới hạn có thể tự lựa chọn mức đầu tư Điểm Planck cho từng lần Chiến Kỹ. Cấp I giữ nhịp tài nguyên, Cấp II là mức tiêu hao trung bình, còn Cấp III đổi lượng Planck rất lớn lấy một đòn ba mục tiêu có hệ số và xuyên Phòng Thủ cao. “Chiến Ấn” biến việc sử dụng các cấp cường hóa thành Đòn Đánh Theo Sau có hoàn lại Planck, trong khi Tuyệt Kỹ mở cửa sổ “Tiến Quân Bất Tận” để Ares liên tục dùng các cấp Chiến Kỹ cao mà không làm mất hoàn toàn bản sắc đánh đổi tài nguyên của bộ kit.
NORMAL_TEXT	100545	—------------------------------------------------------------------------------------------------------------------------
HEADING_1	100667	31. Nhân vật — Poseidon
NORMAL_TEXT	100691	Độ hiếm: Xron 5★ giới hạn
NORMAL_TEXT	100717	Aspect: Trishula
NORMAL_TEXT	100734	Nguyên tố: Thuỷ Triều
NORMAL_TEXT	100756	Giới tính: Nữ
NORMAL_TEXT	100770	Vũ khí: Đinh ba
NORMAL_TEXT	100786	Ngoại hình: Poseidon có mái tóc vàng dài, phần đuôi tóc chuyển nhạt như ánh nắng xuyên qua mặt biển. Cô khoác giáp chiến xanh thẫm pha kim loại bạc và mang một cây đinh ba dài với ba mũi cong nhẹ; khi Triều Thế dâng cao, những vòng nước nén xoay quanh thân đinh ba như các tầng thủy áp.
NORMAL_TEXT	101073	Chỉ số cơ bản Lv1: HP 158 | Tấn Công 98 | Phòng Thủ 74 | Tốc Độ 106
NORMAL_TEXT	101141	Chỉ số cơ bản Lv60: HP 1161 | Tấn Công 720 | Phòng Thủ 544 | Tốc Độ 106
HEADING_2	101214	Tấn Công Thường — Low Tide
NORMAL_TEXT	101241	Poseidon xoay đinh ba sát mặt đất rồi hất một lưỡi nước nén xuyên vào mục tiêu. Gây Sát Thương Thuỷ Triều bằng 110% Tấn Công lên một kẻ địch và nhận 1 tầng “Triều Thế”.
NORMAL_TEXT	101410	Hồi 1 Điểm Planck.
HEADING_2	101430	Chiến Kỹ — Sea Rises
NORMAL_TEXT	101451	Tiêu hao 1 Điểm Planck.
NORMAL_TEXT	101475	Poseidon phi cây đinh ba xuyên thẳng đội hình kẻ địch. Gây Sát Thương Thuỷ Triều bằng 180% Tấn Công lên mục tiêu chính và 100% Tấn Công lên tối đa 2 mục tiêu lân cận, sau đó nhận 2 tầng “Triều Thế”.
NORMAL_TEXT	101674	Nếu sau khi nhận tầng, “Triều Thế” đạt giới hạn tối đa, Poseidon lập tức bước vào “Cực Triều” và Chiến Kỹ được cường hóa thành Sea Rises: Sovereign Tide, sau đó Ưu Tiên Hành Động 100%
NORMAL_TEXT	101858	Khi Cực Triều hết thời gian hiệu lực, xóa toàn bộ Triều Thế và Poseidon bước vào Nước Rút trong 2 lượt.
HEADING_2	101962	Sea Rises: Sovereign Tide
NORMAL_TEXT	101988	Tiêu hao 1 Điểm Planck.
NORMAL_TEXT	102012	Poseidon nâng đinh ba thẳng lên; toàn bộ mặt biển ảo phía sau cô dựng thành một bức tường nước khổng lồ rồi bị nén xuống ba mũi đinh ba. Cô lao xuyên mục tiêu chính và giải phóng khối thủy áp về hai phía, gây Sát Thương Thuỷ Triều bằng 320% Tấn Công lên mục tiêu chính và 200% Tấn Công lên tối đa 2 mục tiêu lân cận. Đòn đánh này tăng 20% %Chí Mạng và bỏ qua 18% Phòng Thủ của các mục tiêu bị trúng đòn.
HEADING_2	102416	Tuyệt Kỹ — The Sea Has No Shore
NORMAL_TEXT	102450	Năng Lượng yêu cầu: 140.
NORMAL_TEXT	102475	Poseidon triệu hồi rồng biển, lao đến gặm nhấm kẻ địch. Gây Sát Thương Thuỷ Triều bằng 360% Tấn Công lên mục tiêu chính và 170% Tấn Công lên tối đa 2 mục tiêu lân cận.
NORMAL_TEXT	102643	Sau khi sử dụng, Poseidon nhận ngay 3 tầng “Triều Thế” và “Vương Triều” trong 2 lượt. Khi có “Vương Triều”, sát thương Chiến Kỹ Cường Hóa và Đòn Đánh Theo Sau của Poseidon tăng 55%. Nếu Poseidon đang ở “Nước Rút”, Tuyệt Kỹ lập tức kết thúc “Nước Rút” trước khi trao “Triều Thế”. Nếu khi dùng Tuyệt Kĩ trong trạng thái “Cực Triều”, hiệu ứng “Cực Triều” sẽ kéo dài thêm 1 lượt 
HEADING_2	103020	Thiên Phú — What Returns to the Sea
NORMAL_TEXT	103056	“Triều Thế” cộng dồn tối đa 5 tầng. Trong trạng thái Nước Dâng, mỗi tầng “Triều Thế” tăng 5% sát thương Chiến Kỹ và 3% Hiệu Suất Phá Vỡ của Poseidon. Khi đạt 5 tầng, Poseidon bước vào “Cực Triều”, “Cực Triều” tồn tại trong 2 lượt.
NORMAL_TEXT	103287	Trong “Nước Rút”, Poseidon không thể nhận “Triều Thế” từ Tấn Công Thường hoặc Sea Rises, nhưng sau khi một đồng minh khác gây sát thương lên từ 2 kẻ địch trở lên, Poseidon lập tức thực hiện Đòn Đánh Theo Sau “Undertow” lên mục tiêu chính của hành động đó và tối đa 2 mục tiêu lân cận. Undertow khiến Poseidon quét ngang đinh ba, kéo một dòng nước ngược quấn qua đội hình địch, gây Sát Thương Thuỷ Triều bằng 140% Tấn Công lên mục tiêu chính và 80% Tấn Công lên tối đa 2 mục tiêu lân cận.
NORMAL_TEXT	103775	Mỗi lần Undertow kích hoạt, giảm thời gian “Nước Rút” còn lại đi 1 lượt; khi “Nước Rút” kết thúc theo cách này, Poseidon nhận 2 tầng “Triều Thế”. Undertow tối đa kích hoạt 1 lần giữa hai lượt của Poseidon và không thể tự kích hoạt lại chính nó.
NORMAL_TEXT	104020	Khi Poseidon trực tiếp phá Khiên bằng sát thương Thuỷ Triều, kích hoạt hiệu ứng nguyên tố “Triều Kích”: gây thêm Sát Thương Thuỷ Triều theo quy tắc phá Khiên, đẩy lùi tiến trình hành động của mục tiêu 15% và áp dụng “Ngập Triều” trong 2 lượt. Kẻ địch có “Ngập Triều” nhận thêm 8% sát thương từ Poseidon mỗi khi bị một nguồn sát thương khác với nguồn trước đó của Poseidon đánh trúng; hiệu ứng không cộng dồn.
HEADING_2	104430	Đột Phá
NORMAL_TEXT	104438	Mốc 1: Khi Poseidon đạt “Cực Triều”, hồi 15 Năng Lượng. Hiệu ứng tối đa kích hoạt 1 lần duy nhất mỗi lần Poseidon tiến vào trạng thái “Cực Triều”
NORMAL_TEXT	104584	Mốc 2: Undertow tăng 15% %Chí Mạng; nếu đánh trúng đủ 3 mục tiêu, Poseidon hồi 1 Điểm Planck. Hiệu ứng hồi Planck tối đa kích hoạt 2 lần trong 1 trận
NORMAL_TEXT	104734	Mốc 3: Mỗi lần tiêu diệt 3 kẻ địch, “Cực Triều” kéo dài thêm 1 lượt, tối đa 2 lần
NORMAL_TEXT	104816	Mốc phụ: 10,4% %Chí Mạng, 16% Sát Thương Chí Mạng, 10% Sát Thương Nguyên Tố Thuỷ 
HEADING_2	104899	Vận Mệnh
NORMAL_TEXT	104908	Vận Mệnh 1: Giới hạn “Triều Thế” giảm từ 5 xuống 4 tầng. Khi bước vào “Cực Triều”,sát thương Poseidon gây cho mục tiêu chính sẽ được tăng thêm bằng 30% tổng sát thương gây cho 2 mục tiêu lân cận.
NORMAL_TEXT	105105	Vận Mệnh 2: Sau khi Sea Rises: Sovereign Tide được sử dụng, Undertow kế tiếp trong giai đoạn “Nước Rút” gây thêm 120% Tấn Công dưới dạng Sát Thương Thuỷ Triều lên mục tiêu chính và 60% Tấn Công lên tối đa 2 mục tiêu lân cận. Phần sát thương thêm được tính là sát thương Đòn Đánh Theo Sau.
NORMAL_TEXT	105394	Vận Mệnh 3: Cấp Chiến Kỹ +2. Cấp Tấn Công Thường +1.
NORMAL_TEXT	105447	Vận Mệnh 4: Tất cả sát thương Poseidon gây ra đều được tính là sát thương chiến kỹ, tăng 25% sát thương chiến kỹ của PoseidonVận Mệnh 5: Cấp Tuyệt Kỹ +2. Cấp Thiên Phú +2.
NORMAL_TEXT	105620	Vận Mệnh 6: Sau khi Sea Rises: Sovereign Tide kết thúc, Poseidon giữ lại 2 tầng “Triều Thế” thay vì xóa toàn bộ. “Nước Rút” không còn ngăn Poseidon nhận “Triều Thế” từ Undertow. Khi đạt “Cực Triều” trong thời gian “Vương Triều”, Sea Rises: Sovereign Tide tăng thêm 20% %Xuyên Kháng Nguyên Tố và sau khi hành động kết thúc Poseidon được Ưu Tiên Hành Động 25%.
NORMAL_TEXT	105980	Tóm tắt kit: Poseidon là Xron Trishula hệ Thuỷ Triều lấy chu kỳ Nước Dâng → Cực Triều → Nước Rút làm trục vận hành. Tấn Công Thường và Chiến Kỹ tích “Triều Thế”; khi đạt cực đại, Chiến Kỹ chuyển thành Sea Rises: Sovereign Tide với hệ số và xuyên Phòng Thủ rất cao. Sau cú bùng nổ, Poseidon bước vào “Nước Rút”, chuyển nguồn sát thương chính sang Undertow — một Đòn Đánh Theo Sau được kích hoạt bởi các hành động đa mục tiêu của đồng đội — trước khi thủy triều dâng trở lại. Tuyệt Kỹ rút ngắn chu kỳ và mở “Vương Triều”, tạo cửa sổ để cả Chiến Kỹ Cường Hóa lẫn Đòn Đánh Theo Sau đạt mức sát thương Xron.
NORMAL_TEXT	106584	—------------------------------------------------------------------------------------------------------------------------
HEADING_1	106706	32. Nhân vật — Eris
NORMAL_TEXT	106726	Độ hiếm: 5★ giới hạn
NORMAL_TEXT	106747	Aspect: Pandora
NORMAL_TEXT	106763	Nguyên tố: Phong
NORMAL_TEXT	106780	Giới tính: Nữ
NORMAL_TEXT	106794	Vũ khí: Quỷ thư
NORMAL_TEXT	106810	Ngoại hình: Eris có mái tóc dài ngả xanh lá, phần ngọn tóc nhạt hơn như bị nhuộm bởi ánh sáng ma thuật. Cô đội một chiếc mũ phù thủy và mang theo một quỷ thư bọc kim loại tối; khi thi triển kỹ năng, các trang sách tự lật và những ký tự xanh lục bay khỏi mặt giấy thành các vòng gió méo lệch quanh kẻ địch.
NORMAL_TEXT	107116	Chỉ số cơ bản Lv1: HP 160 | Tấn Công 72 | Phòng Thủ 76 | Tốc Độ 111
NORMAL_TEXT	107184	Chỉ số cơ bản Lv60: HP 1176 | Tấn Công 529 | Phòng Thủ 559 | Tốc Độ 111
HEADING_2	107257	Tấn Công Thường — Crooked Footnote
NORMAL_TEXT	107292	Eris khép quỷ thư bằng một tay rồi giật ngược bìa sách; một dòng chữ xanh lục bị kéo khỏi trang giấy, cuộn thành lưỡi gió và quất thẳng vào mục tiêu. Gây Sát Thương Phong bằng 70% Tấn Công lên một kẻ địch.
NORMAL_TEXT	107498	Hồi 1 Điểm Planck.
HEADING_2	107518	Chiến Kỹ — Up Is a Suggestion
NORMAL_TEXT	107548	Tiêu hao 1 Điểm Planck.
NORMAL_TEXT	107572	Eris mở quỷ thư trước mặt, xoay ngược một trang giấy rồi dùng ngón tay kéo một ký tự từ dưới lên. Một cột gió méo dựng dưới chân mục tiêu chính và quét sang hai kẻ địch lân cận, gây Sát Thương Phong bằng 90% Tấn Công lên mục tiêu chính và 50% Tấn Công lên tối đa 2 mục tiêu lân cận.
NORMAL_TEXT	107855	Có 100% tỷ lệ cơ bản áp dụng “Trượt Nhịp” lên các mục tiêu trúng đòn trong 2 lượt. “Trượt Nhịp” giảm 12 Tốc Độ.
NORMAL_TEXT	107967	Nếu mục tiêu đã có bất kỳ hiệu ứng giảm Tốc Độ nào trước khi Chiến Kỹ gây sát thương, Eris có 80% tỷ lệ cơ bản gây “Hất Tung” lên mục tiêu đó. “Hất Tung” là hiệu ứng khống chế tức thời, đẩy lùi tiến trình hành động của mục tiêu 15% và không có thời gian tồn tại riêng.
HEADING_2	108237	Tuyệt Kỹ — The World Forgets the Floor
NORMAL_TEXT	108276	Năng Lượng yêu cầu: 130.
NORMAL_TEXT	108301	Eris giơ quỷ thư lên cao; toàn bộ trang sách bung khỏi gáy rồi xoay quanh chiến trường thành một vòng chữ khổng lồ. Cô búng tay, khiến mặt đất dưới đội hình địch bị bóp méo thành một lớp gió dựng đứng và toàn bộ kẻ địch bị hất lên khỏi vị trí. Gây Sát Thương Phong bằng 85% Tấn Công lên toàn bộ kẻ địch và có 100% tỷ lệ cơ bản áp dụng “Sai Trọng Lực” trong 2 lượt.
NORMAL_TEXT	108666	Kẻ địch có “Sai Trọng Lực” giảm 6% Kháng Nguyên Tố và 10% Kháng Hiệu Ứng.
NORMAL_TEXT	108740	Sau khi áp dụng “Sai Trọng Lực”, tất cả kẻ địch đang có hiệu ứng giảm Tốc Độ bị “Hất Tung”, đẩy lùi tiến trình hành động 20%. Kẻ địch không có hiệu ứng giảm Tốc Độ thay vào đó bị giảm 8 Tốc Độ trong 2 lượt.
HEADING_2	108948	Thiên Phú — Discord Needs No Invitation
NORMAL_TEXT	108988	Mỗi khi Eris áp dụng thành công hiệu ứng giảm Tốc Độ lên một kẻ địch, mục tiêu nhận 1 tầng “Bất Hòa” trong 2 lượt, cộng dồn tối đa 2 tầng. Mỗi tầng “Bất Hòa” khiến mục tiêu giảm 2% Kháng Nguyên Tố.
NORMAL_TEXT	109186	Khi một kẻ địch có đủ 2 tầng “Bất Hòa” bị “Hất Tung”, xóa toàn bộ “Bất Hòa” trên mục tiêu và áp dụng “Mất Thăng Bằng” trong 2 lượt. Kẻ địch có “Mất Thăng Bằng” giảm 7% Phòng Thủ và sát thương gây ra giảm 10%.
HEADING_2	109396	Đột Phá
NORMAL_TEXT	109404	Mốc 1: Khi “Hất Tung” được kích hoạt trên mục tiêu đang có “Trượt Nhịp”, thời gian “Trượt Nhịp” được làm mới thành 2 lượt. Mỗi mục tiêu chỉ có thể được làm mới theo cách này 1 lần giữa hai lượt của Eris.
NORMAL_TEXT	109608	Mốc 2: Kẻ địch có “Mất Thăng Bằng” giảm thêm 5% Kháng Nguyên Tố.
NORMAL_TEXT	109673	Mốc 3: Sau khi The World Forgets the Floor áp dụng thành công “Sai Trọng Lực” lên ít nhất 3 kẻ địch, Eris hồi 8 Năng Lượng.
NORMAL_TEXT	109797	Mốc phụ: 18% %Chính Xác Hiệu Ứng, 8 Tốc Độ, 12% HP
HEADING_2	109849	Vận Mệnh
NORMAL_TEXT	109858	Vận Mệnh 1: Up Is a Suggestion có thể gây “Hất Tung” lên mục tiêu đang có bất kỳ hiệu ứng bất lợi nào, không còn yêu cầu mục tiêu phải bị giảm Tốc Độ trước đó. Tỷ lệ cơ bản của “Hất Tung” tăng từ 80% lên 100% và mức đẩy lùi tiến trình hành động tăng từ 15% lên 20%.
NORMAL_TEXT	110124	Vận Mệnh 2: Khi một kẻ địch nhận “Mất Thăng Bằng”, Eris hồi 5 Năng Lượng; nếu mục tiêu đồng thời có “Sai Trọng Lực”, giảm thêm 8% Phòng Thủ trong thời gian “Mất Thăng Bằng”. Mỗi mục tiêu chỉ có thể hồi Năng Lượng cho Eris theo cách này 1 lần giữa hai lượt của cô.
NORMAL_TEXT	110388	Vận Mệnh 3: Cấp Chiến Kỹ +2. Cấp Tấn Công Thường +1.
NORMAL_TEXT	110441	Vận Mệnh 4: Khi trên sân tồn tại ít nhất một kẻ địch đang bị giảm Tốc Độ hoặc có hiệu ứng khống chế, Eris tăng 25% %Chính Xác Hiệu Ứng và 8 Tốc Độ.
NORMAL_TEXT	110589	Vận Mệnh 5: Cấp Tuyệt Kỹ +2. Cấp Thiên Phú +2.
NORMAL_TEXT	110636	Vận Mệnh 6: Mỗi lần Eris gây “Hất Tung” thành công, toàn bộ đồng minh được Ưu Tiên Hành Động 8%; hiệu ứng này tối đa kích hoạt 2 lần giữa hai lượt của Eris. Kẻ địch có “Sai Trọng Lực” và “Mất Thăng Bằng” đồng thời giảm thêm 10% Kháng Nguyên Tố, và lần đầu chúng bị “Hất Tung” trong thời gian hai hiệu ứng cùng tồn tại sẽ kéo dài “Sai Trọng Lực” thêm 1 lượt.
NORMAL_TEXT	110995	Tóm tắt kit: Pandora 5★ giới hạn thiên debuff support và kiểm soát nhịp hành động. Eris dùng giảm Tốc Độ để tạo điều kiện cho “Hất Tung”, liên tục đẩy lùi hành động của kẻ địch rồi chuyển chuỗi khống chế thành giảm Phòng Thủ, giảm Kháng Nguyên Tố và giảm sát thương gây ra. Tuyệt Kỹ mở cửa sổ debuff diện rộng, còn Thiên Phú thưởng cho việc duy trì nhiều lớp giảm Tốc Độ bằng cách đưa chủ lực của đội lên hành động sớm hơn.
NORMAL_TEXT	111420	—------------------------------------------------------------------------------------------------------------------------
HEADING_1	111542	33. Nhân vật — Hera
NORMAL_TEXT	111562	Độ hiếm: 5★ giới hạn
NORMAL_TEXT	111583	Aspect: Aegis
NORMAL_TEXT	111597	Nguyên tố: Thuỷ
NORMAL_TEXT	111613	Giới tính: Nữ
NORMAL_TEXT	111627	Vũ khí: Khổng tước ma thuật
NORMAL_TEXT	111655	Ngoại hình: Hera có mái tóc xanh lam dài, sắc tóc đậm dần về phần ngọn như mặt nước dưới bóng tối. Cô khoác trang phục hoàng gia pha giáp nhẹ, các chi tiết kim loại tạo thành họa tiết mắt chim. Một con khổng tước ma thuật luôn bay hoặc đậu gần Hera; khi chiến đấu, đuôi chim mở thành những vòng thủy quang giống hàng trăm con mắt đang quan sát chiến trường.
NORMAL_TEXT	112013	Chỉ số cơ bản Lv1: HP 160 | Tấn Công 72 | Phòng Thủ 84 | Tốc Độ 108
NORMAL_TEXT	112081	Chỉ số cơ bản Lv60: HP 1176 | Tấn Công 529 | Phòng Thủ 618 | Tốc Độ 108
HEADING_2	112154	Tấn Công Thường — A Feather Before the Throne
NORMAL_TEXT	112200	Hera nâng một tay ra hiệu; khổng tước lướt thấp qua chiến trường rồi quạt cánh, phóng một lưỡi nước mảnh vào mục tiêu. Gây Sát Thương Thuỷ bằng 70% Tấn Công lên một kẻ địch.
NORMAL_TEXT	112374	Hồi 1 Điểm Planck.
HEADING_2	112394	Chiến Kỹ — Eyes of the Queen
NORMAL_TEXT	112423	Tiêu hao 1 Điểm Planck.
NORMAL_TEXT	112447	Khổng tước bay lên phía trên đội hình phe ta rồi xòe đuôi; các “mắt” trên lông chim hóa thành những vòng nước khép lại quanh từng đồng minh. Tạo Khiên cho toàn bộ đồng minh bằng 16% Phòng Thủ của Hera + 480, tồn tại 2 lượt.
NORMAL_TEXT	112671	Sau khi tạo Khiên, toàn bộ kẻ địch áp dụng “Dưới Ánh Mắt Nữ Vương” trong 2 lượt. Kẻ địch có “Dưới Ánh Mắt Nữ Vương” giảm 8% Kháng Nguyên Tố Thuỷ. 
HEADING_2	112818	Tuyệt Kỹ — No Voice Above the Crown
NORMAL_TEXT	112854	Năng Lượng yêu cầu: 130.
NORMAL_TEXT	112879	Hera bước lên trước trong khi khổng tước bay vòng quanh cô; mặt nước ảo phủ kín chiến trường, sau đó hàng loạt lông chim phát sáng đồng loạt khép lại như những con mắt đang ra phán quyết. Tạo Khiên cho toàn bộ đồng minh bằng 22% Phòng Thủ của Hera + 680, tồn tại 2 lượt.
NORMAL_TEXT	113150	Đồng thời có 100% tỷ lệ cơ bản áp dụng “Triều Đình Tĩnh Lặng” lên toàn bộ kẻ địch trong 1 lượt. Kẻ địch có “Triều Đình Tĩnh Lặng” giảm 10 Tốc Độ và giảm 10% Kháng Nguyên Tố Thuỷ.
NORMAL_TEXT	113329	Sau khi áp dụng hiệu ứng, kẻ địch đang có đủ 3 tầng “Mắt Khổng Tước” bị áp dụng “Giam Thuỷ” trong 1 lượt: tiến trình hành động bị đẩy lùi 25% và mục tiêu không thể hành động trong thời gian hiệu lực. Sau khi “Giam Thuỷ” được áp dụng, xóa toàn bộ “Mắt Khổng Tước” trên mục tiêu đó.
HEADING_2	113611	Thiên Phú — The Bird Never Looks Away
NORMAL_TEXT	113649	Khi một đồng minh đang có Khiên do Hera tạo bị kẻ địch gây sát thương, khổng tước lập tức lao xuống phản kích kẻ tấn công, gây Sát Thương Thuỷ bằng 55% Tấn Công của Hera. Sát thương này được tính là Đòn Đánh Theo Sau.
NORMAL_TEXT	113867	Sau khi gây sát thương, có 100% tỷ lệ cơ bản áp dụng 1 tầng “Mắt Khổng Tước” lên mục tiêu trong 2 lượt, cộng dồn tối đa 3 tầng. Mỗi tầng khiến mục tiêu giảm 3% Kháng Nguyên Tố Thuỷ.
NORMAL_TEXT	114049	Đòn Đánh Theo Sau này tối đa kích hoạt 1 lần giữa hai lượt của Hera. Nếu mục tiêu đã có đủ 3 tầng “Mắt Khổng Tước” khi Đòn Đánh Theo Sau được kích hoạt, thay vì áp dụng thêm tầng, tiến trình hành động của mục tiêu bị đẩy lùi 15% và thời gian của “Mắt Khổng Tước” được làm mới thành 2 lượt.
HEADING_2	114340	Đột Phá
NORMAL_TEXT	114348	Mốc 1: Khi Eyes of the Queen tạo Khiên, mục tiêu “Dưới Ánh Mắt Nữ Vương” đồng thời giảm 10% Kháng Hiệu Ứng trong 2 lượt.
NORMAL_TEXT	114469	Mốc 2: Khi Đòn Đánh Theo Sau của The Bird Never Looks Away đánh trúng mục tiêu có đủ 3 tầng “Mắt Khổng Tước”, Hera hồi 5 Năng Lượng.
NORMAL_TEXT	114602	Mốc 3: Đồng minh có Khiên do Hera tạo gây thêm 10% Sát Thương Thuỷ lên kẻ địch đang có “Dưới Ánh Mắt Nữ Vương”.
NORMAL_TEXT	114714	Mốc phụ: 18% Phòng Thủ, 18% %Chính Xác Hiệu Ứng, 6 Tốc Độ
HEADING_2	114773	Vận Mệnh
NORMAL_TEXT	114782	Vận Mệnh 1: Khi trong đội có 1/2/3 nhân vật sở hữu nguyên tố Thuỷ (tính cả Hera), toàn bộ đồng minh lần lượt nhận một trong các mốc hiệu ứng sau: 10% Sát Thương Chí Mạng / 20% Sát Thương Nguyên Tố Thuỷ / sau khi gây sát thương, gây thêm Sát Thương Chuẩn bằng 30% sát thương của chính đòn đánh đó. Chỉ có mốc cao nhất đạt được tồn tại trong trận.Vận Mệnh 2: Khi “Giam Thuỷ” được áp dụng thành công, Hera lập tức phục hồi Khiên cho toàn bộ đồng minh đang có Khiên do Hera tạo bằng 8% Phòng Thủ của Hera + 180; mỗi mục tiêu chỉ có thể kích hoạt hiệu ứng này 1 lần giữa hai lượt của Hera.
NORMAL_TEXT	115368	Vận Mệnh 3: Cấp Chiến Kỹ +2. Cấp Tấn Công Thường +1.
NORMAL_TEXT	115421	Vận Mệnh 4: Đồng minh có Khiên của hera được cung cấp thêm 20% %Chí MạngVận Mệnh 5: Cấp Tuyệt Kỹ +2. Cấp Thiên Phú +2.
NORMAL_TEXT	115541	Vận Mệnh 6: Kẻ địch đang có “Triều Đình Tĩnh Lặng” hoặc “Giam Thuỷ” giảm thêm 12% Kháng Nguyên Tố Thuỷ. Khi Hera áp dụng thành công “Giam Thuỷ”, toàn bộ đồng minh có Khiên do Hera tạo được Ưu Tiên Hành Động 12%; hiệu ứng Ưu Tiên Hành Động tối đa kích hoạt 1 lần giữa hai lượt của Hera.
NORMAL_TEXT	115828	Tóm tắt kit: Aegis 5★ giới hạn thiên về bảo hộ kết hợp kiểm soát. Hera cung cấp Khiên toàn đội ở mức trung bình, sau đó dùng khổng tước phản kích những kẻ tấn công đồng minh có Khiên để tích “Mắt Khổng Tước”, liên tục giảm Kháng Thuỷ và đẩy lùi tiến trình hành động. Tuyệt Kỹ vừa làm mới lớp bảo hộ vừa mở cửa sổ giảm Tốc Độ, giảm Kháng Thuỷ và chuyển các mục tiêu đã bị khổng tước theo dõi đủ lâu thành trạng thái khống chế “Giam Thuỷ”.
NORMAL_TEXT	116266	—------------------------------------------------------------------------------------------------------------------------
HEADING_1	116388	34. Nhân vật — Hephaestus
NORMAL_TEXT	116414	Độ hiếm: 5★ giới hạn
NORMAL_TEXT	116435	Aspect: Keraunos
NORMAL_TEXT	116452	Nguyên tố: Hoả
NORMAL_TEXT	116467	Giới tính: Nam
NORMAL_TEXT	116482	Vũ khí: Búa rèn thần công
NORMAL_TEXT	116508	Ngoại hình: Hephaestus có mái tóc sẫm pha ánh đỏ đồng, cơ thể rắn chắc và mang trang phục thợ rèn chiến đấu với các mảng kim loại cháy âm ỉ ở đường ghép. Anh sử dụng một cây búa rèn nặng có lõi lò nung ở đầu búa; mỗi khi tích lũy tài nguyên, các khe kim loại trên búa sáng dần như một phôi thép vừa ra khỏi lò.
NORMAL_TEXT	116819	Chỉ số cơ bản Lv1: HP 160 | Tấn Công 74 | Phòng Thủ 80 | Tốc Độ 107
NORMAL_TEXT	116887	Chỉ số cơ bản Lv60: HP 1176 | Tấn Công 544 | Phòng Thủ 588 | Tốc Độ 107
HEADING_2	116959	Tấn Công Thường — First Spark
NORMAL_TEXT	116989	Hephaestus xoay búa rèn bằng một tay rồi nện cạnh búa xuống mục tiêu, làm bật ra một vệt lửa ngắn. Gây Sát Thương Hoả bằng 70% Tấn Công lên một kẻ địch.
NORMAL_TEXT	117142	Hồi 1 Điểm Planck.
HEADING_2	117161	Chiến Kỹ — Temper the Fault
NORMAL_TEXT	117189	Tiêu hao 1 Điểm Planck.
NORMAL_TEXT	117213	Hephaestus kéo đầu búa qua mặt đất, nung đỏ một đường kim loại rồi tung cú nện làm ngọn lửa dồn thẳng vào mục tiêu. Gây Sát Thương Hoả bằng 120% Tấn Công lên một kẻ địch và có 100% tỷ lệ cơ bản áp dụng “Vết Nứt Nhiệt” trong 2 lượt. Kẻ địch có “Vết Nứt Nhiệt” giảm 10% Kháng Nguyên Tố Hoả.
NORMAL_TEXT	117502	Sau khi Chiến Kỹ gây sát thương, toàn bộ đồng minh nhận “Phôi Rèn” trong 2 lượt. Khi có “Phôi Rèn”, sát thương Chiến Kỹ gây lên mục tiêu đang có “Vết Nứt Nhiệt” tăng 12%. Hiệu ứng cùng tên không cộng dồn.
HEADING_2	117707	Tuyệt Kỹ — The Forge Gives Back
NORMAL_TEXT	117739	Năng Lượng yêu cầu: 130.
NORMAL_TEXT	117764	Hephaestus dựng búa rèn xuống đất và mở lõi lò nung bên trong; các đường kim loại sáng chạy qua đội hình như một mạng lưới dẫn nhiệt rồi bùng lên thành những phôi thép đỏ. Lập tức hồi 3 Điểm Planck cho đội và tăng 20% Tấn Công của toàn bộ đồng minh trong 2 lượt.
NORMAL_TEXT	118027	Nếu lượng Điểm Planck được hồi vượt quá giới hạn hiện tại của đội, với mỗi 1 Điểm Planck bị dư, toàn bộ đồng minh tăng thêm 6% sát thương Chiến Kỹ trong 2 lượt, tối đa tính 3 Điểm Planck dư.
HEADING_2	118218	Thiên Phú — Nothing Leaves the Forge Unused
NORMAL_TEXT	118262	Mỗi khi một đồng minh tiêu hao Điểm Planck để sử dụng Chiến Kỹ, Hephaestus nhận số tầng “Phế Liệu” bằng số Điểm Planck thực tế đã tiêu hao, cộng dồn tối đa 6 tầng.
NORMAL_TEXT	118426	Khi “Phế Liệu” đạt 4 tầng, xóa 4 tầng và hồi 1 Điểm Planck cho đội. Hiệu ứng này tối đa kích hoạt 1 lần, làm mới sau hai hiệp nữa. Nếu lượng Điểm Planck đang ở giới hạn tối đa, hiệu ứng không tiêu hao “Phế Liệu” cho đến khi đội có thể nhận lại Điểm Planck.
NORMAL_TEXT	118683	Sau khi một đồng minh kích hoạt việc hồi Điểm Planck từ Thiên Phú này, sát thương Chiến Kỹ kế tiếp của chính đồng minh đó tăng 10%.
HEADING_2	118815	Đột Phá
NORMAL_TEXT	118823	Mốc 1: Khi Hephaestus có mặt trong đội hình, giới hạn Điểm Planck của đội tăng từ 5 lên 8. Khi bắt đầu trận, đội bắt đầu với 6 Điểm Planck thay vì 3. Hiệu ứng này không cộng dồn nếu có nhiều nguồn cùng loại.
NORMAL_TEXT	119031	Mốc 2: Tấn Công Thường của Hephaestus hồi thêm 15 Năng Lượng.
NORMAL_TEXT	119093	Mốc 3: Với mỗi tầng “Phế Liệu” hiện còn tồn tại, toàn đội tăng 5% Tấn Công tương ứng với mỗi tầngMốc phụ: 8 Tốc Độ, 18% %Chính Xác Hiệu Ứng, 4% %Hồi Năng Lượng
HEADING_2	119254	Vận Mệnh
NORMAL_TEXT	119263	Vận Mệnh 1: Sau khi thi triển Tuyệt Kĩ, toàn đội nhận 24% Xuyên Kháng nguyên tố HoảVận Mệnh 2: “Vết Nứt Nhiệt” giảm Kháng Nguyên Tố Hoả từ 10% lên 15%. Đồng minh gây sát thương bằng Chiến Kỹ lên mục tiêu có “Vết Nứt Nhiệt” tăng thêm 15% Sát Thương Chí Mạng cho đòn đánh đó.
NORMAL_TEXT	119538	Vận Mệnh 3: Cấp Chiến Kỹ +2. Cấp Tấn Công Thường +1.
NORMAL_TEXT	119591	Vận Mệnh 4: Giới hạn điểm Planck tăng từ 8 lên 9Vận Mệnh 5: Cấp Tuyệt Kỹ +2. Cấp Thiên Phú +2.
NORMAL_TEXT	119687	Vận Mệnh 6: Sau khi Hephaestus sử dụng The Forge Gives Back, đội nhận “Đại Rèn” trong 2 lượt. Trong thời gian này, 3 lần đầu đồng minh sử dụng Chiến Kỹ có tiêu hao Điểm Planck sẽ được hồi lại 1 Điểm Planck sau khi hành động kết thúc. Điểm Planck được hồi theo cách này vẫn có thể tương tác với các hiệu ứng theo dõi việc hồi Điểm Planck nhưng không tạo thêm “Phế Liệu”. Đồng thời, khi Nothing Leaves the Forge Unused hồi Điểm Planck, đồng minh vừa kích hoạt hiệu ứng được Ưu Tiên Hành Động 12%; mỗi đồng minh tối đa nhận hiệu ứng Ưu Tiên Hành Động này 1 lần giữa hai lượt của Hephaestus.
NORMAL_TEXT	120276	Tóm tắt kit: Keraunos 5★ giới hạn chuyên phục vụ đội hình tiêu thụ nhiều Điểm Planck và lấy Chiến Kỹ làm nguồn sát thương chính. Hephaestus dùng Temper the Fault để gây sát thương và mở giảm Kháng Hoả, sau đó tái chế lượng Planck đồng minh đã tiêu bằng “Phế Liệu”. Đột Phá Mốc 1 thay đổi trực tiếp economy của đội từ trần 5/khởi đầu 3 thành trần 8/khởi đầu 6, còn The Forge Gives Back vừa bơm Planck tức thời vừa mở cửa sổ tăng Tấn Công và sát thương Chiến Kỹ. Vận Mệnh tập trung rút ngắn chu kỳ hoàn Planck và khiến Hephaestus trở thành lõi vận hành cho các đội hình spam Chiến Kỹ.
NORMAL_TEXT	120861	—------------------------------------------------------------------------------------------------------------------------
HEADING_1	120983	35. Nhân vật — Hades
NORMAL_TEXT	121005	Độ hiếm: Xron 5★ giới hạn
NORMAL_TEXT	121031	Aspect: Pandora
NORMAL_TEXT	121047	Nguyên tố: Ám
NORMAL_TEXT	121061	Giới tính: Nữ
NORMAL_TEXT	121075	Vũ khí: Dao găm
NORMAL_TEXT	121091	Ngoại hình: Hades có mái tóc bạch kim dài, một nửa gương mặt được che bởi chiếc mặt nạ tối màu có đường viền bạc. Cô khoác trang phục chiến đấu đen pha kim loại lạnh, mang một con dao găm mảnh với lưỡi tối như hấp thụ ánh sáng; khi “Chết Chóc” được hình thành, những vệt chữ đen như khói trượt dọc sống dao và bám lên mục tiêu.
NORMAL_TEXT	121419	Chỉ số cơ bản Lv1: HP 156 | Tấn Công 96 | Phòng Thủ 70 | Tốc Độ 109
NORMAL_TEXT	121487	Chỉ số cơ bản Lv60: HP 1147 | Tấn Công 706 | Phòng Thủ 515 | Tốc Độ 109
HEADING_2	121559	Tấn Công Thường — Last Courtesy
NORMAL_TEXT	121591	Hades lật con dao găm trong tay rồi lướt sát qua mục tiêu, để lại một đường cắt Ám mảnh như bị xóa khỏi ánh sáng. Gây Sát Thương Ám bằng 85% Tấn Công lên một kẻ địch.
NORMAL_TEXT	121758	Hồi 1 Điểm Planck.
HEADING_2	121777	Chiến Kỹ — No One Leaves Twice
NORMAL_TEXT	121808	Tiêu hao 1 Điểm Planck.
NORMAL_TEXT	121832	Hades biến mất trong một dải bóng tối, xuất hiện phía sau mục tiêu chính rồi kéo dao găm thành một đường vòng khiến bóng của hai kẻ địch lân cận cùng bị rạch mở. Gây Sát Thương Ám bằng 110% Tấn Công lên mục tiêu chính và 60% Tấn Công lên tối đa 2 mục tiêu lân cận.
NORMAL_TEXT	122097	Có 100% tỷ lệ cơ bản áp dụng “Mộ Chí” lên các mục tiêu trúng đòn trong 2 lượt. Kẻ địch có “Mộ Chí” giảm 12% Kháng Nguyên Tố Ám và tăng 18% Sát Thương Duy Trì phải nhận.
HEADING_2	122266	Tuyệt Kỹ — The Kingdom Beneath Every Name
NORMAL_TEXT	122308	Năng Lượng yêu cầu: 140.
NORMAL_TEXT	122333	Hades tháo nửa chiếc mặt nạ, để bóng tối từ phía sau cô phủ kín chiến trường; mọi dấu ấn gây sát thương trên kẻ địch đồng loạt sáng lên trước khi bị kéo xuống như rơi qua một cánh cửa vô hình. Gây Sát Thương Ám bằng 120% Tấn Công lên toàn bộ kẻ địch.
NORMAL_TEXT	122584	Sau khi gây sát thương, toàn bộ Sát Thương Duy Trì đang tồn tại trên mỗi kẻ địch lập tức kích hoạt 2 lần liên tiếp với 100% sát thương hiện tại của từng hiệu ứng. Hai lần kích hoạt này không làm giảm thời gian tồn tại hoặc số tầng của các hiệu ứng. Khi Tuyệt Kỹ được sử dụng, hiệu ứng kích hoạt “Chết Chóc” thông thường từ Thiên Phú được thay thế bởi hai lần kích hoạt này, không cộng thêm một lần thứ ba.
NORMAL_TEXT	122990	Sau khi Tuyệt Kỹ kết thúc, hồi 1 Điểm Planck cho đội.
HEADING_2	123044	Thiên Phú — Death Is Only a Change of Owner
NORMAL_TEXT	123088	Mỗi khi Hades sử dụng Tấn Công Thường, Chiến Kỹ hoặc Tuyệt Kỹ, trước khi hành động gây sát thương, cô đọc toàn bộ Sát Thương Duy Trì đang tồn tại trên từng kẻ địch. Với mỗi mục tiêu có ít nhất một Sát Thương Duy Trì khác “Chết Chóc”, Hades tạo hoặc làm mới “Chết Chóc” trong 2 lượt.
NORMAL_TEXT	123371	“Chết Chóc” là Sát Thương Duy Trì Ám do Hades sở hữu. Sát thương hiện tại của “Chết Chóc” bằng 80% tổng sát thương mà toàn bộ Sát Thương Duy Trì khác đang tồn tại trên mục tiêu sẽ gây ra nếu được kích hoạt tại thời điểm chuyển hóa. Các Sát Thương Duy Trì gốc không bị xóa, không bị tiêu hao và tiếp tục duy trì thời gian riêng; “Chết Chóc” chỉ ghi lại giá trị sát thương của chúng tại thời điểm Hades hành động và không tính chính “Chết Chóc” vào lần chuyển hóa tiếp theo.
NORMAL_TEXT	123844	Sau khi Tấn Công Thường hoặc Chiến Kỹ của Hades gây sát thương, “Chết Chóc” trên tất cả kẻ địch lập tức kích hoạt 1 lần với 100% sát thương hiện tại mà không làm giảm thời gian tồn tại. Khi Hades sử dụng Tuyệt Kỹ, cơ chế này được thay thế bởi hiệu ứng kích hoạt 2 lần của Tuyệt Kỹ.
HEADING_2	124126	Đột Phá
NORMAL_TEXT	124134	Mốc 1: Khi một kẻ địch bị phá Khiên bởi Sát Thương Ám, sau khi cơ chế phá Khiên Ám kích hoạt toàn bộ hiệu ứng xấu có khả năng gây sát thương, Hades lập tức làm mới giá trị “Chết Chóc” trên mục tiêu đó theo toàn bộ Sát Thương Duy Trì còn tồn tại.
NORMAL_TEXT	124380	Mốc 2: Hệ số chuyển hóa của “Chết Chóc” tăng từ 80% lên 90%. Khi “Chết Chóc” kích hoạt trên mục tiêu đang có “Mộ Chí”, sát thương của lần kích hoạt đó bỏ qua 10% Phòng Thủ.
NORMAL_TEXT	124553	Mốc 3: Khi Hades sử dụng Chiến Kỹ lên mục tiêu đang có từ 3 hiệu ứng Sát Thương Duy Trì trở lên, hồi 8 Năng Lượng; tối đa 1 lần giữa hai lượt của Hades.
NORMAL_TEXT	124706	Mốc phụ: 18% %Chính Xác Hiệu Ứng, 10% Sát Thương Nguyên Tố Ám, 8 Tốc Độ
HEADING_2	124778	Vận Mệnh
NORMAL_TEXT	124787	Vận Mệnh 1: Sau khi một đồng minh khác áp dụng mới hoặc làm mới Sát Thương Duy Trì lên kẻ địch, Hades lập tức cập nhật giá trị “Chết Chóc” trên mục tiêu đó. Hiệu ứng này tối đa kích hoạt 1 lần trên mỗi mục tiêu giữa hai lượt của Hades. Chiến Kỹ giờ đây cũng có thể kích hoạt toàn bộ sát thương duy trì mà kẻ địch phải nhận với hệ số 65%
NORMAL_TEXT	125124	Vận Mệnh 2: Hệ số chuyển hóa của “Chết Chóc” tăng thêm 20%. Mỗi loại Sát Thương Duy Trì khác nhau được ghi nhận khi tạo “Chết Chóc” khiến lần kích hoạt kế tiếp của “Chết Chóc” tăng 5% sát thương, tối đa 20%.
NORMAL_TEXT	125332	Vận Mệnh 3: Cấp Chiến Kỹ +2. Cấp Tấn Công Thường +1.
NORMAL_TEXT	125385	Vận Mệnh 4:Khi Hades có mặt trên sân, sát thương duy trì kẻ địch phải nhận tăng 35%Vận Mệnh 5: Cấp Tuyệt Kỹ +2. Cấp Thiên Phú +2.
NORMAL_TEXT	125516	Vận Mệnh 6: The Kingdom Beneath Every Name khiến toàn bộ Sát Thương Duy Trì trên kẻ địch kích hoạt 3 lần thay vì 2 lần. Sau khi một kẻ địch bị phá Khiên bởi Sát Thương Ám, “Chết Chóc” trên mục tiêu đó lập tức kích hoạt thêm 1 lần sau khi toàn bộ hiệu ứng xấu có khả năng gây sát thương đã được kích hoạt bởi cơ chế nguyên tố Ám. Lần kích hoạt bổ sung này không làm giảm thời gian tồn tại.
NORMAL_TEXT	125905	Tóm tắt kit: Hades là Xron Pandora hệ Ám lấy Sát Thương Duy Trì của toàn đội làm nguyên liệu cho nguồn sát thương riêng. Thiên Phú liên tục ghi lại tổng giá trị DoT hiện có thành “Chết Chóc”, một DoT Ám thuộc Hades được kích hoạt mỗi khi cô hành động; vì vậy phần lớn sát thương của Hades đến từ Thiên Phú thay vì hệ số trực tiếp của Chiến Kỹ. Tuyệt Kỹ biến toàn bộ DoT đang tồn tại thành một cửa sổ bùng nổ hai nhịp đồng thời hoàn lại 1 Điểm Planck, còn cơ chế phá Khiên của nguyên tố Ám khiến các đội hình nhiều hiệu ứng gây sát thương có thêm một điểm bùng nổ độc lập.
NORMAL_TEXT	126478	—------------------------------------------------------------------------------------------------------------------------
HEADING_1	126600	36. Nhân vật — Prometheus
NORMAL_TEXT	126626	Độ hiếm: 5★ giới hạn
NORMAL_TEXT	126647	Aspect: Pandora
NORMAL_TEXT	126663	Nguyên tố: Hoả
NORMAL_TEXT	126678	Giới tính: Nữ
NORMAL_TEXT	126692	Chủng tộc: Long tộc
NORMAL_TEXT	126712	Vũ khí: Xiềng xích hỏa đồng
NORMAL_TEXT	126740	Ngoại hình: Prometheus có mái tóc tím dài, cặp sừng rồng mảnh cong nhẹ về sau và những mảng vảy tím sẫm xuất hiện dọc vai cùng cánh tay. Cô sử dụng một chuỗi xiềng xích kim loại nung đỏ, các mắt xích khắc phù văn như đang giữ một ngọn lửa sống; khi “Tàn Long” tăng cao, ánh lửa bên trong vảy và xiềng xích sáng dần từ tím sang đỏ trắng.
NORMAL_TEXT	127077	Chỉ số cơ bản Lv1: HP 150 | Tấn Công 94 | Phòng Thủ 68 | Tốc Độ 108
NORMAL_TEXT	127145	Chỉ số cơ bản Lv60: HP 1103 | Tấn Công 691 | Phòng Thủ 500 | Tốc Độ 108
NORMAL_TEXT	127218	Tấn Công Thường — Ash Without Permission
NORMAL_TEXT	127259	Prometheus giật một đầu xiềng xích khỏi mặt đất rồi quất ngang qua mục tiêu, để lại một vệt lửa tím ngắn trên không trung. Gây Sát Thương Hoả bằng 85% Tấn Công lên một kẻ địch.
NORMAL_TEXT	127436	Hồi 1 Điểm Planck.
NORMAL_TEXT	127456	Chiến Kỹ — Steal Another Spark
NORMAL_TEXT	127487	Tiêu hao 1 Điểm Planck.
NORMAL_TEXT	127511	Prometheus xoay xiềng xích thành một vòng lửa rồi siết nó qua mục tiêu chính và quét sang hai kẻ địch lân cận. Gây Sát Thương Hoả bằng 75% Tấn Công lên mục tiêu chính và 40% Tấn Công lên tối đa 2 mục tiêu lân cận, đồng thời có 100% tỷ lệ cơ bản áp dụng “Long Diệm” trong 2 lượt lên các mục tiêu trúng đòn.
NORMAL_TEXT	127817	Sau khi sử dụng, Prometheus nhận 10 tầng “Tàn Long”, cộng dồn tối đa 50 tầng. Trước khi gây sát thương, với mỗi 10 tầng “Tàn Long” đang có, hệ số sát thương của Chiến Kỹ tăng thêm 20% Tấn Công lên mục tiêu chính và 10% Tấn Công lên các mục tiêu lân cận.
NORMAL_TEXT	128071	Khi Prometheus đang có đủ 50 tầng “Tàn Long”, Chiến Kỹ được cường hóa thành Steal Another Spark: Unbound Flame.
NORMAL_TEXT	128184	Steal Another Spark: Unbound Flame
NORMAL_TEXT	128219	Tiêu hao 1 Điểm Planck.
NORMAL_TEXT	128243	Prometheus dang rộng đôi cánh, phun một quả cầu lửa rực cháy về phía kẻ địch.Gây Sát Thương Hoả bằng 300% Tấn Công lên mục tiêu chính và 160% Tấn Công lên tối đa 2 mục tiêu lân cận.
NORMAL_TEXT	128425	Sau khi gây sát thương, làm mới “Long Diệm” trên các mục tiêu trúng đòn thành 2 lượt rồi lập tức kích hoạt 1 lần “Long Diệm” do Prometheus sở hữu trên các mục tiêu đó với 100% sát thương hiện tại mà không làm giảm thời gian tồn tại. Sau khi toàn bộ hiệu ứng kết thúc, tiêu hao toàn bộ 50 tầng “Tàn Long”.
NORMAL_TEXT	128731	Tuyệt Kỹ — Let Them Come Closer to the Fire
NORMAL_TEXT	128775	Năng Lượng yêu cầu: 130.
NORMAL_TEXT	128800	Prometheus hoá rồng phun lửa liên tục vào kẻ địch. Gây Sát Thương Hoả bằng 100% Tấn Công lên toàn bộ kẻ địch và có 100% tỷ lệ cơ bản áp dụng “Hỏa Khế” trong 2 lượt.
NORMAL_TEXT	128965	Kẻ địch có “Hỏa Khế” giảm 12% Kháng Nguyên Tố Hoả và giảm 15% sát thương gây ra. Sau khi áp dụng “Hỏa Khế”, tiến trình hành động của toàn bộ kẻ địch được đẩy lên 25%. Việc đẩy tiến trình hành động này có thể khiến kẻ địch bắt đầu lượt sớm hơn và các Sát Thương Duy Trì đang tồn tại trên chúng vẫn kích hoạt theo quy tắc bắt đầu lượt thông thường.
NORMAL_TEXT	129313	Thiên Phú — A Flame Learns Every Chain
NORMAL_TEXT	129352	“Long Diệm” là Sát Thương Duy Trì Hoả do Prometheus sở hữu. Khi mục tiêu bắt đầu lượt, “Long Diệm” gây Sát Thương Duy Trì Hoả bằng 35% Tấn Công của Prometheus. Việc áp dụng lại “Long Diệm” chỉ làm mới thời gian tồn tại và không tạo thêm một bản sao cùng tên.
NORMAL_TEXT	129611	Mỗi tầng “Tàn Long” tăng 3% sát thương “Long Diệm” gây ra, tối đa tăng 150% tại 50 tầng. Khi “Long Diệm” bị kích hoạt ngoài thời điểm bắt đầu lượt thông thường của mục tiêu bởi bất kỳ hiệu ứng nào, Prometheus nhận 2 tầng “Tàn Long”; trong cùng một hành động, tối đa nhận 6 tầng “Tàn Long” theo cách này.
NORMAL_TEXT	129915	Khi Steal Another Spark: Unbound Flame kích hoạt “Long Diệm”, sát thương của lần kích hoạt đó được tính theo số tầng “Tàn Long” trước khi 50 tầng bị tiêu hao.
NORMAL_TEXT	130075	Đột Phá
NORMAL_TEXT	130083	Mốc 1: Khi bắt đầu trận, Prometheus nhận 10 tầng “Tàn Long”.
NORMAL_TEXT	130144	Mốc 2: “Long Diệm” gây sát thương lên mục tiêu đang có ít nhất 2 Sát Thương Duy Trì khác nhau sẽ bỏ qua 10% Phòng Thủ của mục tiêu.
NORMAL_TEXT	130276	Mốc 3: Chiến Kĩ và Chiến Kĩ cường hoá của Prometheus luôn chí mạng với %Sát Thương Chí Mạng bằng 50% %Chính Xác Hiệu Ứng của PrometheusMốc phụ: 18% %Chính Xác Hiệu Ứng, 7,8% Sát Thương Nguyên Tố Hoả, 12% Tấn Công
NORMAL_TEXT	130491	Vận Mệnh
NORMAL_TEXT	130500	Vận Mệnh 1: Mỗi tầng “Tàn Long” tăng sát thương “Long Diệm” thêm 4% thay vì 3%. Steal Another Spark: Unbound Flame gây thêm 20% sát thương.
NORMAL_TEXT	130640	Vận Mệnh 2: Khi “Long Diệm” bị kích hoạt ngoài lượt của mục tiêu, lần sát thương đó bỏ qua thêm 18% Phòng Thủ. Lần “Long Diệm” được kích hoạt bởi Steal Another Spark: Unbound Flame tăng thêm 30% sát thương.
NORMAL_TEXT	130847	Vận Mệnh 3: Cấp Chiến Kỹ +2. Cấp Tấn Công Thường +1.
NORMAL_TEXT	130900	Vận Mệnh 4: Khi Prometheus có từ 25 tầng “Tàn Long” trở lên, “Long Diệm” được cường hoá có tỉ lệ chí mạng cố định là 20% và sát thương chí mạng bằng số tầng “Tàn Long” Vận Mệnh 5: Cấp Tuyệt Kỹ +2. Cấp Thiên Phú +2.
NORMAL_TEXT	131116	Vận Mệnh 6: Steal Another Spark: Unbound Flame tăng thêm 40% sát thương. Sau khi gây sát thương, “Long Diệm” trên các mục tiêu trúng đòn được kích hoạt 2 lần liên tiếp thay vì 1 lần; lần kích hoạt thứ hai gây 80% sát thương hiện tại và cả hai lần đều không làm giảm thời gian tồn tại.
NORMAL_TEXT	131402	Tóm tắt kit: Prometheus là Pandora Hoả 5★ giới hạn đóng vai trò DPS thứ hai trong đội hình Sát Thương Duy Trì. Chiến Kỹ có hệ số ban đầu thấp nhưng tích “Tàn Long” tới 50 tầng để liên tục nâng hệ số trực tiếp và sát thương “Long Diệm”; tại 50 tầng, Chiến Kỹ chuyển thành Unbound Flame với hệ số lớn và tự kích hoạt DoT của Prometheus. Tuyệt Kỹ chủ động kéo toàn bộ kẻ địch tiến gần lượt hành động hơn để DoT tự tick sớm, đồng thời giảm Kháng Hoả và giảm sát thương chúng gây ra nhằm bù lại rủi ro. Các nguồn kích hoạt DoT ngoài lượt giúp Prometheus tích “Tàn Long” nhanh hơn, khiến cô đặc biệt phù hợp với đội hình có nhiều cơ chế kích nổ Sát Thương Duy Trì.—------------------------------------------------------------------------------------------------------------------------
HEADING_1	132182	37. Nhân vật — Kaien
NORMAL_TEXT	132203	Độ hiếm: 4★
NORMAL_TEXT	132215	Aspect: Vajra
NORMAL_TEXT	132229	Nguyên tố: Nham
NORMAL_TEXT	132245	Giới tính: Nam
NORMAL_TEXT	132260	Vũ khí: Búa phá thành cán ngắn
NORMAL_TEXT	132291	Chỉ số cơ bản Lv1: HP 134 | Tấn Công 72 | Phòng Thủ 68 | Tốc Độ 106
NORMAL_TEXT	132359	Chỉ số cơ bản Lv60: HP 985 | Tấn Công 529 | Phòng Thủ 500 | Tốc Độ 106
HEADING_2	132431	Tấn Công Thường — Knock Once
NORMAL_TEXT	132460	Kaien hạ thấp trọng tâm, xoay búa phá thành bằng một tay rồi nện ngang vào mục tiêu. Gây Sát Thương Nham bằng 85% Tấn Công lên một kẻ địch. Khả năng bào Khiên của đòn đánh này tăng 50%.
NORMAL_TEXT	132646	Hồi 1 Điểm Planck.
HEADING_2	132666	Chiến Kỹ — Drive the Wedge
NORMAL_TEXT	132693	Tiêu hao 1 Điểm Planck.
NORMAL_TEXT	132717	Kaien đạp mạnh xuống đất, ghì cán búa rồi tung một cú nện thẳng vào điểm yếu của mục tiêu, gây Sát Thương Nham bằng 150% Tấn Công lên mục tiêu chính và 70% Tấn Công lên tối đa 2 mục tiêu lân cận. Khả năng bào Khiên của đòn đánh lên mục tiêu chính tăng 80%.
NORMAL_TEXT	132974	Nếu đòn đánh này trực tiếp phá Khiên mục tiêu chính, lập tức gây một lần “Diệt Kích” lên mục tiêu đó với hệ số 140%.
NORMAL_TEXT	133091	Nếu mục tiêu chính đã ở trạng thái Vỡ Khiên trước khi Chiến Kỹ gây sát thương, thay vào đó gây một lần “Diệt Kích” với hệ số 170%.
NORMAL_TEXT	133222	Mỗi mục tiêu chỉ có thể nhận 1 lần “Diệt Kích” từ mỗi lần sử dụng Chiến Kỹ.
HEADING_2	133299	Tuyệt Kỹ — Nothing Stands Forever
NORMAL_TEXT	133333	Năng Lượng yêu cầu: 120.
NORMAL_TEXT	133358	Kaien kéo đầu búa lê trên mặt đất, tạo một đường nứt chạy xuyên đội hình địch rồi dồn toàn bộ lực vào cú nện cuối, gây Sát Thương Nham bằng 180% Tấn Công lên toàn bộ kẻ địch. Khả năng bào Khiên của Tuyệt Kỹ tăng 60%.
NORMAL_TEXT	133575	Sau khi gây sát thương, mọi kẻ địch bị Kaien trực tiếp phá Khiên bởi Tuyệt Kỹ nhận một lần “Diệt Kích” với hệ số 160%. Kẻ địch đã ở trạng thái Vỡ Khiên trước khi Tuyệt Kỹ gây sát thương cũng nhận một lần “Diệt Kích” với hệ số 160%.
NORMAL_TEXT	133807	Mỗi mục tiêu chỉ có thể nhận 1 lần “Diệt Kích” từ mỗi lần sử dụng Tuyệt Kỹ.
HEADING_2	133884	Thiên Phú — Hit Where It Gives
NORMAL_TEXT	133915	Mỗi khi Kaien gây “Diệt Kích”, nhận 1 tầng “Điểm Nứt” trong 2 lượt, cộng dồn tối đa 3 tầng. Mỗi tầng tăng 12% %Diệt Phá.
NORMAL_TEXT	134036	Khi đạt đủ 3 tầng “Điểm Nứt”, Kaien nhận “Phá Thế” trong 1 lượt. Khi có “Phá Thế”, tăng 30% Hiệu Suất Phá Vỡ và sát thương “Diệt Kích” tăng 20%.
NORMAL_TEXT	134181	Sau khi Kaien gây “Diệt Kích” trong trạng thái “Phá Thế”, xóa toàn bộ “Điểm Nứt” và “Phá Thế” kết thúc.
HEADING_2	134286	Đột Phá
NORMAL_TEXT	134294	Mốc 1: Khi Kaien tấn công mục tiêu có lượng Khiên hiện tại trên 50%, tăng 15% Hiệu Suất Phá Vỡ cho hành động đó.
NORMAL_TEXT	134407	Mốc 2: Khi Kaien trực tiếp phá Khiên, “Diệt Kích” được gây ra từ lần phá Khiên đó tăng 25% sát thương.
NORMAL_TEXT	134510	Mốc 3: Sau khi Kaien gây “Diệt Kích” lên mục tiêu đang Vỡ Khiên, Kaien được Ưu Tiên Hành Động 10%. Hiệu ứng tối đa kích hoạt 1 lần giữa hai lượt của Kaien.
NORMAL_TEXT	134666	Mốc phụ: 18% %Diệt Phá, 8 Tốc Độ, 10% Tấn Công
HEADING_2	134714	Vận Mệnh
NORMAL_TEXT	134723	Vận Mệnh 1: Drive the Wedge tăng thêm 20% Hiệu Suất Phá Vỡ lên mục tiêu chính. Khi Chiến Kỹ trực tiếp phá Khiên mục tiêu chính, “Diệt Kích” tương ứng tăng thêm 20% sát thương.
NORMAL_TEXT	134899	Vận Mệnh 2: Khi Kaien gây “Diệt Kích” lên mục tiêu đang Vỡ Khiên, nhận thêm 1 tầng “Điểm Nứt”; tối đa nhận thêm 1 tầng theo cách này trong mỗi hành động.
NORMAL_TEXT	135053	Vận Mệnh 3: Cấp Chiến Kỹ +2. Cấp Tấn Công Thường +1.
NORMAL_TEXT	135106	Vận Mệnh 4: Khi trên sân tồn tại ít nhất một kẻ địch đang Vỡ Khiên, Kaien tăng 24% %Diệt Phá.
NORMAL_TEXT	135200	Vận Mệnh 5: Cấp Tuyệt Kỹ +2. Cấp Thiên Phú +2.
NORMAL_TEXT	135247	Vận Mệnh 6: Khi Kaien trực tiếp phá Khiên, nhận 2 tầng “Điểm Nứt” thay vì 1 tầng từ lần “Diệt Kích” tương ứng. Trong trạng thái “Phá Thế”, lần “Diệt Kích” đầu tiên gây lên mục tiêu đang Vỡ Khiên không kết thúc “Phá Thế”; “Phá Thế” kết thúc sau lần “Diệt Kích” tiếp theo hoặc khi hết thời gian hiệu lực.
NORMAL_TEXT	135551	Tóm tắt kit: Vajra 4★ mở đầu cho archetype phá Khiên. Kaien dùng các đòn có khả năng bào Khiên rất cao để nhanh chóng đưa mục tiêu vào trạng thái Vỡ Khiên, sau đó tiếp tục chuyển các đòn đánh lên mục tiêu đã Vỡ Khiên thành “Diệt Kích”. “Điểm Nứt” và “Phá Thế” tạo một nhịp tăng tốc ngắn, khiến Kaien vừa đóng vai trò giới thiệu cơ chế Vajra vừa có thể vận hành như Break DPS nền tảng.
NORMAL_TEXT	135938	—------------------------------------------------------------------------------------------------------------------------
HEADING_1	136060	38. Nhân vật — Heracles
NORMAL_TEXT	136084	Độ hiếm: 5★ giới hạn
NORMAL_TEXT	136105	Aspect: Vajra
NORMAL_TEXT	136119	Nguyên tố: Phong
NORMAL_TEXT	136136	Giới tính: Nam
NORMAL_TEXT	136151	Vũ khí: Đại chùy
NORMAL_TEXT	136168	Ngoại hình: Heracles có vóc dáng cao lớn, mái tóc cam dài xõa qua vai và thường được buộc lỏng ở phần đuôi. Anh sử dụng một cây đại chùy bằng kim loại tối, phần đầu chùy dày và bất đối xứng như một khối kiến trúc bị bẻ khỏi nền móng; mỗi khi chuẩn bị một Tấn Công Thường Cường Hóa, các rãnh trên đầu chùy sáng lên bằng luồng khí Phong nén.
NORMAL_TEXT	136508	Chỉ số cơ bản Lv1: HP 154 | Tấn Công 94 | Phòng Thủ 78 | Tốc Độ 100
NORMAL_TEXT	136576	Chỉ số cơ bản Lv60: HP 1132 | Tấn Công 691 | Phòng Thủ 574 | Tốc Độ 100
NORMAL_TEXT	136649	Tấn Công Thường — A Weight Meant for Giants
NORMAL_TEXT	136693	Heracles kéo đại chùy qua vai rồi xoay người nện ngang vào mục tiêu, luồng khí bị ép khỏi mặt chùy thành một tiếng nổ ngắn. Gây Sát Thương Phong bằng 100% Tấn Công lên một kẻ địch. Khả năng bào Khiên của đòn đánh này tăng 35%.
NORMAL_TEXT	136920	Hồi 1 Điểm Planck.
NORMAL_TEXT	136939	Khi Heracles đang có ít nhất 1 tầng “Đại Nghiệp”, Tấn Công Thường được cường hóa thành A Labor Worth Remembering.
NORMAL_TEXT	137054	Tấn Công Thường Cường Hóa — A Labor Worth Remembering
NORMAL_TEXT	137108	Heracles ghì chân xuống đất, kéo đại chùy ra sau rồi tung một cú nện toàn lực vào mục tiêu chính; áp lực Phong bị ép vỡ sang hai bên như một bức tường không khí. Gây Sát Thương Phong bằng 200% Tấn Công lên mục tiêu chính và 70% Tấn Công lên tối đa 2 mục tiêu lân cận.
NORMAL_TEXT	137376	Khả năng bào Khiên của đòn đánh lên mục tiêu chính tăng 90% và lên các mục tiêu lân cận tăng 40%.
NORMAL_TEXT	137474	Nếu đòn đánh này trực tiếp phá Khiên một mục tiêu, sau khi hiệu ứng phá Khiên được xử lý sẽ gây “Diệt Kích” lên mục tiêu đó với hệ số 150% đối với mục tiêu chính và 70% đối với mục tiêu lân cận.
NORMAL_TEXT	137669	Nếu mục tiêu đã ở trạng thái Vỡ Khiên trước khi đòn đánh gây sát thương, thay vào đó gây “Diệt Kích” với hệ số 140% đối với mục tiêu chính và 60% đối với mục tiêu lân cận.
NORMAL_TEXT	137841	Mỗi mục tiêu chỉ có thể nhận 1 lần “Diệt Kích” từ mỗi lần sử dụng Tấn Công Thường Cường Hóa. Sau khi hành động kết thúc, tiêu hao 1 tầng “Đại Nghiệp”.
NORMAL_TEXT	137994	Chiến Kỹ — Bring Down the Pillar
NORMAL_TEXT	138027	Tiêu hao 1 Điểm Planck.
NORMAL_TEXT	138051	Heracles chống cán chùy xuống đất, lấy đà rồi nện thẳng đầu chùy vào chân mục tiêu; một vòng áp lực Phong khóa quanh điểm va chạm như đang ép cả kết cấu của đối phương xuống thấp. Gây Sát Thương Phong bằng 110% Tấn Công lên một kẻ địch. Khả năng bào Khiên của đòn đánh này tăng 50%.
NORMAL_TEXT	138334	Có 100% tỷ lệ cơ bản áp dụng “Gãy Trụ” lên mục tiêu trong 2 lượt. Kẻ địch có “Gãy Trụ” tăng 8% lượng Khiên bị bào bởi các đòn đánh của phe ta. Khi mục tiêu đang ở trạng thái Vỡ Khiên, sát thương “Diệt Kích” mục tiêu phải nhận tăng 5%. “Gãy Trụ” không cộng dồn; áp dụng lại chỉ làm mới thời gian tồn tại.
NORMAL_TEXT	138638	Nếu Chiến Kỹ trực tiếp phá Khiên hoặc đánh trúng mục tiêu đã Vỡ Khiên, gây một lần “Diệt Kích” với hệ số 70%.
NORMAL_TEXT	138749	Tuyệt Kỹ — Twelve Labors, One Answer
NORMAL_TEXT	138786	Năng Lượng yêu cầu: 140.
NORMAL_TEXT	138811	Heracles dựng đại chùy thẳng đứng trước người, luồng gió quanh chiến trường bị hút về đầu chùy thành nhiều vòng nén chồng lên nhau. Anh nhấc chùy bằng một tay rồi giáng xuống giữa đội hình địch, khiến áp lực Phong bùng ra thành một chấn động lớn. Gây Sát Thương Phong bằng 120% Tấn Công lên toàn bộ kẻ địch và tăng 50% khả năng bào Khiên của đòn đánh.
NORMAL_TEXT	139163	Sau khi gây sát thương, Heracles nhận 3 tầng “Đại Nghiệp”, cộng dồn tối đa 4 tầng, đồng thời được Ưu Tiên Hành Động 50%.
NORMAL_TEXT	139284	Kẻ địch bị Tuyệt Kỹ trực tiếp phá Khiên hoặc đã ở trạng thái Vỡ Khiên trước khi Tuyệt Kỹ gây sát thương nhận một lần “Diệt Kích” với hệ số 80%. Mỗi mục tiêu chỉ có thể nhận 1 lần “Diệt Kích” từ mỗi lần sử dụng Tuyệt Kỹ.
NORMAL_TEXT	139505	Thiên Phú — Strength Is What Remains
NORMAL_TEXT	139542	“Đại Nghiệp” cộng dồn tối đa 4 tầng. Khi Heracles có ít nhất 1 tầng “Đại Nghiệp”, Tấn Công Thường được thay thế bằng A Labor Worth Remembering. Mỗi lần sử dụng Tấn Công Thường Cường Hóa sẽ tiêu hao 1 tầng “Đại Nghiệp” sau khi toàn bộ sát thương và “Diệt Kích” của hành động được xử lý.
NORMAL_TEXT	139828	Khi Heracles gây “Diệt Kích” lên kẻ địch có “Gãy Trụ”, lần “Diệt Kích” đó tăng thêm 10% sát thương. Nếu trong cùng hành động có nhiều mục tiêu đáp ứng điều kiện, hiệu ứng được tính riêng trên từng mục tiêu.
NORMAL_TEXT	140035	Sau khi toàn bộ tầng “Đại Nghiệp” bị tiêu hao, Chiến Kỹ kế tiếp của Heracles hồi thêm 5 năng lượng. Hiệu ứng này kết thúc sau khi Chiến Kỹ được sử dụng.
NORMAL_TEXT	140189	Đột Phá
NORMAL_TEXT	140197	Mốc 1: Khi “Gãy Trụ” đang tồn tại trên mục tiêu Vỡ Khiên, mục tiêu đó giảm thêm 5% Phòng Thủ.
NORMAL_TEXT	140291	Mốc 2: “Diệt Kích” gây bởi A Labor Worth Remembering lên mục tiêu có “Gãy Trụ” tăng thêm 25% sát thương.
NORMAL_TEXT	140396	Mốc 3: Sau khi A Labor Worth Remembering gây ít nhất một lần “Diệt Kích”, Heracles hồi 5 Năng Lượng. Hiệu ứng tối đa kích hoạt 1 lần trong mỗi hành động.
NORMAL_TEXT	140550	Mốc phụ: 24% %Diệt Phá, 8 Tốc Độ, 10% Tấn Công
NORMAL_TEXT	140598	Vận Mệnh
NORMAL_TEXT	140607	Vận Mệnh 1: Twelve Labors, One Answer trao 4 tầng “Đại Nghiệp” thay vì 3 tầng và hiệu ứng Ưu Tiên Hành Động tăng từ 50% lên 100%.
NORMAL_TEXT	140737	Vận Mệnh 2: Khi A Labor Worth Remembering đánh trúng mục tiêu đang đồng thời có “Gãy Trụ” và ở trạng thái Vỡ Khiên, sau lần “Diệt Kích” thông thường sẽ gây thêm một lần “Diệt Kích” bằng 50% sát thương của lần vừa gây ra. Lần sát thương bổ sung này là ngoại lệ đối với giới hạn 1 “Diệt Kích” trên mỗi mục tiêu trong một hành động.
NORMAL_TEXT	141067	Vận Mệnh 3: Cấp Chiến Kỹ +2. Cấp Tấn Công Thường +1.
NORMAL_TEXT	141120	Vận Mệnh 4: Khi trên sân tồn tại ít nhất một kẻ địch có “Gãy Trụ”, Heracles tăng 30% %Diệt Phá và 15% Hiệu Suất Phá Vỡ.
NORMAL_TEXT	141240	Vận Mệnh 5: Cấp Tuyệt Kỹ +2. Cấp Thiên Phú +2.
NORMAL_TEXT	141287	Vận Mệnh 6: Sau khi Heracles sử dụng Twelve Labors, One Answer, hai lần A Labor Worth Remembering đầu tiên không tiêu hao “Đại Nghiệp”. “Diệt Kích” gây bởi A Labor Worth Remembering bỏ qua 20% Phòng Thủ của mục tiêu.
NORMAL_TEXT	141505	Tóm tắt kit: Heracles là Vajra Phong 5★ giới hạn lấy Tấn Công Thường Cường Hóa làm nguồn sát thương chính. Chiến Kỹ đặt “Gãy Trụ” để khiến mục tiêu dễ bị bào Khiên hơn và mở cửa sổ khuếch đại “Diệt Kích”; Tuyệt Kỹ không phải nguồn burst chính mà trao nhiều tầng “Đại Nghiệp” để Heracles liên tục sử dụng A Labor Worth Remembering. Nhờ lượng bào Khiên rất lớn của Tấn Công Thường Cường Hóa, Heracles mạnh cả ở khoảnh khắc trực tiếp phá Khiên lẫn giai đoạn tiếp tục nện mục tiêu đã Vỡ Khiên, qua đó thể hiện rõ vòng lặp đặc trưng của Aspect Vajra.
NORMAL_TEXT	142052	—------------------------------------------------------------------------------------------------------------------------
HEADING_1	142174	39. Nhân vật — Nike
NORMAL_TEXT	142194	Độ hiếm: 5★ giới hạn
NORMAL_TEXT	142215	Aspect: Keraunos
NORMAL_TEXT	142232	Nguyên tố: Hoả
NORMAL_TEXT	142247	Giới tính: Nữ
NORMAL_TEXT	142261	Vũ khí: Không sử dụng vũ khí
NORMAL_TEXT	142290	Ngoại hình: Nike mang hình dáng một nữ Veyr với bốn cánh mọc sau lưng: hai cánh chính lớn mở rộng như một đôi cánh chiến thắng và hai cánh phụ nhỏ hơn nằm thấp hơn, có nhiệm vụ điều hướng những luồng hỏa quang quanh cơ thể. Cô không sử dụng vũ khí; toàn bộ kỹ năng được thi triển bằng chuyển động của cánh, những vòng lửa nén và các dải sáng hình nguyệt quế.
NORMAL_TEXT	142649	Chỉ số cơ bản Lv1: HP 160 | Tấn Công 72 | Phòng Thủ 76 | Tốc Độ 112
NORMAL_TEXT	142717	Chỉ số cơ bản Lv60: HP 1176 | Tấn Công 529 | Phòng Thủ 559 | Tốc Độ 112
HEADING_2	142790	Tấn Công Thường — Ember Before the Laurel
NORMAL_TEXT	142832	Nike khép hai cánh phụ sát người rồi quạt mạnh một cánh chính, phóng một dải hỏa quang mảnh xuyên vào mục tiêu. Gây Sát Thương Hoả bằng 70% Tấn Công lên một kẻ địch.
NORMAL_TEXT	142998	Hồi 1 Điểm Planck.
HEADING_2	143018	Chiến Kỹ — Wings Over the Breaking Line
NORMAL_TEXT	143058	Tiêu hao 1 Điểm Planck.
NORMAL_TEXT	143082	Nike mở đồng thời cả bốn cánh; hai cánh lớn dựng thành một quầng sáng phía sau trong khi hai cánh phụ tách ra thành những vòng lửa bay qua toàn bộ đội hình. Toàn bộ đồng minh nhận “Khải Lộ” trong 3 lượt. Khi có “Khải Lộ”, tăng 50% Hiệu Suất Phá Vỡ.
NORMAL_TEXT	143331	Hiệu ứng cùng tên không cộng dồn; sử dụng lại Chiến Kỹ chỉ làm mới thời gian tồn tại.
HEADING_2	143418	Tuyệt Kỹ — Victory Descends Before the Crown
NORMAL_TEXT	143463	Năng Lượng yêu cầu: 130.
NORMAL_TEXT	143488	Nike bay thẳng lên cao, bốn cánh xòe hoàn toàn rồi đồng loạt khép xuống. Những dải lửa hình lông vũ rơi xuyên qua đội hình địch trước khi một vòng hỏa quang lớn ép xuống mặt đất, gây Sát Thương Hoả bằng 80% Tấn Công lên toàn bộ kẻ địch. Khả năng bào Khiên của đòn đánh này tăng 100%.
NORMAL_TEXT	143772	Sau khi gây sát thương, toàn bộ đồng minh nhận “Đường Thắng” trong 2 lượt. Khi có “Đường Thắng”, tăng 8% %Xuyên Giáp.
HEADING_2	143891	Thiên Phú — No Wall Outlives Victory
NORMAL_TEXT	143928	Mỗi khi một đồng minh khác trực tiếp phá Khiên của một kẻ địch, sau khi toàn bộ hiệu ứng phá Khiên được xử lý, Nike lập tức giáng một “Vũ Hỏa Khải Hoàn” lên mục tiêu đó, gây Sát Thương Hoả bằng 90% Tấn Công của Nike lên mục tiêu và 40% Tấn Công lên tối đa 2 mục tiêu lân cận. Sát thương trên được coi là sát thương Diệt Kích.
NORMAL_TEXT	144254	“Vũ Hỏa Khải Hoàn” được tính là sát thương bổ sung của Thiên Phú, không tiêu hao Điểm Planck và không chiếm lượt hành động của Nike. Trong cùng một hành động của đồng minh, mỗi kẻ địch chỉ có thể kích hoạt hiệu ứng này 1 lần; nếu nhiều kẻ địch bị phá Khiên trong cùng hành động, hiệu ứng được xử lý riêng trên từng mục tiêu bị phá Khiên.
NORMAL_TEXT	144593	Đột Phá
NORMAL_TEXT	144601	Mốc 1: Khi đồng minh đang có “Khải Lộ” trực tiếp phá Khiên, đồng minh đó tăng 20% %Diệt Phá trong 2 lượt. Hiệu ứng cùng tên không cộng dồn.
NORMAL_TEXT	144741	Mốc 2: Với mỗi 5% Diệt Phá, Tăng 4% Sát Thương Gây Ra của toàn đội, tối đa cộng dồn 40%Mốc 3: Khi No Wall Outlives Victory kích hoạt, Nike hồi 5 Năng Lượng. Hiệu ứng hồi Năng Lượng tối đa kích hoạt 1 lần giữa hai lượt của Nike.
NORMAL_TEXT	144970	Mốc phụ: 24% Diệt Phá, 4% %Hồi Năng Lượng, 12% HP
NORMAL_TEXT	145021	Vận Mệnh
NORMAL_TEXT	145030	Vận Mệnh 1: Trong thời gian “Khải Lộ”, toàn đội tăng 20% Xuyên Kháng Nguyên TốVận Mệnh 2: Sau khi một đồng minh trực tiếp phá Khiên và kích hoạt “Vũ Hỏa Khải Hoàn”, đồng minh vừa phá Khiên được Ưu Tiên Hành Động 12%. Mỗi đồng minh chỉ có thể nhận hiệu ứng này 1 lần giữa hai lượt của Nike.
NORMAL_TEXT	145321	Vận Mệnh 3: Cấp Chiến Kỹ +2. Cấp Tấn Công Thường +1.
NORMAL_TEXT	145374	Vận Mệnh 4:”Vũ Hoả Khải Hoàn” tăng 100% Sát Thương Gây Ra, khi đồng minh gây sát thương Diệt Kích cũng có thể kích hoạt “Vũ Hoả Khải Hoàn”
NORMAL_TEXT	145513	Vận Mệnh 5: Cấp Tuyệt Kỹ +2. Cấp Thiên Phú +2.
NORMAL_TEXT	145560	Vận Mệnh 6: “Khải Lộ” tăng Hiệu Suất Phá Vỡ từ 50% lên 65%. Khi một đồng minh trực tiếp phá Khiên, “Vũ Hỏa Khải Hoàn” gây thêm một lần sát thương bằng 50% sát thương của lần kích hoạt chính lên mục tiêu bị phá Khiên; phần sát thương bổ sung này không thể tự kích hoạt lại Thiên Phú. Trong thời gian “Đường Thắng” tồn tại, toàn bộ đồng minh tăng thêm 20% Xuyên Giáp.
NORMAL_TEXT	145927	Tóm tắt kit: Nike là Keraunos Hoả 5★ giới hạn chuyên hỗ trợ đội hình Vajra và các đội hình lấy phá Khiên làm trục chiến đấu. Wings Over the Breaking Line cung cấp lượng Hiệu Suất Phá Vỡ rất lớn cho toàn đội để rút ngắn giai đoạn bào Khiên; Victory Descends Before the Crown trực tiếp góp phần bào Khiên toàn bộ kẻ địch và mở một cửa sổ %Xuyên Giáp nhỏ cho toàn đội. No Wall Outlives Victory biến mỗi lần đồng đội phá Khiên thành một nhịp sát thương phụ từ Nike, đồng thời Đột Phá tiếp tục khuếch đại %Diệt Phá và sát thương Diệt Kích trong giai đoạn Vỡ Khiên.
NORMAL_TEXT	146488	—------------------------------------------------------------------------------------------------------------------------
HEADING_1	146610	40. Nhân vật — Sicker
NORMAL_TEXT	146632	Độ hiếm: 4★
NORMAL_TEXT	146644	Aspect: Caduceus
NORMAL_TEXT	146661	Nguyên tố: Lôi
NORMAL_TEXT	146676	Giới tính: Nữ
NORMAL_TEXT	146690	Vũ khí: Bộ dẫn điện y thuật đeo tay
NORMAL_TEXT	146726	Ngoại hình: Sicker có vóc dáng gọn, mái tóc tối màu cắt ngang vai và thường đeo các vòng dẫn điện mảnh quanh cổ tay, cẳng tay và thắt lưng. Khi chiến đấu, những vòng dẫn điện phát sáng xanh tím, kéo các tia Lôi thành những đường mạch ngắn giữa cô, đồng minh và kẻ địch. Cô không sử dụng vũ khí cầm tay; các đòn đánh và trị liệu đều được điều khiển trực tiếp bằng các bộ dẫn điện y thuật.
NORMAL_TEXT	147114	Chỉ số cơ bản Lv1: HP 142 | Tấn Công 62 | Phòng Thủ 68 | Tốc Độ 105
NORMAL_TEXT	147182	Chỉ số cơ bản Lv60: HP 1044 | Tấn Công 456 | Phòng Thủ 500 | Tốc Độ 105
HEADING_2	147254	Tấn Công Thường — Static Pulse
NORMAL_TEXT	147285	Sicker đưa một tay về phía trước, các vòng dẫn điện trên cổ tay lóe sáng rồi phóng một xung Lôi ngắn vào mục tiêu. Gây Sát Thương Lôi bằng 70% Tấn Công lên một kẻ địch.
NORMAL_TEXT	147454	Hồi 1 Điểm Planck.
HEADING_2	147473	Chiến Kỹ — Emergency Current
NORMAL_TEXT	147502	Tiêu hao 1 Điểm Planck.
NORMAL_TEXT	147526	Sicker áp hai ngón tay lên bộ dẫn điện ở cổ tay rồi kéo một dòng điện trị liệu quấn quanh đồng minh được chọn. Hồi HP cho một đồng minh bằng 12% HP tối đa của Sicker + 180. Nếu HP hiện tại của mục tiêu dưới 50%, lượng hồi phục tăng 25%.
NORMAL_TEXT	147763	Sau khi hồi phục, mục tiêu nhận “Dòng Ổn Định” trong 2 lượt. Khi có “Dòng Ổn Định”, Phòng Thủ của mục tiêu tăng 10%. Hiệu ứng cùng tên không cộng dồn; áp dụng lại chỉ làm mới thời gian tồn tại.
HEADING_2	147957	Tuyệt Kỹ — Crash Cart Protocol
NORMAL_TEXT	147988	Năng Lượng yêu cầu: 120.
NORMAL_TEXT	148013	Sicker mở toàn bộ các vòng dẫn điện trên cơ thể; một mạng lưới tia Lôi lập tức quét qua đội hình địch rồi quay ngược trở lại phe ta thành những đường điện trị liệu. Gây Sát Thương Lôi bằng 60% Tấn Công lên toàn bộ kẻ địch và tăng 80% khả năng bào Khiên của đòn đánh này.
NORMAL_TEXT	148284	Sau khi gây sát thương, hồi HP cho toàn bộ đồng minh bằng 8% HP tối đa của Sicker + 120.
NORMAL_TEXT	148373	Sau khi Tuyệt Kỹ kết thúc, Sicker được Ưu Tiên Hành Động 50%. Nhờ đó, cô có thể lập tức lựa chọn Tấn Công Thường để hồi Điểm Planck hoặc sử dụng Chiến Kỹ nếu đội hình vẫn cần trị liệu khẩn cấp.
HEADING_2	148567	Thiên Phú — Keep the Circuit Closed
NORMAL_TEXT	148603	Mỗi khi Sicker hồi HP cho một đồng minh bằng Chiến Kỹ hoặc Tuyệt Kỹ, mục tiêu nhận 1 tầng “Điện Dẫn” trong 2 lượt, cộng dồn tối đa 2 tầng. Mỗi tầng “Điện Dẫn” tăng 5% lượng hồi phục mà mục tiêu nhận từ Sicker.
NORMAL_TEXT	148813	Khi một kẻ địch bị đồng minh trực tiếp phá Khiên, Sicker tiêu hao 1 tầng “Điện Dẫn” của đồng minh có %HP hiện tại thấp nhất đang sở hữu hiệu ứng này và hồi HP cho mục tiêu đó bằng 3% HP tối đa của Sicker + 50. Nếu không có đồng minh nào sở hữu “Điện Dẫn”, hiệu ứng không kích hoạt. Trong cùng một hành động của phe ta, Thiên Phú tối đa kích hoạt 1 lần.
HEADING_2	149166	Đột Phá
NORMAL_TEXT	149174	Mốc 1: Sau khi Sicker sử dụng Tuyệt Kỹ, Tấn Công Thường kế tiếp của cô tăng 15% Hiệu Suất Phá Vỡ. Hiệu ứng kết thúc sau khi Tấn Công Thường được sử dụng.
NORMAL_TEXT	149328	Mốc 2: Khi Keep the Circuit Closed hồi HP cho đồng minh sau khi kẻ địch bị phá Khiên, Sicker hồi 4 Năng Lượng. Hiệu ứng tối đa kích hoạt 1 lần giữa hai lượt của Sicker.
NORMAL_TEXT	149497	Mốc 3: Sau khi Crash Cart Protocol Ưu Tiên Hành Động Sicker, hành động kế tiếp của cô nhận hiệu ứng theo loại hành động: nếu sử dụng Tấn Công Thường, toàn đội hồi 4 Năng Lượng; nếu sử dụng Chiến Kỹ, lượng hồi phục của Chiến Kỹ tăng 15%. Hiệu ứng chỉ áp dụng cho hành động đầu tiên sau mỗi Tuyệt Kỹ.
NORMAL_TEXT	149796	Mốc phụ: 18% HP, 6 Tốc Độ, 4% %Hồi Năng Lượng
HEADING_2	149842	Vận Mệnh
NORMAL_TEXT	149851	Vận Mệnh 1: Ưu Tiên Hành Động sau Crash Cart Protocol tăng từ 50% lên 75% và khả năng bào Khiên của Tuyệt Kỹ tăng từ 80% lên 100%.
NORMAL_TEXT	149982	Vận Mệnh 2: Lần đầu Keep the Circuit Closed được kích hoạt giữa hai lượt của Sicker, hiệu ứng hồi HP không tiêu hao tầng “Điện Dẫn”.
NORMAL_TEXT	150115	Vận Mệnh 3: Cấp Chiến Kỹ +2. Cấp Tấn Công Thường +1.
NORMAL_TEXT	150168	Vận Mệnh 4: khi Sicker hồi HP cho bất kỳ đồng minh nào, toàn đội +15% Diệt Phá trong 2 lượt; không cộng dồn, kích hoạt lại làm mới thời gian.Vận Mệnh 5: Cấp Tuyệt Kỹ +2. Cấp Thiên Phú +2.
NORMAL_TEXT	150357	Vận Mệnh 6: Sau khi Sicker sử dụng Crash Cart Protocol, hành động kế tiếp của cô được cường hóa theo loại hành động: nếu sử dụng Tấn Công Thường,hành động đó tăng 100% Hiệu Suất Phá Vỡ; nếu sử dụng Chiến Kỹ, Chiến Kỹ đó không tiêu hao Điểm Planck. Hiệu ứng chỉ áp dụng cho hành động đầu tiên sau mỗi Tuyệt Kỹ.
NORMAL_TEXT	150667	Tóm tắt kit: Sicker là Caduceus Lôi 4★ thiên sustain universal nhưng có một phần utility phá Khiên. Chiến Kỹ cung cấp trị liệu đơn mục tiêu ổn định, trong khi Crash Cart Protocol vừa góp phần bào Khiên toàn bộ kẻ địch vừa hồi HP cho cả đội rồi Ưu Tiên Hành Động Sicker để cô lập tức lựa chọn giữa hồi Điểm Planck bằng Tấn Công Thường hoặc tiếp tục trị liệu bằng Chiến Kỹ. Keep the Circuit Closed thêm một nhịp hồi HP nhỏ khi đồng minh phá Khiên, giúp Sicker phối hợp tốt với đội hình Vajra mà không phụ thuộc hoàn toàn vào cơ chế Break để duy trì khả năng sustain.
NORMAL_TEXT	151233	—------------------------------------------------------------------------------------------------------------------------
HEADING_1	151355	41. Nhân vật — Astraeus
NORMAL_TEXT	151379	Độ hiếm: 5★ giới hạn
NORMAL_TEXT	151400	Aspect: Mjolnir
NORMAL_TEXT	151416	Nguyên tố: Lôi
NORMAL_TEXT	151431	Giới tính: Nam
NORMAL_TEXT	151446	Chủng loại: Người máy
NORMAL_TEXT	151468	Vũ khí: Đôi găng tay máy móc
NORMAL_TEXT	151497	Ngoại hình: Astraeus sở hữu cơ thể cơ giới hình người với các mảng giáp kim loại tối ghép thành từng lớp quanh vai, ngực và cánh tay. Hai găng tay máy móc lớn được nối trực tiếp với lõi năng lượng trong thân, mỗi khớp ngón tay mang các rãnh dẫn điện có thể mở ra như những cực phóng sét. Khi Năng Lượng vượt quá 100, các khe sáng dọc thân máy chuyển từ xanh tím sang trắng; khi đạt 200, hai găng tay khóa vào chế độ quá tải và một vòng lôi quang hình thiên thể xuất hiện sau lưng.
NORMAL_TEXT	151978	Chỉ số cơ bản Lv1: HP 152 | Tấn Công 95 | Phòng Thủ 78 | Tốc Độ 100
NORMAL_TEXT	152046	Chỉ số cơ bản Lv60: HP 1117 | Tấn Công 688 | Phòng Thủ 574 | Tốc Độ 100
HEADING_2	152119	Tấn Công Thường — Primer Spark
NORMAL_TEXT	152150	Astraeus siết một găng tay, nén điện vào các khớp ngón rồi tung một cú đấm thẳng khiến một tia Lôi bật khỏi điểm va chạm. Gây Sát Thương Lôi bằng 80% Tấn Công lên một kẻ địch.
NORMAL_TEXT	152326	Hồi 1 Điểm Planck và hồi thêm 5 Năng Lượng cho Astraeus sau khi đòn đánh kết thúc.
HEADING_2	152410	Chiến Kỹ — Dynamo Sweep
NORMAL_TEXT	152434	Tiêu hao 1 Điểm Planck.
NORMAL_TEXT	152458	Astraeus ghép hai cẳng tay trước ngực, mở các cực dẫn điện trên găng rồi quét chúng sang hai phía. Một mạng điện hình vòng cung quét qua toàn bộ đội hình địch, gây Sát Thương Lôi bằng 115% Tấn Công lên toàn bộ kẻ địch.
NORMAL_TEXT	152677	Sau khi gây sát thương, với mỗi kẻ địch bị đánh trúng, Astraeus hồi 2 Năng Lượng, tối đa hồi 10 Năng Lượng từ mỗi lần sử dụng Chiến Kỹ.
HEADING_2	152814	Tuyệt Kỹ I — Hundredfold Discharge
NORMAL_TEXT	152849	Yêu cầu Astraeus có từ 100 trở lên. Tiêu hao 100 Năng Lượng.
NORMAL_TEXT	152910	Astraeus khóa hai găng tay vào nhau, kéo một khối điện nén từ lõi cơ thể lên giữa hai lòng bàn tay rồi đập mạnh xuống chiến trường. Một mái vòm sét lập tức phủ kín đội hình địch và nổ từ trong ra ngoài, gây Sát Thương Lôi bằng 140% Tấn Công lên toàn bộ kẻ địch.
NORMAL_TEXT	153172	Sau khi gây sát thương, với mỗi kẻ địch bị đánh trúng, Astraeus hồi 4 Năng Lượng, tối đa hồi 20 Năng Lượng. Lượng Năng Lượng này được nhận sau khi 100 Năng Lượng của Tuyệt Kỹ đã bị tiêu hao.
HEADING_2	153364	Tuyệt Kỹ II — When Heaven Runs Out of Thunder
NORMAL_TEXT	153410	Yêu cầu Astraeus đạt 200 Năng Lượng. Khi đạt 200 Năng Lượng, Tuyệt Kỹ I được thay thế bằng Tuyệt Kỹ II. Tiêu hao 200 Năng Lượng.
NORMAL_TEXT	153539	Astraeus mở toàn bộ giáp dẫn điện trên hai cánh tay, ghim hai nắm đấm xuống đất rồi ép lõi phản ứng vượt giới hạn. Bầu trời chiến trường tối lại trước khi một cột sét trắng khổng lồ giáng xuống chính giữa đội hình địch. Gây Sát Thương Lôi bằng 320% Tấn Công lên toàn bộ kẻ địch, sau đó tạo thêm 6 lần “Thiên Lôi Dư Chấn”, mỗi lần gây Sát Thương Lôi bằng 50% Tấn Công lên một kẻ địch ngẫu nhiên trên sân.
NORMAL_TEXT	153943	Nếu số lượng kẻ địch ít hơn số lần “Thiên Lôi Dư Chấn”, các lần đánh còn lại có thể tiếp tục chọn lại những mục tiêu đã trúng đòn. “Thiên Lôi Dư Chấn” được tính là sát thương Tuyệt Kỹ.
HEADING_2	154129	Thiên Phú — Twin-Core Accumulator
NORMAL_TEXT	154163	Giới hạn Năng Lượng của Astraeus là 200. Khi Năng Lượng hiện tại từ 0 đến 99, lượng Năng Lượng Astraeus nhận được từ mọi nguồn hợp lệ tăng 5%.
NORMAL_TEXT	154306	Mỗi khi một đồng minh khác sử dụng Tuyệt Kỹ, Astraeus hồi 3% Năng Lượng. Hiệu ứng này chỉ kích hoạt 1 lần cho mỗi lần đồng minh sử dụng Tuyệt Kỹ. Làm mới khi Astraeus bắt đầu lượt mới.
NORMAL_TEXT	154491	Khi Astraeus có từ 100 đến 199 Năng Lượng, có thể sử dụng Hundredfold Discharge. Khi Năng Lượng đạt 200, Hundredfold Discharge được thay thế bằng When Heaven Runs Out of Thunder cho đến khi Astraeus tiêu hao Năng Lượng.
HEADING_2	154712	Đột Phá
NORMAL_TEXT	154720	Mốc 1: Khi Dynamo Sweep đánh trúng ít nhất 3 kẻ địch, Astraeus hồi thêm 2 Năng Lượng sau khi hiệu ứng hồi Năng Lượng cơ bản của Chiến Kỹ được xử lý.
NORMAL_TEXT	154869	Mốc 2: Lần đầu Astraeus đạt từ 100 Năng Lượng trở lên sau mỗi lần sử dụng Tuyệt Kỹ, nhận “Ngưỡng Phóng” cho đến khi sử dụng Tuyệt Kỹ tiếp theo. Khi có “Ngưỡng Phóng”, sát thương Tuyệt Kỹ bỏ qua 10% Phòng thủ của kẻ địch
NORMAL_TEXT	155089	Mốc 3: Khi Astraeus đang có hơn 100 Năng Lượng, với mỗi 5 năng lượng vượt mức sẽ tăng tương ứng 1% %Chí Mạng, tối đa 20%
NORMAL_TEXT	155210	Mốc phụ: 10,4% %Chí Mạng, 12% Tấn Công, 4% %Hồi Năng Lượng
HEADING_2	155270	Vận Mệnh
NORMAL_TEXT	155279	Vận Mệnh 1: Hundredfold Discharge hồi 6 Năng Lượng cho mỗi kẻ địch bị đánh trúng thay vì 4, tối đa hồi 30 Năng Lượng. Sau khi Tuyệt Kỹ I kết thúc, Astraeus được Ưu Tiên Hành Động 20%.
NORMAL_TEXT	155463	Vận Mệnh 2: Khi Năng Lượng hiện tại của Astraeus vượt quá 100, với mỗi 20 Năng Lượng vượt quá mốc này, When Heaven Runs Out of Thunder tăng 4% %Xuyên Giáp, tối đa 20%.
NORMAL_TEXT	155631	Vận Mệnh 3: Cấp Chiến Kỹ +2. Cấp Tấn Công Thường +1.
NORMAL_TEXT	155684	Vận Mệnh 4: Ngưỡng Năng Lượng để Hundredfold Discharge được thay thế bằng When Heaven Runs Out of Thunder giảm từ 200 xuống 150, đồng thời When Heaven Runs Out of Thunder chỉ tiêu hao 150 Năng Lượng. Khi sử dụng When Heaven Runs Out of Thunder, với mỗi 5 Năng Lượng Astraeus đang có vượt quá 150, sát thương của lần Tuyệt Kỹ này tăng 4%, tối đa 40%.Vận Mệnh 5: Cấp Tuyệt Kỹ +2. Cấp Thiên Phú +2.
NORMAL_TEXT	156081	Vận Mệnh 6: Sau khi When Heaven Runs Out of Thunder kết thúc, Astraeus lập tức hồi 50 Năng Lượng. “Thiên Lôi Dư Chấn” tăng hệ số từ 50% lên 90% Tấn Công và Tuyệt Kỹ II tăng 20% %Xuyên Kháng Nguyên Tố.
NORMAL_TEXT	156283	Tóm tắt kit: Astraeus là Mjolnir Lôi 5★ giới hạn lấy Năng Lượng và Tuyệt Kỹ làm toàn bộ trục vận hành. Tấn Công Thường, Chiến Kỹ và hành động Tuyệt Kỹ của đồng minh đều được chuyển thành Năng Lượng cho lõi kép. Ở 100–199 Năng Lượng, Hundredfold Discharge cho phép Astraeus xả sớm để duy trì nhịp AoE và hoàn lại một phần Năng Lượng; nếu tiếp tục tích tới 200, Tuyệt Kỹ chuyển thành When Heaven Runs Out of Thunder với hệ số diện rộng rất lớn và sáu Thiên Lôi Dư Chấn có thể dồn ngược vào cùng một mục tiêu khi số lượng kẻ địch thấp. Vì vậy người chơi luôn phải lựa chọn giữa tốc độ xoay vòng và mức burst tối đa thay vì mặc định chờ một ngưỡng duy nhất.
NORMAL_TEXT	156938	—------------------------------------------------------------------------------------------------------------------------
HEADING_1	157060	42. Nhân vật — Thanatos
NORMAL_TEXT	157084	Độ hiếm: 5★ giới hạn
NORMAL_TEXT	157105	Aspect: Gungnir
NORMAL_TEXT	157121	Nguyên tố: Ám
NORMAL_TEXT	157135	Giới tính: Nữ
NORMAL_TEXT	157149	Vũ khí: Song đoản liêm
NORMAL_TEXT	157172	Ngoại hình: Thanatos có vóc dáng thanh mảnh, mái tóc đen ánh bạc và khoác giáp nhẹ tối màu với các đường khắc mờ như vết nứt trên bia đá. Hai đoản liêm cong được giữ sát cẳng tay, cho phép cô đổi hướng chém gần như không cần lấy đà; khi nhịp chiến đấu tăng cao, bóng của hai lưỡi liêm thường xuất hiện chậm hơn chuyển động thật nửa nhịp như một dư ảnh không thuộc về ánh sáng.
NORMAL_TEXT	157549	Chỉ số cơ bản Lv1: HP 148 | Tấn Công 85 | Phòng Thủ 64 | Tốc Độ 110
NORMAL_TEXT	157617	Chỉ số cơ bản Lv60: HP 1088 | Tấn Công 668 | Phòng Thủ 471 | Tốc Độ 110
HEADING_2	157690	Tấn Công Thường — Before the Bell
NORMAL_TEXT	157724	Thanatos lướt sát qua mục tiêu, dùng một đoản liêm móc ngang rồi xoay cổ tay kéo lưỡi còn lại cắt ngược theo đúng đường vừa mở. Gây Sát Thương Ám bằng 100% Tấn Công lên một kẻ địch.
NORMAL_TEXT	157906	Hồi 1 Điểm Planck và nhận 1 tầng “Tử Khắc”.
HEADING_2	157951	Chiến Kỹ — Borrowed Second
NORMAL_TEXT	157978	Tiêu hao 1 Điểm Planck.
NORMAL_TEXT	158002	Thanatos hạ thấp người, biến mất trong một dải bóng mỏng rồi xuất hiện ngay bên sườn mục tiêu với hai nhát cắt liên tiếp gần như chồng lên nhau. Gây Sát Thương Ám bằng 210% Tấn Công lên một kẻ địch và nhận 2 tầng “Tử Khắc”.
NORMAL_TEXT	158226	Sau khi hành động kết thúc, Thanatos được Ưu Tiên Hành Động 20%.
HEADING_2	158291	Khi Thanatos đang có đủ 4 tầng “Tử Khắc”, Borrowed Second được thay thế bằng Chiến Kỹ Cường Hóa — No Second Death và lập tức ưu tiên hành động 75%
NORMAL_TEXT	158439	Chiến Kỹ Cường Hóa — No Second Death
NORMAL_TEXT	158476	Tiêu hao 1 Điểm Planck.
NORMAL_TEXT	158500	Thanatos bước xuyên qua bóng của mục tiêu, hai đoản liêm khép thành một đường cắt hình lưỡi kéo quanh điểm chí mạng trước khi toàn bộ vệt Ám đồng loạt khép lại. Gây Sát Thương Ám bằng 380% Tấn Công lên một kẻ địch. Đòn đánh này tăng 20% %Chí Mạng.
NORMAL_TEXT	158748	Sau khi gây sát thương, lập tức kích hoạt “Dư Tử” từ Thiên Phú lên chính mục tiêu này, sau đó xóa toàn bộ “Tử Khắc”.
NORMAL_TEXT	158865	Sau khi hành động kết thúc, Thanatos được Ưu Tiên Hành Động 40%.
HEADING_2	158931	Tuyệt Kỹ — The Last Name Spoken
NORMAL_TEXT	158963	Năng Lượng yêu cầu: 125.
NORMAL_TEXT	158988	Thanatos dừng hẳn chuyển động trong một khoảnh khắc; mọi âm thanh quanh mục tiêu bị triệt tiêu trước khi anh xuất hiện phía sau lưng đối phương và khép hai đoản liêm lại như đóng một dấu chấm cuối cùng. Gây Sát Thương Ám bằng 340% Tấn Công lên một kẻ địch. Nếu HP hiện tại của mục tiêu từ 50% trở xuống trước khi đòn đánh gây sát thương, sát thương của Tuyệt Kỹ tăng 30%.
NORMAL_TEXT	159360	Sau khi gây sát thương, nếu mục tiêu vẫn còn trên sân, lập tức kích hoạt 1 lần “Dư Tử” từ Thiên Phú lên mục tiêu đó. Sau đó đặt số tầng “Tử Khắc” của Thanatos thành 4, khiến Chiến Kỹ kế tiếp được cường hóa thành No Second Death.
NORMAL_TEXT	159589	Nếu The Last Name Spoken trực tiếp hạ gục mục tiêu, Thanatos hồi 20 Năng Lượng thay cho lần “Dư Tử” cưỡng chế nói trên.
HEADING_2	159710	Thiên Phú — Death Arrives Half a Beat Late
NORMAL_TEXT	159753	“Tử Khắc” cộng dồn tối đa 4 tầng. Tấn Công Thường trao 1 tầng và Borrowed Second trao 2 tầng. Khi Thanatos từ dưới 4 tầng đạt đủ 4 tầng “Tử Khắc”, sau khi hiệu ứng đang xử lý kết thúc, anh lập tức thực hiện Đòn Đánh Theo Sau “Dư Tử” lên kẻ địch vừa bị hành động của Thanatos gây sát thương gần nhất.
NORMAL_TEXT	160053	“Dư Tử” khiến bóng của Thanatos lặp lại đường chém vừa xảy ra chậm hơn nửa nhịp, gây Sát Thương Ám bằng 140% Tấn Công lên một kẻ địch. Sát thương này được tính là sát thương Thêm và không tiêu hao Điểm Planck, Năng Lượng hoặc tầng “Tử Khắc”. Trong cùng một hành động của Thanatos, “Dư Tử” mặc định chỉ có thể được kích hoạt 1 lần, trừ khi kỹ năng quy định khác.
NORMAL_TEXT	160415	Khi Thanatos đang có đủ 4 tầng “Tử Khắc”, Chiến Kỹ được cường hóa thành No Second Death. “Tử Khắc” không tự hết theo thời gian và chỉ bị xóa bởi No Second Death hoặc hiệu ứng quy định rõ việc tiêu hao chúng.
HEADING_2	160624	Đột Phá
NORMAL_TEXT	160632	Mốc 1: Khi bắt đầu trận, Thanatos nhận 2 tầng “Tử Khắc”.
NORMAL_TEXT	160689	Mốc 2: Với mỗi hiệu ứng xấu mà kẻ địch đang phải hứng chịu, cung cấp cho Thanatos 20% Tỉ lệ gây thêm 1 đòn “Dư Tử” sau đòn đánh của cô ấy, tối đa 80%. Dư Tử không thể tự kích hoạt hiệu ứng Đột Phá Mốc 2. Hiệu ứng Mốc 2 tối đa kích hoạt 1 lần trong mỗi hành động của Thanatos.Mốc 3: Sau khi “Dư Tử” gây sát thương, Thanatos được tăng 25% Tốc Độ, không thể cộng dồn, tồn tại trong 2 lượt. Hiệu ứng này tối đa kích hoạt 1 lần giữa hai lượt của Thanatos.
NORMAL_TEXT	161141	Mốc phụ: 10,4% %Chí Mạng, 12% Sát Thương Chí Mạng, 7,8% Sát Thương Nguyên Tố Ám
HEADING_2	161222	Vận Mệnh
NORMAL_TEXT	161231	Vận Mệnh 1: “Dư Tử” được cường hoá, khi thi triển xoá ngay 1 hiệu ứng có lợi của kẻ địch đồng thời với mỗi hiệu ứng xấu kẻ địch đang phải hứng chịu, gây thêm 1 lên Sát Thương Chuẩn bằng 30% Sát thương “Dư Tử” lần đó với mỗi hiệu ứng xấu tương ứng, tối đa 4 lần.Vận Mệnh 2: Khi Thanatos đạt đủ 4 tầng “Tử Khắc” và kích hoạt “Dư Tử”, sau lần sát thương chính gây thêm một lần Sát Thương Ám bằng 60% sát thương của “Dư Tử” vừa gây ra lên cùng mục tiêu. Phần sát thương bổ sung này không được tính là một lần kích hoạt “Dư Tử” mới.
NORMAL_TEXT	161760	Vận Mệnh 3: Cấp Chiến Kỹ +2. Cấp Tấn Công Thường +1.
NORMAL_TEXT	161813	Vận Mệnh 4: Khi Thanatos đang có đủ 4 tầng “Tử Khắc” hoặc trong 1 lượt sau khi sử dụng No Second Death, Sát Thương Chí Mạng tăng 30%.
NORMAL_TEXT	161947	Vận Mệnh 5: Cấp Tuyệt Kỹ +2. Cấp Thiên Phú +2.
NORMAL_TEXT	161994	Vận Mệnh 6: Sau khi Thanatos sử dụng The Last Name Spoken, lần No Second Death kế tiếp chỉ xóa 2 tầng “Tử Khắc” thay vì toàn bộ. No Second Death và “Dư Tử” tăng 20% Xuyên Kháng Nguyên Tố trong hành động tương ứng. Khi “Dư Tử” được cưỡng chế kích hoạt bởi Tuyệt Kỹ, lần kích hoạt đó không tính vào giới hạn kích hoạt “Dư Tử” của hành động tiếp theo.
NORMAL_TEXT	162344	Tóm tắt kit: Thanatos là Gungnir Ám 5★ giới hạn lấy Chiến Kỹ Cường Hóa và Thiên Phú làm hai nguồn sát thương cốt lõi. Tấn Công Thường và Borrowed Second tích “Tử Khắc”; khi đủ bốn tầng, một “Dư Tử” tự động chen vào chuỗi tấn công và Chiến Kỹ chuyển thành No Second Death với hệ số đơn mục tiêu rất cao. Borrowed Second, No Second Death và Đột Phá liên tục Ưu Tiên Hành Động, khiến nhịp chiến đấu của Thanatos nhanh hơn hầu hết chủ lực Gungnir nhưng đổi lại tiêu thụ Điểm Planck rất đều. The Last Name Spoken không phải nguồn sát thương chính: Tuyệt Kỹ đóng vai trò chốt hạ mục tiêu thấp HP, cưỡng chế kích hoạt Thiên Phú nếu mục tiêu còn sống và đặt ngay bốn “Tử Khắc” để nối thẳng sang một No Second Death mới.
HEADING_1	163058	43. Nhân vật — Janus
NORMAL_TEXT	163079	Độ hiếm: 5★ giới hạn
NORMAL_TEXT	163100	Aspect: Pandora
NORMAL_TEXT	163116	Nguyên tố: Hỏa
NORMAL_TEXT	163131	Giới tính: Nữ
NORMAL_TEXT	163145	Vũ khí: Ma Ngọc Hai Mặt — một viên ngọc ma thuật lơ lửng có hai mặt đối nghịch, dùng để mở những “ngưỡng” bằng lửa.
NORMAL_TEXT	163261	Ngoại hình: Janus có một chiếc sừng duy nhất mọc lệch về một bên đầu; mái tóc chia thành hai mảng đen và trắng rõ rệt. Khi năng lực chuyển dạng kích hoạt, một chiếc sừng thứ hai bằng hỏa quang xuất hiện đối xứng, bóng của một con dê lửa khổng lồ hiện ra phía sau cô.
NORMAL_TEXT	163529	Chỉ số cơ bản
NORMAL_TEXT	163543	Lv1: HP 152 | Tấn Công 90 | Phòng Thủ 72 | Tốc Độ 110
NORMAL_TEXT	163597	Lv60: HP 1117 | Tấn Công 662 | Phòng Thủ 529 | Tốc Độ 110
HEADING_2	163656	Tấn Công Thường — First Horn at the Threshold
NORMAL_TEXT	163702	Janus xoay Ma Ngọc Hai Mặt trước lòng bàn tay; từ viên ngọc, một chiếc sừng dê bằng lửa lao thẳng về phía trước và húc xuyên mục tiêu. Gây Sát Thương Hỏa bằng 90% Tấn Công của Janus lên một kẻ địch. Hồi 1 Điểm Planck và 20 Năng Lượng.
HEADING_2	163938	Chiến Kỹ — Ashes on Both Sides
NORMAL_TEXT	163969	Tiêu hao 1 Điểm Planck. Janus bẻ viên ngọc sang mặt còn lại; một con dê lửa chạy vòng quanh đội hình rồi để lại dấu sừng cháy dưới chân từng đồng minh. Toàn bộ đồng minh nhận “Dấu Hỏa Dương” trong 3 lượt, tăng 36% %Diệt Phá. Hiệu ứng cùng tên không cộng dồn; sử dụng lại chỉ làm mới thời gian tồn tại. Janus hồi 30 Năng Lượng.
HEADING_2	164297	Tuyệt Kỹ — Open the Red Gate
NORMAL_TEXT	164326	Tiêu hao 130 Năng Lượng. Janus nâng Ma Ngọc Hai Mặt lên không trung, mở một cánh cổng đỏ rực phía sau mục tiêu; bóng dê lửa khổng lồ lao xuyên qua cổng và húc thẳng vào kẻ địch. Gây Sát Thương Hỏa bằng 140% Tấn Công của Janus lên một kẻ địch và cố định áp dụng “Hồng Môn” trong 2 lượt của mục tiêu.
NORMAL_TEXT	164625	Kẻ địch có “Hồng Môn” được xem như đang sở hữu Điểm Yếu Hỏa. Các đòn tấn công Hỏa có thể gây Sát Thương Khiên lên mục tiêu này theo quy tắc bào Khiên thông thường, kể cả khi Hỏa không nằm trong Điểm Yếu mặc định của mục tiêu. Nếu mục tiêu vốn đã có Điểm Yếu Hỏa, “Hồng Môn” không tạo thêm một Điểm Yếu trùng lặp. Trong thời gian “Hồng Môn” tồn tại, Sát Thương Khiên do các đòn Hỏa gây lên mục tiêu tăng 15%.
HEADING_2	165034	Thiên Phú — The Second Face Bears Horns
NORMAL_TEXT	165074	Khi trên sân xuất hiện ít nhất một kẻ địch bước vào trạng thái Vỡ Khiên, sau khi hiệu ứng gây phá Khiên hiện tại kết thúc, Janus lập tức chuyển sang “Mặt Sau — Hỏa Dương” trong 2 lượt của chính Janus. Nếu điều kiện kích hoạt lại trong thời gian này, thời gian tồn tại được làm mới về 2 lượt; trạng thái không cộng dồn.
NORMAL_TEXT	165393	“Mặt Sau — Hỏa Dương” không kết thúc sớm nếu toàn bộ kẻ địch đã hồi Khiên. Trong trạng thái này, chiếc sừng hỏa quang thứ hai của Janus xuất hiện, %Diệt Phá của bản thân Janus tăng 50%Khi một đồng minh khác gây sát thương bằng một hành động tấn công, Janus ra lệnh cho dê lửa thực hiện Đòn Đánh Theo Sau “The Ram Comes Through” lên mục tiêu chính của hành động vừa rồi; nếu mục tiêu đó đã bị tiêu diệt, chuyển sang kẻ địch còn sống có HP hiện tại cao nhất. Hiệu ứng tối đa kích hoạt 2 lần giữa hai lượt của Janus.
HEADING_2	165909	Đòn Đánh Theo Sau — The Ram Comes Through
NORMAL_TEXT	165951	Con dê lửa từ phía sau Janus lao xuyên qua Ma Ngọc như một cánh cổng, húc vào mục tiêu rồi nổ thành hai dải hỏa quang đối nghịch. Nếu kẻ địch đang trong trạng thái vỡ Khiên, gây một đòn Diệt Kích với hệ số 150%. Nếu kẻ địch đang không trong trạng thái vỡ Khiên,gây Sát Thương Hỏa bằng 120% Tấn Công của Janus lên mục tiêu chính và 50% Tấn Công lên các mục tiêu kề bên. Hồi 5 Năng Lượng cho Janus. Đòn Đánh Theo Sau này không tạo Điểm Planck, không tự kích hoạt lại chính nó và tuân theo giới hạn kích hoạt của Thiên Phú.Tăng 60% Hiệu Suất Phá Vỡ của đòn đánh này
HEADING_2	166517	Đột Phá
NORMAL_TEXT	166525	Lv20 — Khi trong đội hình có 1/2/3/4/5 nhân vật hệ Hoả, giảm kháng nguyên tố Hoả toàn bộ kẻ địch với từng mốc tương ứng 5%/10%/15%/25%/40%Lv40 — “The Ram Comes Through” gây lên kẻ địch đang Vỡ Khiên bỏ qua 12% Phòng Thủ của mục tiêu.
NORMAL_TEXT	166760	Lv60 — Khi Janus bước vào hoặc làm mới “Mặt Sau — Hỏa Dương”, hồi 10 Năng Lượng và Ưu Tiên Hành Động 25%. Mỗi hành động chỉ có thể kích hoạt hiệu ứng này 1 lần.
NORMAL_TEXT	166922	Mốc phụ
NORMAL_TEXT	166930	+24% %Diệt Phá
NORMAL_TEXT	166945	+8 Tốc Độ
NORMAL_TEXT	166955	+10% Tấn Công
HEADING_2	166970	Vận Mệnh
NORMAL_TEXT	166979	Vận Mệnh 1 — Ember at Every Door: Hiệu quả tăng %Diệt Phá của “Dấu Hỏa Dương” tăng từ 36% lên 48%. Khi một đồng minh có “Dấu Hỏa Dương” trực tiếp phá Khiên, Janus hồi thêm 5 Năng Lượng; tối đa 1 lần trong mỗi hành động gây phá Khiên.
NORMAL_TEXT	167213	Vận Mệnh 2 — The Gate Remembers the Impact: Khi kẻ địch có “Hồng Môn” bước vào trạng thái Vỡ Khiên, mục tiêu nhận thêm 20% Sát Thương Diệt Kích trong thời gian còn Vỡ Khiên. Hiệu ứng kết thúc ngay khi mục tiêu hồi Khiên.
NORMAL_TEXT	167434	Vận Mệnh 3 — Two Sides, One Command: Cấp Chiến Kỹ +2, tối đa không vượt quá giới hạn nâng cấp. Cấp Tấn Công Thường +1.
NORMAL_TEXT	167553	Vận Mệnh 4 —Trong trạng thái “Mặt Sau — Hoả Dương” ,với mỗi lần đồng minh khác gây sát thương Diệt Kích thuộc tính Hoả lên kẻ địch, Janus gây thêm 1 phần sát thương Diệt Kích thêm với hệ số 50%, tối đa 4 lần.
NORMAL_TEXT	167762	Vận Mệnh 5 — Red Gate, Black Ash: Cấp Tuyệt Kỹ +2 và cấp Thiên Phú +2, tối đa không vượt quá giới hạn nâng cấp.
NORMAL_TEXT	167874	Vận Mệnh 6 — No Door Closes Twice: Thời gian tồn tại của “Mặt Sau — Hỏa Dương” tăng từ 2 lên 3 lượt. Giới hạn kích hoạt “The Ram Comes Through” tăng từ 2 lên 3 lần giữa hai lượt của Janus; đòn này đồng thời nhận 20% %Xuyên Kháng Nguyên Tố Hỏa. Khi Janus sử dụng Tuyệt Kỹ lên mục tiêu đang có Điểm Yếu Hỏa tự nhiên, “Hồng Môn” vẫn tăng thêm 15% Sát Thương Khiên Hỏa như bình thường và khiến mục tiêu nhận thêm 15% Sát Thương Diệt Kích trong thời gian Vỡ Khiên.
HEADING_1	168335	44. Nhân vật — Hestia
NORMAL_TEXT	168357	Độ hiếm: 5★ giới hạn
NORMAL_TEXT	168378	Aspect: Caduceus
NORMAL_TEXT	168395	Nguyên tố: Hỏa
NORMAL_TEXT	168410	Giới tính: Nữ
NORMAL_TEXT	168424	Ngoại hình: Hestia khoác một bộ váy dạ hội thanh lịch, mái tóc vàng ánh nâu đỏ buông dài sau vai. Khi chiến đấu, cô mở chiếc quạt nghi lễ; những nan quạt bừng lên như các thanh củi đỏ trong lò sưởi, để lại những dải lửa mềm như tà váy trong một điệu valse.
NORMAL_TEXT	168681	Vũ khí: Quạt nghi lễ Hồng Lô
NORMAL_TEXT	168710	Chỉ số Lv1: HP 163 | Tấn Công 74 | Phòng Thủ 80 | Tốc Độ 109
NORMAL_TEXT	168771	Chỉ số Lv60: HP 1397 | Tấn Công 544 | Phòng Thủ 588 | Tốc Độ 109
HEADING_2	168837	Tấn Công Thường — Ember Waltz
NORMAL_TEXT	168867	Hestia khép quạt trước ngực rồi xoay cổ tay, một cánh quạt lửa mảnh lướt qua không trung như bước cuối của một điệu nhảy, gây Sát Thương Hỏa bằng 70% Tấn Công lên một kẻ địch. Hồi 1 Điểm Planck và 20 Năng Lượng.
HEADING_2	169080	Chiến Kỹ — Supper Before the Hearth Dies
NORMAL_TEXT	169121	Tiêu hao 1 Điểm Planck. Hestia mở quạt thành một vòng lửa đỏ, quét một đường thấp qua mục tiêu và gây Sát Thương Hỏa bằng 80% Tấn Công lên một kẻ địch, sau đó ban “Dạ Yến Hồng Lô” cho toàn bộ đồng minh trong 3 lượt. Hồi 30 Năng Lượng.
NORMAL_TEXT	169356	Khi đồng minh có “Dạ Yến Hồng Lô” trực tiếp gây sát thương lên một kẻ địch chưa ở trạng thái Phá Vỡ, nếu sau khi hành động kết thúc mục tiêu vẫn chưa bị Vỡ Khiên, đồng minh đó gây thêm một lần Sát Thương Diệt Kích lên chính mục tiêu với hệ số 70%, sử dụng Sát Thương Khiên cơ bản của hành động vừa kích hoạt để tính Sát Thương Diệt Kích. Lần Sát Thương Diệt Kích này được tính là do đồng minh kích hoạt gây ra và sử dụng các chỉ số của chính đồng minh đó.
NORMAL_TEXT	169812	Mỗi mục tiêu chỉ có thể nhận phần Sát Thương Diệt Kích bổ sung này tối đa 1 lần trong cùng một hành động. Nếu mục tiêu đã Vỡ Khiên trước hành động hoặc bị chính hành động đó phá Khiên, phần Sát Thương Diệt Kích 70% từ “Dạ Yến Hồng Lô” không được kích hoạt và không cộng dồn với Sát Thương Phá Khiên hay Sát Thương Diệt Kích phát sinh trong trạng thái Vỡ Khiên.
HEADING_2	170174	Tuyệt Kỹ — All Lights Return Home
NORMAL_TEXT	170208	Năng Lượng: 130. Hestia bước vào giữa một vòng lửa như sàn khiêu vũ, khép quạt lại rồi nâng nó lên; những đốm than hồng từ dưới chân từng đồng minh bay về phía cô trước khi tỏa ngược ra thành một mái lửa ấm. Hồi HP cho toàn bộ đồng minh bằng 11% HP tối đa của Hestia + 180.
HEADING_2	170483	Thiên Phú — The Hearth Remembers Every Guest
NORMAL_TEXT	170528	Mỗi khi một đồng minh trực tiếp phá Khiên của ít nhất một kẻ địch, Hestia lập tức hồi HP cho toàn bộ đồng minh bằng 4% HP tối đa của Hestia + 80. Trong cùng một hành động, bất kể có bao nhiêu mục tiêu bị phá Khiên, hiệu ứng này chỉ kích hoạt 1 lần.
NORMAL_TEXT	170777	Nếu đồng minh được hồi HP bởi hiệu ứng này đang dưới 50% HP trước khi nhận hồi phục, lượng hồi phục dành cho đồng minh đó tăng thêm 25%.
HEADING_2	170915	Đột Phá
NORMAL_TEXT	170923	Lv20 — Mỗi khi một đồng minh kích hoạt Sát Thương Diệt Kích từ “Dạ Yến Hồng Lô”, đồng minh đó hồi HP bằng 2% HP tối đa của Hestia + 40. Mỗi đồng minh tối đa nhận hồi phục theo cách này 1 lần trong mỗi hành động.
NORMAL_TEXT	171135	Lv40 — Nếu nhân vật kích hoạt Sát Thương Diệt Kích từ “Dạ Yến Hồng Lô” thuộc nguyên tố Hỏa, lần Sát Thương Diệt Kích đó bỏ qua 10% Phòng Thủ của mục tiêu.
NORMAL_TEXT	171290	Lv60 — Sau khi Thiên Phú được kích hoạt bởi một lần phá Khiên, Hestia hồi 5 Năng Lượng và Trì Hoãn toàn bộ kẻ địch 5%. Hiệu ứng này tối đa kích hoạt 1 lần trong mỗi hành động.
NORMAL_TEXT	171467	Mốc phụ
NORMAL_TEXT	171475	HP +25% | Tốc Độ +8 | %Hồi Năng Lượng +4%
HEADING_2	171518	Vận Mệnh
NORMAL_TEXT	171527	VM1 — The First Course Is Never Cold: Hiệu Suất Phá Vỡ của toàn đội tăng 50% và sát thương từ “Dạ Yến Hồng Lô” tăng 15% Xuyên Kháng nguyên tố HoảVM2 — Heat Beneath the Porcelain: Khi một kẻ địch chịu Sát Thương Diệt Kích từ “Dạ Yến Hồng Lô”, mục tiêu nhận “Men Nứt” trong 2 lượt. Khi kẻ địch có “Men Nứt” bị Vỡ Khiên, sát thương Diệt Kích chúng phải nhận tăng 15% cho đến khi hồi Khiên. Hiệu ứng cùng tên không cộng dồn.
NORMAL_TEXT	171949	VM3 — A Fan Opens, A Flame Answers: Cấp Chiến Kỹ +2, cấp Tấn Công Thường +1.
NORMAL_TEXT	172026	VM4 — Warmth for Those Still Standing: Sau khi Thiên Phú hồi HP cho toàn đội, toàn bộ đồng minh tăng 20% %Diệt Phá trong 2 lượt. Hiệu ứng cùng tên không cộng dồn; kích hoạt lại chỉ làm mới thời gian tồn tại.
NORMAL_TEXT	172234	VM5 — The Last Waltz Has No Farewell: Cấp Tuyệt Kỹ +2, cấp Thiên Phú +2.
NORMAL_TEXT	172307	VM6 — No Guest Leaves Before the Fire: Hệ số Sát Thương Diệt Kích do “Dạ Yến Hồng Lô” tạo ra tăng lên 100%. Khi một kẻ địch bị phá Khiên trong thời gian “Dạ Yến Hồng Lô” tồn tại, toàn bộ đồng minh tăng 20% sát thương Diệt Kích gây lên mục tiêu đó cho đến khi mục tiêu hồi Khiên. Hiệu ứng này không tạo thêm một lần Sát Thương Diệt Kích trên chính hành động phá Khiên.
HEADING_1	172676	45. Nhân vật — Surtr
NORMAL_TEXT	172697	Độ hiếm: 5★ Xron giới hạn
NORMAL_TEXT	172723	Aspect: Vajra
NORMAL_TEXT	172737	Nguyên tố: Hỏa Ngục
NORMAL_TEXT	172757	Giới tính: Nữ
NORMAL_TEXT	172771	Vũ khí: Đại kiếm rực cháy
NORMAL_TEXT	172797	Ngoại hình: Surtr có mái tóc trắng bị xém mất từng mảng nhỏ như đã nhiều lần bước xuyên qua chính biển lửa của mình. Bộ váy cô mặc vẫn giữ dáng vẻ trang trọng nhưng mép vải, tà váy và một phần thân áo còn hằn những vết cháy chưa bao giờ biến mất. Trong tay cô là một thanh đại kiếm khổng lồ luôn rực cháy; khi Hỏa Ngục bùng lên, ngọn lửa trắng nóng ở lõi chuyển dần sang đỏ thẫm rồi đen ở rìa như tro đang nuốt lấy ánh sáng.
NORMAL_TEXT	173222	Chỉ số Lv1: HP 158 | Tấn Công 98 | Phòng Thủ 74 | Tốc Độ 103
NORMAL_TEXT	173283	Chỉ số Lv60: HP 1161 | Tấn Công 720 | Phòng Thủ 544 | Tốc Độ 103
HEADING_2	173349	Tấn Công Thường — Ash Before Dawn
NORMAL_TEXT	173383	Surtr kéo đại kiếm sát mặt đất, để lưỡi kiếm cày thành một đường lửa rồi bất ngờ vung ngược lên, gây Sát Thương Hỏa Ngục bằng 100% Tấn Công lên một kẻ địch. Hồi 1 Điểm Planck và 20 Năng Lượng.
NORMAL_TEXT	173576	Sát Thương Khiên cơ bản: 30.
HEADING_2	173606	Chiến Kỹ — Feed the Last Furnace
NORMAL_TEXT	173639	Tiêu hao 1 Điểm Planck. Surtr cắm đại kiếm xuống trước mặt, nắm trực tiếp lấy phần sống kiếm đang đỏ rực và để Hỏa Ngục chạy ngược qua cánh tay. Tiêu hao 20% HP hiện tại của bản thân và lập tức đặt Năng Lượng của Surtr về mức tối đa. Hiệu ứng này không được tính là hồi Năng Lượng theo giá trị cố định và không chịu ảnh hưởng bởi %Hồi Năng Lượng. Việc tiêu hao HP không thể khiến HP của Surtr giảm xuống dưới 1.
NORMAL_TEXT	174051	Khi Surtr đang có ít nhất 1 tầng “Tàn Nhật”, Chiến Kỹ này được thay thế bằng Chiến Kỹ Cường Hóa “The Sword That Burns the Road”.
HEADING_2	174181	Tuyệt Kỹ — Two Steps Until the World Ends
NORMAL_TEXT	174223	Năng Lượng: 160. Surtr nâng đại kiếm lên cao; phía sau cô, một đường chân trời bằng lửa mở ra rồi gập xuống như bầu trời đang cháy. Gây Sát Thương Hỏa Ngục bằng 140% Tấn Công lên mục tiêu chính và 70% Tấn Công lên hai mục tiêu lân cận, sau đó nhận 2 tầng “Tàn Nhật”, tối đa 2 tầng, đồng thời Ưu Tiên Hành Động 100%.
NORMAL_TEXT	174539	Trong thời gian còn “Tàn Nhật”, Chiến Kỹ của Surtr được thay thế bằng Chiến Kỹ Cường Hóa. “Tàn Nhật” không tự giảm theo lượt và chỉ bị tiêu hao bởi Chiến Kỹ Cường Hóa.
NORMAL_TEXT	174707	Sát Thương Khiên cơ bản: 90 lên mục tiêu chính và 45 lên mục tiêu lân cận.
HEADING_2	174783	Chiến Kỹ Cường Hóa — The Sword That Burns the Road
NORMAL_TEXT	174834	Tiêu hao 1 Điểm Planck và 1 tầng “Tàn Nhật”. Surtr kéo đại kiếm ra sau vai, toàn bộ Hỏa Ngục trên lưỡi kiếm co lại thành một đường sáng trắng rồi cô lao xuyên qua mục tiêu, để một khe lửa đen-đỏ nổ tung phía sau nhát chém. Gây Sát Thương Hỏa Ngục bằng 250% Tấn Công lên mục tiêu chính và 125% Tấn Công lên hai mục tiêu lân cận. Hiệu Suất Phá Vỡ của hành động này tăng 95%.
NORMAL_TEXT	175207	Nếu mục tiêu đã ở trạng thái Vỡ Khiên trước khi hành động bắt đầu, sau sát thương trực tiếp gây thêm Sát Thương Diệt Kích với hệ số 200% lên mục tiêu chính và 100% lên mục tiêu lân cận tương ứng.
NORMAL_TEXT	175403	Sát Thương Khiên cơ bản: 90 lên mục tiêu chính và 45 lên mục tiêu lân cận.
NORMAL_TEXT	175478	Sau khi hành động kết thúc, nếu tầng “Tàn Nhật” vừa bị tiêu hao là tầng cuối cùng, Surtr lập tức tự động kích hoạt Tuyệt Kỹ Cường Hóa “Nothing Remains to Burn”.
HEADING_2	175640	Tuyệt Kỹ Cường Hóa — Nothing Remains to Burn
NORMAL_TEXT	175685	Không tiêu hao Năng Lượng và không tiêu hao Điểm Planck; được tính là một Tuyệt Kỹ được chèn vào chuỗi hành động và không tiêu lượt hành động chính. Surtr dựng đại kiếm thẳng đứng, bóp tắt toàn bộ ngọn lửa trên lưỡi kiếm trong một khoảnh khắc, rồi chém xuống khiến Hỏa Ngục phun ngược từ mặt đất như một đường nứt xuyên qua chiến trường. Gây Sát Thương Hỏa Ngục bằng 180% Tấn Công lên toàn bộ kẻ địch. Hiệu Suất Phá Vỡ của hành động này tăng 100%.
NORMAL_TEXT	176133	Nếu một mục tiêu đã ở trạng thái Vỡ Khiên trước khi hành động bắt đầu, sau sát thương trực tiếp gây thêm Sát Thương Diệt Kích với hệ số 200% lên mục tiêu đó. Nếu Nothing Remains to Burn trực tiếp phá Khiên của mục tiêu, Diệt Kích Hỏa Ngục được kích hoạt bởi lần phá Khiên này có hệ số 250% thay vì 200%.
NORMAL_TEXT	176437	Sát Thương Khiên cơ bản: 120 lên mỗi mục tiêu.
HEADING_2	176485	Thiên Phú — The Pyre Remembers Every Name
NORMAL_TEXT	176527	Hỏa Ngục của Surtr được tính là Hỏa đối với các điều kiện đội hình và các hiệu ứng kiểm tra nhân vật thuộc tính Hỏa. Đòn Hỏa Ngục của Surtr có thể gây Sát Thương Khiên lên mục tiêu có Điểm Yếu Hỏa Ngục hoặc Điểm Yếu Hỏa.
NORMAL_TEXT	176748	Khi Surtr trực tiếp phá Khiên của kẻ địch, sau Sát Thương Phá Vỡ thông thường lập tức gây thêm một lần Sát Thương Diệt Kích với hệ số 200% lên mục tiêu đó đồng thời cũng áp lên kẻ địch hiệu ứng “Thiêu Đốt” như thường lệ.
NORMAL_TEXT	176969	Mỗi khi Surtr trực tiếp gây sát thương bằng Tấn Công Thường, Tuyệt Kỹ, Chiến Kỹ Cường Hóa hoặc Tuyệt Kỹ Cường Hóa, mục tiêu bị trúng đòn nhận “Hỏa Táng” trong 2 lượt của mục tiêu. “Hỏa Táng” là Sát Thương Duy Trì, không cộng dồn; áp dụng lại chỉ làm mới thời gian tồn tại. Sát thương do chính “Hỏa Táng” gây ra không thể tự áp dụng lại “Hỏa Táng”.
NORMAL_TEXT	177317	Khi đến lượt, mục tiêu chịu Sát Thương Hỏa Ngục bằng 100% Tấn Công của Surtr. Lần sát thương này vẫn sử dụng hệ số sát thương dựa trên Tấn Công, nhưng được xem là Sát Thương Diệt Kích đối với các hiệu ứng kích hoạt hoặc khuếch đại liên quan đến Diệt Kích.Nếu mục tiêu chưa ở trạng thái Vỡ Khiên, sau khi nhận sát thương mục tiêu mất thêm lượng Khiên bằng 10% Khiên tối đa của bản thân; nếu mục tiêu đang ở trạng thái Vỡ Khiên, thay vào đó Trì Hoãn hành động của mục tiêu 15%. Sau khi hiệu ứng hoàn tất, thời gian tồn tại của “Hỏa Táng” giảm 1 lượt theo quy tắc Sát Thương Duy Trì.
NORMAL_TEXT	177898	Sát Thương Diệt Kích được gây bởi Hỏa Táng có thể kích hoạt các hiệu ứng nhận diện Sát Thương Diệt Kích, nhưng không thể tự kích hoạt lại Hỏa Táng hoặc kích hoạt lặp lại cùng một hiệu ứng đã tạo ra lần sát thương đó trong cùng chuỗi xử lý.
HEADING_2	178139	Đột Phá
NORMAL_TEXT	178147	Lv20 — Sau khi Surtr tiêu hao HP bằng Feed the Last Furnace, nhận “Da Tro” cho đến khi Tuyệt Kỹ Cường Hóa kế tiếp kết thúc. Trong thời gian này, Surtr không thể bị hạ gục. Nếu Surtr chưa sử dụng Two Steps Until the World Ends trước khi lượt thực tế kế tiếp của bản thân kết thúc, “Da Tro” lập tức biến mất. Sau khi Tuyệt Kỹ Cường Hóa kết thúc, Surtr hồi HP bằng 10% HP tối đa
NORMAL_TEXT	178523	Lv40 — Sau khi Surtr sử dụng Two Steps Until the World Ends, lần Sát Thương Diệt Kích đầu tiên do Surtr gây ra được chuyển thành Sát Thương Chuẩn. Lần sát thương này vẫn được tính từ giá trị nền của Diệt Kích, nhưng bỏ qua trực tiếp Phòng Thủ và Kháng Nguyên Tố của mục tiêu khi tính sát thương.
NORMAL_TEXT	178819	Lv60 — Sau khi Surtr trực tiếp phá Khiên của một mục tiêu, áp dụng Cháy Rụi trong 1 lượt. Khi mục tiêu có Cháy Rụi đến lượt, các hiệu ứng đầu lượt và Sát Thương Duy Trì vẫn kích hoạt bình thường, nhưng mục tiêu không thể thực hiện hành động trong lượt đó. Lượt này vẫn được tính là một lượt thực tế. Khi Cháy Rụi kết thúc ở cuối lượt, mục tiêu vẫn không lập tức hồi Khiên.
HEADING_2	179193	Mốc phụ
NORMAL_TEXT	179201	+24% %Diệt Phá
NORMAL_TEXT	179216	+8 Tốc Độ
NORMAL_TEXT	179226	+10% Tấn Công
HEADING_2	179241	Vận Mệnh 1 
NORMAL_TEXT	179253	Chiến Kĩ cường hoá giờ đây sẽ không tiêu hao điểm Planck, sát thương Diệt Kích bỏ qua 15% Phòng Thủ của kẻ địch
HEADING_2	179366	Vận Mệnh 2 
NORMAL_TEXT	179378	Sau mỗi lần Surtr sử dụng Chiến Kỹ Cường Hóa, Ưu Tiên Hành Động 25%. Nếu đây là lần Chiến Kỹ Cường Hóa đầu tiên kể từ Tuyệt Kỹ thường gần nhất, mức Ưu Tiên Hành Động tăng thành 50%.
HEADING_2	179561	Vận Mệnh 3 
NORMAL_TEXT	179573	Cấp Chiến Kỹ +2. Cấp Tấn Công Thường +1.
HEADING_2	179615	Vận Mệnh 4 
NORMAL_TEXT	179627	Khi Hỏa Táng kích hoạt, phần sát thương của Hỏa Táng được gây 3 lần liên tiếp, mỗi lần bằng 100% giá trị gốc. Các hiệu ứng phụ của Hỏa Táng chỉ được xử lý 1 lần cho mỗi lần Hỏa Táng kích hoạt.
HEADING_2	179820	Vận Mệnh 5 
NORMAL_TEXT	179832	Cấp Tuyệt Kỹ +2. Cấp Thiên Phú +2.
HEADING_2	179868	Vận Mệnh 6 
NORMAL_TEXT	179881	Giới hạn “Tàn Nhật” tăng từ 2 lên 3 và Tuyệt Kỹ thường nhận 3 tầng “Tàn Nhật” thay vì 2. Tuyệt Kỹ Cường Hóa chỉ tự động kích hoạt sau khi tầng “Tàn Nhật” cuối cùng được tiêu hao. Sau khi Tuyệt Kỹ Cường Hóa kết thúc, Surtr Ưu Tiên Hành Động 25%; hiệu ứng này tối đa kích hoạt 1 lần cho mỗi lần sử dụng Tuyệt Kỹ thường.
NORMAL_TEXT	180200	—------------------------------------------------------------------------------------------------------------------------
HEADING_1	180322	46. Nhân vật — Amphitrite
NORMAL_TEXT	180348	Độ hiếm: 5★ giới hạn
NORMAL_TEXT	180369	Aspect: Keraunos
NORMAL_TEXT	180386	Nguyên tố: Thuỷ
NORMAL_TEXT	180402	Giới tính: Nữ
NORMAL_TEXT	180416	Vũ khí: Ngọc Châu
NORMAL_TEXT	180434	Ngoại hình: Amphitrite có mái tóc xám dài như màu mặt biển trước cơn mưa, phần đuôi tóc ánh lên sắc bạc khi ma lực dâng cao. Một viên Ngọc Châu lớn lơ lửng quanh bàn tay cô, bên trong luôn có những dải nước sâu chuyển động như một đại dương thu nhỏ. Khi kỹ năng được kích hoạt, bóng cá voi khổng lồ thường xuất hiện dưới mặt nước ảo trải qua chiến trường trước khi trồi lên giữa những cột sóng.
NORMAL_TEXT	180829	Chỉ số cơ bản Lv1: HP 160 | Tấn Công 72 | Phòng Thủ 76 | Tốc Độ 111
NORMAL_TEXT	180897	Chỉ số cơ bản Lv60: HP 1176 | Tấn Công 529 | Phòng Thủ 559 | Tốc Độ 111
NORMAL_TEXT	180970	Tấn Công Thường — Pearl on the Current
NORMAL_TEXT	181009	Amphitrite xoay Ngọc Châu quanh cổ tay, kéo một dòng nước mảnh thành vòng cung rồi nén nó thành một giọt nước sáng lao thẳng vào mục tiêu. Gây Sát Thương Thuỷ bằng 70% Tấn Công lên một kẻ địch.
NORMAL_TEXT	181203	Hồi 1 Điểm Planck.
NORMAL_TEXT	181223	Chiến Kỹ — A Whale Beneath the Glass Sea
NORMAL_TEXT	181264	Tiêu hao 1 Điểm Planck.
NORMAL_TEXT	181288	Amphitrite nâng Ngọc Châu lên trước ngực; mặt nước ảo lập tức phủ dưới chân toàn bộ kẻ địch. Một bóng cá voi khổng lồ lướt qua bên dưới rồi trồi lên, cuốn cả chiến trường vào một cột nước rộng. Gây Sát Thương Thuỷ bằng 95% Tấn Công của Amphitrite lên toàn bộ kẻ địch và có 100% tỷ lệ cơ bản áp dụng “Thủy Áp” trong 2 lượt.
NORMAL_TEXT	181611	Kẻ địch có “Thủy Áp” giảm 15% Phòng Thủ. Hiệu ứng cùng tên không cộng dồn; áp dụng lại chỉ làm mới thời gian tồn tại.
NORMAL_TEXT	181730	Tuyệt Kỹ — Crown of the Boundless Sea
NORMAL_TEXT	181768	Năng Lượng yêu cầu: 140.
NORMAL_TEXT	181793	Amphitrite khép hai tay quanh Ngọc Châu, khiến toàn bộ ánh sáng bên trong viên ngọc chìm xuống như bị kéo về đáy vực. Một đàn cá voi bằng thủy quang bơi vòng quanh đồng minh được chọn trước khi một con cá voi lớn nhất trồi khỏi mặt biển phía sau họ như đang nâng cả một vương miện bằng nước.
NORMAL_TEXT	182085	Chọn một đồng minh khác, khiến mục tiêu được Ưu Tiên Hành Động 50% và nhận “Vua Biển Cả” trong 2 lượt.
NORMAL_TEXT	182188	Khi có “Vua Biển Cả”, sát thương Chiến Kỹ và Đòn Đánh Theo Sau của mục tiêu tăng 30%. Nếu mục tiêu sở hữu Nguyên Tố Thuỷ hoặc Thuỷ Triều, đồng thời tăng 20% Sát Thương Chí Mạng.
NORMAL_TEXT	182366	Mỗi khi mục tiêu có “Vua Biển Cả” thực hiện một hành động gây sát thương lên từ 2 kẻ địch trở lên, Amphitrite nhận thêm 1 tầng “Hải Ca” từ Thiên Phú sau khi hành động kết thúc. Hiệu ứng bổ sung này tối đa kích hoạt 1 lần trong mỗi hành động.
NORMAL_TEXT	182609	Thiên Phú — The Whale Knows Every Tide
NORMAL_TEXT	182648	Đối với các hiệu ứng của Thiên Phú Amphitrite, Nguyên Tố Thuỷ Triều được tính là Nguyên Tố Thuỷ.
NORMAL_TEXT	182745	Mỗi khi một đồng minh sở hữu Nguyên Tố Thuỷ gây sát thương lên từ 2 kẻ địch trở lên, Amphitrite nhận 1 tầng “Hải Ca”, cộng dồn tối đa 3 tầng. Trong cùng một hành động, mỗi đồng minh chỉ có thể tạo tối đa 1 tầng “Hải Ca” từ điều kiện này.
NORMAL_TEXT	182983	Khi đạt đủ 3 tầng “Hải Ca”, sau khi hành động đang xử lý kết thúc, Amphitrite xóa toàn bộ “Hải Ca” và lập tức thực hiện Đòn Đánh Theo Sau “Leviathan's Answer”. Amphitrite đưa Ngọc Châu lên cao; một bóng cá voi xanh thẫm lao từ ngoài chiến trường vào, quét ngang toàn bộ đội hình địch bằng một con sóng lớn, gây Sát Thương Thuỷ bằng 100% Tấn Công của Amphitrite lên toàn bộ kẻ địch.
NORMAL_TEXT	183365	“Leviathan's Answer” được tính là một hành động gây sát thương lên toàn bộ kẻ địch và có thể kích hoạt các hiệu ứng của đồng minh yêu cầu một đồng minh khác gây sát thương lên từ 2 mục tiêu trở lên. Tuy nhiên, “Leviathan's Answer” không thể tự tạo “Hải Ca”.
NORMAL_TEXT	183623	Thiên Phú chỉ có thể kích hoạt “Leviathan's Answer” tối đa 1 lần giữa hai lượt của Amphitrite. Nếu đạt đủ 3 tầng trong thời gian giới hạn này, “Hải Ca” được giữ nguyên cho đến khi giới hạn được làm mới.
NORMAL_TEXT	183827	Đột Phá
NORMAL_TEXT	183835	Mốc 1: “Thủy Áp” giảm Phòng Thủ từ 15% lên 18%. Khi A Whale Beneath the Glass Sea áp dụng thành công “Thủy Áp” lên ít nhất 3 kẻ địch, Amphitrite hồi 5 Năng Lượng.
NORMAL_TEXT	183998	Mốc 2: Sau khi “Leviathan's Answer” kích hoạt, hồi 1 Điểm Planck cho đội. Hiệu ứng hồi Điểm Planck tối đa kích hoạt 1 lần sau mỗi 2 lượt thực tế của Amphitrite.
NORMAL_TEXT	184159	Mốc 3: Khi đồng minh sở hữu Nguyên Tố Thuỷ hoặc Thuỷ Triều đang có “Vua Biển Cả”, sát thương của mục tiêu bỏ qua 12% Kháng Nguyên Tố tương ứng của kẻ địch.
NORMAL_TEXT	184315	Mốc phụ: 8 Tốc Độ, 18% %Chính Xác Hiệu Ứng, 4% %Hồi Năng Lượng
NORMAL_TEXT	184379	Vận Mệnh
NORMAL_TEXT	184388	Vận Mệnh 1: Sau khi A Whale Beneath the Glass Sea đánh trúng ít nhất 3 kẻ địch, Amphitrite nhận ngay 1 tầng “Hải Ca”. “Thủy Áp” đồng thời khiến mục tiêu tăng 5% sát thương phải nhận trong thời gian hiệu lực.
NORMAL_TEXT	184596	Vận Mệnh 2: “Vua Biển Cả” tăng sát thương Chiến Kỹ và Đòn Đánh Theo Sau từ 30% lên 40%. Khi đồng minh có “Vua Biển Cả” sở hữu Nguyên Tố Thuỷ hoặc Thuỷ Triều gây sát thương lên từ 2 kẻ địch trở lên, lần nhận “Hải Ca” tiếp theo từ hành động đó nhận 2 tầng thay vì 1 tầng.
NORMAL_TEXT	184866	Vận Mệnh 3: Cấp Chiến Kỹ +2. Cấp Tấn Công Thường +1.
NORMAL_TEXT	184919	Vận Mệnh 4: Sau khi Amphitrite sử dụng Tuyệt Kỹ, tăng 12 Tốc Độ và 20% %Chính Xác Hiệu Ứng của bản thân trong 2 lượt.
NORMAL_TEXT	185037	Vận Mệnh 5: Cấp Tuyệt Kỹ +2. Cấp Thiên Phú +2.
NORMAL_TEXT	185084	Vận Mệnh 6: Hệ số sát thương của “Leviathan's Answer” tăng từ 100% lên 160% Tấn Công. Sau khi “Leviathan's Answer” kết thúc, đồng minh đang có “Vua Biển Cả” được Ưu Tiên Hành Động 20%; hiệu ứng này tối đa kích hoạt 1 lần giữa hai lượt của Amphitrite. Nếu mục tiêu sở hữu Nguyên Tố Thuỷ hoặc Thuỷ Triều, lần hành động gây sát thương kế tiếp trong thời gian “Vua Biển Cả” tăng thêm 20% %Xuyên Kháng Nguyên Tố.
NORMAL_TEXT	185493	Tóm tắt kit: Amphitrite là Keraunos Thuỷ 5★ giới hạn chuyên hỗ trợ các đội hình Thuỷ và đặc biệt tương thích với Poseidon. Chiến Kỹ vừa gây sát thương toàn sân vừa giảm Phòng Thủ, còn Tuyệt Kỹ đẩy một chủ lực lên 50% và trao “Vua Biển Cả” để khuếch đại Chiến Kỹ cùng Đòn Đánh Theo Sau. Thiên Phú biến các hành động đa mục tiêu của đồng minh Thuỷ thành “Hải Ca”; khi đủ tầng, Amphitrite gọi cá voi thực hiện Đòn Đánh Theo Sau toàn sân, bản thân đòn này lại được tính là hành động đa mục tiêu của một đồng minh khác nên có thể đáp ứng điều kiện kích hoạt Undertow của Poseidon mà không phá giới hạn kích hoạt vốn có của Undertow.
NORMAL_TEXT	186121	
NORMAL_TEXT	186125	—------------------------------------------------------------------------------------------------------------------------
HEADING_1	186247	47. Nhân vật — Thor
NORMAL_TEXT	186267	Độ hiếm: 5★ giới hạn
NORMAL_TEXT	186288	Aspect: Vajra
NORMAL_TEXT	186302	Nguyên tố: Lôi
NORMAL_TEXT	186317	Giới tính: Nữ
NORMAL_TEXT	186331	Vũ khí: Búa Thần
NORMAL_TEXT	186348	Ngoại hình: Một nữ chiến binh cao lớn với mái tóc vàng tro dài, đôi mắt ánh tím điện và giáp chiến màu bạc sẫm. Búa Thần có đầu búa lớn khắc những đường dẫn sét; mỗi khi Thor tích Lôi Áp, các đường khắc lần lượt phát sáng như một cơn giông đang được nén lại.
NORMAL_TEXT	186607	Chỉ số Lv1: HP 154 | Tấn Công 94 | Phòng Thủ 76 | Tốc Độ 104
NORMAL_TEXT	186668	Chỉ số Lv60: HP 1132 | Tấn Công 691 | Phòng Thủ 559 | Tốc Độ 104
HEADING_2	186734	Tấn Công Thường — Stormhammer Oath
NORMAL_TEXT	186769	Thor xoay Búa Thần một vòng sát mặt đất rồi quật thẳng vào mục tiêu; tia điện bật khỏi đầu búa ngay tại khoảnh khắc va chạm.
NORMAL_TEXT	186894	Gây Sát Thương Lôi bằng 100% Tấn Công của Thor lên một kẻ địch. Gây 30 Sát Thương Sức Bền.
NORMAL_TEXT	186985	Hồi 20 Năng Lượng và 1 Điểm Planck.
HEADING_2	187022	Chiến Kỹ — Rampartbreaker
NORMAL_TEXT	187048	Tiêu hao 1 Điểm Planck.
NORMAL_TEXT	187072	Thor dựng Búa Thần trước người, kéo những dải điện từ tầng mây xuống đầu búa rồi nện mạnh xuống chiến trường. Từ điểm va chạm, sét phân thành nhiều nhánh và đồng thời quét qua toàn bộ đội hình địch.
NORMAL_TEXT	187271	Gây Sát Thương Lôi bằng 90% Tấn Công của Thor lên toàn bộ kẻ địch. Gây 45 Sát Thương Sức Bền lên từng mục tiêu.
NORMAL_TEXT	187383	Với mỗi kẻ địch khác nhau đang còn Sức Bền và bị hành động này gây Sát Thương Sức Bền, Thor nhận 1 tầng “Lôi Áp”, tối đa nhận 5 tầng trong một lần sử dụng Chiến Kỹ. Mỗi tầng “Lôi Áp” nhận được theo cách này hồi thêm 3 Năng Lượng, tối đa 15 Năng Lượng cho mỗi lần sử dụng Chiến Kỹ.
NORMAL_TEXT	187664	Hồi 30 Năng Lượng.
HEADING_2	187684	Tuyệt Kỹ — Heavenfall: Mjolnir
NORMAL_TEXT	187715	Giới hạn Năng Lượng: 150.
NORMAL_TEXT	187741	Thor nâng Búa Thần bằng cả hai tay. Toàn bộ điện tích đang chạy trên chiến trường bị hút ngược về đầu búa, bầu trời tối lại trong chớp mắt, rồi Thor giáng búa xuống. Một cột sét khổng lồ xuyên thẳng từ tầng mây xuống chiến trường và tách thành vô số nhánh đánh trúng toàn bộ kẻ địch cùng lúc.
NORMAL_TEXT	188034	Tiêu hao toàn bộ “Lôi Áp” hiện có.
NORMAL_TEXT	188069	Gây Sát Thương Lôi bằng 180% Tấn Công của Thor lên toàn bộ kẻ địch. Khấu trừ 120 sức bền của toàn bộ kẻ địchVới mỗi tầng “Lôi Áp” bị tiêu hao, hành động này tăng 10% Hiệu Suất Phá Vỡ và Thor tăng 15% %Diệt Phá chỉ trong lần sử dụng Tuyệt Kỹ này.
NORMAL_TEXT	188316	Nếu mục tiêu đã ở trạng thái Vỡ Khiên trước khi Tuyệt Kỹ gây sát thương hoặc bị chính Tuyệt Kỹ này trực tiếp phá Khiên, sau khi sát thương trực tiếp và hiệu ứng Phá Vỡ được xử lý, Thor gây thêm Diệt Kích với hệ số 250% lên mục tiêu đó. Mỗi mục tiêu chỉ có thể chịu Diệt Kích từ hiệu ứng này 1 lần trong mỗi lần sử dụng Tuyệt Kỹ.
HEADING_2	188646	Thiên Phú — Wrath Beneath the Clouds
NORMAL_TEXT	188683	Thor có thể sở hữu tối đa 5 tầng “Lôi Áp”. “Lôi Áp” không có thời hạn và chỉ bị tiêu hao bởi Tuyệt Kỹ.
NORMAL_TEXT	188786	Ngoài lượng “Lôi Áp” nhận từ Chiến Kỹ, mỗi khi một đồng minh khác trực tiếp phá Khiên của ít nhất một kẻ địch, Thor nhận 1 tầng “Lôi Áp”. Trong cùng một hành động của đồng minh, hiệu ứng này chỉ kích hoạt 1 lần.
NORMAL_TEXT	188998	Nếu Thor đã đạt giới hạn “Lôi Áp” khi hiệu ứng trên kích hoạt, thay vì nhận thêm tầng, Thor hồi 5 Năng Lượng.
NORMAL_TEXT	189108	Nhờ cơ chế này, Thor đạt hiệu suất tích lũy cao nhất khi chiến trường tồn tại nhiều thanh Sức Bền cùng lúc; trong trận đơn mục tiêu, tốc độ tích “Lôi Áp” tự nhiên thấp hơn đáng kể.
HEADING_2	189290	Đột Phá
NORMAL_TEXT	189298	A1 —  Khi bắt đầu trận, Thor nhận 2 tầng “Lôi Áp”.
NORMAL_TEXT	189349	A2 — Khi sử dụng Tuyệt Kỹ và tiêu hao ít nhất 3 tầng “Lôi Áp”, lần Tuyệt Kỹ đó nhận 12% %Xuyên Giáp. Hiệu ứng này áp dụng cho cả sát thương trực tiếp và Diệt Kích do Tuyệt Kỹ gây ra.
NORMAL_TEXT	189532	A3 — Sau khi Tuyệt Kỹ gây Diệt Kích lên ít nhất 2 kẻ địch khác nhau, Thor hồi 45 Năng Lượng. Mỗi lần sử dụng Tuyệt Kỹ chỉ có thể kích hoạt hiệu ứng này 1 lần.
HEADING_2	189692	Mốc phụ
NORMAL_TEXT	189700	+24% %Diệt Phá
NORMAL_TEXT	189715	+4% %Hồi Năng Lượng
NORMAL_TEXT	189735	+10% Tấn Công
HEADING_2	189750	Vận Mệnh 1 
NORMAL_TEXT	189762	Khi Chiến Kỹ gây Sát Thương Sức Bền lên ít nhất 3 kẻ địch khác nhau, Thor nhận thêm 1 tầng “Lôi Áp” và hồi thêm 5 Năng Lượng. Hiệu ứng này chỉ kích hoạt 1 lần trong mỗi lần sử dụng Chiến Kỹ và không thể khiến “Lôi Áp” vượt quá giới hạn.
HEADING_2	190000	Vận Mệnh 2 
NORMAL_TEXT	190012	Giới Hạn Lôi Áp tăng từ 5 lên 10 tầng. Sau khi thi triển Tuyệt Kĩ gây thêm sát thương Diệt Kích với hệ số 30% tương ứng với mỗi tầng ‘Lôi Áp’ đã tiêu hao .
HEADING_2	190169	Vận Mệnh 3
NORMAL_TEXT	190180	Cấp Chiến Kỹ +2. Cấp Tấn Công Thường +1.
HEADING_2	190222	Vận Mệnh 4 
NORMAL_TEXT	190234	Khi Thor sở hữu ít nhất 3 tầng “Lôi Áp”, %Diệt Phá tăng 24%. Khi đạt giới hạn “Lôi Áp”, Hiệu Suất Phá Vỡ tăng thêm 12%.
HEADING_2	190355	Vận Mệnh 5
NORMAL_TEXT	190366	Cấp Tuyệt Kỹ +2. Cấp Thiên Phú +2.
HEADING_2	190402	Vận Mệnh 6 
NORMAL_TEXT	190414	Sát thương Diệt Kích từ Tuyệt Kĩ của Thor sẽ được gây ra kể cả khi kẻ địch chưa trong trạng thái Phá Vỡ.Chiến Kỹ của Thor sẽ được tính là sát thương Tuyệt Kĩ, sau khi thi triển Chiến Kỹ sẽ gây thêm một lượng sát thương Diệt Kích bằng 50% sát thương Diệt Kích gây ra từ Tuyệt Kĩ.
NORMAL_TEXT	190695	Tóm tắt kit: Thor là Vajra Lôi 5★ giới hạn thiên về Phá Vỡ và Diệt Kích đa mục tiêu bằng Tuyệt Kỹ. Khác Heracles và Surtr vốn tập trung áp lực vào mục tiêu chính cùng vùng lân cận, Thor gây Sát Thương Sức Bền trực tiếp lên toàn bộ kẻ địch, tích “Lôi Áp” dựa trên số thanh Sức Bền mà đội hình đang gây áp lực và chuyển toàn bộ lượng tích lũy thành một pha Tuyệt Kỹ diện rộng. Cô mạnh nhất trong giao tranh có nhiều mục tiêu hoặc nhiều thanh Khiên cần phá đồng thời, trong khi hiệu suất tự nhiên giảm ở trận đơn mục tiêu.
NORMAL_TEXT	191215	
NORMAL_TEXT	191219	48. Nhân vật — Durga
NORMAL_TEXT	191240	Độ hiếm: 5★ giới hạn
NORMAL_TEXT	191261	Aspect: Aegis
NORMAL_TEXT	191275	Nguyên tố: Phong
NORMAL_TEXT	191292	Giới tính: Nam
NORMAL_TEXT	191307	Vũ khí: Trường thương bạch ngà
NORMAL_TEXT	191338	Ngoại hình: Một chiến binh cao lớn với trường thương bạch ngà, giáp sáng màu được khắc các đường vân tựa sọc hổ. Khi chiến đấu, Phong nguyên tố quanh anh kết thành bóng Bạch Hổ, còn lớp Khiên mang những vệt gió trắng như vuốt hổ khép quanh đồng đội.
NORMAL_TEXT	191589	Chỉ số cơ bản
NORMAL_TEXT	191603	Lv1: HP 160 | Tấn Công 78 | Phòng Thủ 82 | Tốc Độ 109
NORMAL_TEXT	191657	Lv60: HP 1176 | Tấn Công 658 | Phòng Thủ 550 | Tốc Độ 109
NORMAL_TEXT	191716	Tấn Công Thường — Ivory Fang
NORMAL_TEXT	191747	Durga hạ thấp mũi trường thương, bước xéo lên trước rồi đâm thẳng. Gió trắng cuộn quanh lưỡi thương thành hình một nanh hổ xé qua mục tiêu.
NORMAL_TEXT	191887	Gây Sát Thương Phong bằng 80% Tấn Công của Durga lên 1 kẻ địch.
NORMAL_TEXT	191951	Hồi 1 Điểm Planck.
NORMAL_TEXT	191970	Hồi 20 Năng Lượng.
NORMAL_TEXT	191990	Chiến Kỹ — White Tiger Holds the Gate
NORMAL_TEXT	192028	Tiêu hao 1 Điểm Planck.
NORMAL_TEXT	192052	Hồi 30 Năng Lượng.
NORMAL_TEXT	192071	Durga dựng trường thương ngang người. Một Bạch Hổ bằng gió hiện ra sau lưng anh, gầm thấp rồi khép vuốt quanh đội hình. Toàn bộ đồng minh nhận Khiên bằng 15% Tấn Công của Durga + 380, duy trì 2 lượt.
NORMAL_TEXT	192271	Sau đó Durga quét trường thương theo vòng cung, Bạch Hổ đồng thời lao xuyên chiến tuyến, gây Sát Thương Phong bằng 85% Tấn Công của Durga lên toàn bộ kẻ địch.
NORMAL_TEXT	192430	Có 100% Xác Suất Cơ Bản khiến mỗi mục tiêu trúng đòn nhận ‘Hổ Văn’ trong 2 lượt.
NORMAL_TEXT	192511	‘Hổ Văn’ : mục tiêu nhận thêm 8% sát thương. Khi nguồn sát thương là đồng minh thuộc Aspect Mjolnir, mục tiêu nhận thêm 6% sát thương nữa, tổng cộng 14%.
NORMAL_TEXT	192665	‘Hổ Văn’ cùng tên không cộng dồn; tái áp dụng chỉ làm mới thời gian duy trì.
NORMAL_TEXT	192743	Tuyệt Kỹ — Five Claws Beneath the Gale
NORMAL_TEXT	192782	Giới hạn Năng Lượng: 130.
NORMAL_TEXT	192808	Durga cắm chuôi thương xuống đất. Năm vệt vuốt trắng mở ra trên chiến trường, gió nén thành hình Bạch Hổ khổng lồ trước khi đồng loạt khép lại.
NORMAL_TEXT	192952	Toàn bộ đồng minh nhận Khiên bằng 20% Tấn Công của Durga + 560, duy trì 2 lượt. Nếu mục tiêu đang có Khiên do Durga tạo, thay thế bằng giá trị Khiên mới nếu giá trị mới cao hơn và làm mới thời gian duy trì.
NORMAL_TEXT	193159	Gây Sát Thương Phong bằng 150% Tấn Công của Durga lên toàn bộ kẻ địch.
NORMAL_TEXT	193230	Có 100% Xác Suất Cơ Bản áp dụng hoặc làm mới Hổ Văn lên toàn bộ kẻ địch trong 2 lượt.
NORMAL_TEXT	193316	Sau khi các hiệu ứng trên được giải quyết, Durga nhận 2 tầng Hổ Thế.
NORMAL_TEXT	193386	Thiên Phú — A Tiger Watches Every Front
NORMAL_TEXT	193430	Durga có thể sở hữu tối đa 3 tầng Hổ Thế.
NORMAL_TEXT	193472	Khi một đồng minh đang có Khiên do Durga tạo gây sát thương lên ít nhất 3 kẻ địch khác nhau trong cùng một hành động, Durga nhận 1 tầng Hổ Thế. Mỗi hành động chỉ có thể tạo tối đa 1 tầng theo cách này.
NORMAL_TEXT	193674	Khi Durga đạt 3 tầng Hổ Thế, sau khi hành động hiện tại được giải quyết hoàn toàn, tiêu hao toàn bộ Hổ Thế và lập tức thi triển Đòn Đánh Theo Sau Tiger’s Talon.
NORMAL_TEXT	193835	Tiger’s Talon : Bạch Hổ lao ngang chiến trường theo hướng mũi thương của Durga, gây Sát Thương Phong bằng 110% Tấn Công của Durga lên toàn bộ kẻ địch. Sau đòn đánh, phục hồi Khiên do Durga tạo trên mỗi đồng minh một lượng bằng 30% giá trị Khiên ban đầu của lần tạo Khiên đó, nhưng không vượt quá giá trị Khiên ban đầu. Nếu đồng minh không còn Khiên do Durga tạo, hiệu ứng này không tạo Khiên mới.
NORMAL_TEXT	194232	Tiger’s Talon không thể tự tạo Hổ Thế.
NORMAL_TEXT	194272	Đột Phá
NORMAL_TEXT	194280	A1 
NORMAL_TEXT	194284	Khi bắt đầu trận, toàn bộ đồng minh nhận Khiên bằng 8% Tấn Công của Durga + 200 trong 1 lượt và Durga nhận 1 tầng Hổ Thế.
NORMAL_TEXT	194406	A2 
NORMAL_TEXT	194411	Tiger’s Talon bỏ qua 15% Phòng Thủ của kẻ địch đang có Hổ Văn.
NORMAL_TEXT	194475	A3 
NORMAL_TEXT	194479	Sát thương của Durga luôn Chí Mạng, tăng 20% Sát Thương Đòn Đánh Theo Sau
NORMAL_TEXT	194554	Mốc phụ
NORMAL_TEXT	194562	+18% Tấn Công
NORMAL_TEXT	194576	+8 Tốc Độ
NORMAL_TEXT	194586	+10% Sát Thương Phong
NORMAL_TEXT	194609	Vận Mệnh
NORMAL_TEXT	194618	VM1 
NORMAL_TEXT	194623	Khi trên sân còn 5/3/1 , sát thương đồng minh Mjolnir tăng tương ứng 25%/35%/75%
NORMAL_TEXT	194705	VM2 
NORMAL_TEXT	194710	Khi Chiến Kỹ của Durga gây sát thương lên ít nhất 3 kẻ địch, Durga nhận thêm 1 tầng Hổ Thế. Mỗi lần thi triển Chiến Kỹ chỉ kích hoạt hiệu ứng này 1 lần.
NORMAL_TEXT	194864	VM3
NORMAL_TEXT	194868	Cấp Chiến Kỹ +2.
NORMAL_TEXT	194885	Cấp Tấn Công Thường +1.
NORMAL_TEXT	194910	VM4 
NORMAL_TEXT	194915	Durga tăng 60% Sát Thương Chí Mạng và 20% Sát Thương Phong.
NORMAL_TEXT	194976	VM5
NORMAL_TEXT	194980	Cấp Tuyệt Kỹ +2.
NORMAL_TEXT	194997	Cấp Thiên Phú +2.
NORMAL_TEXT	195016	VM6 
NORMAL_TEXT	195021	Số tầng Hổ Thế cần để kích hoạt Tiger’s Talon giảm từ 3 xuống 2.
NORMAL_TEXT	195086	Hệ số sát thương của Tiger’s Talon tăng từ 110% lên 250% Tấn Công của Durga.
NORMAL_TEXT	195163	Sát thương của Tiger’s Talon luôn là Sát Thương Chuẩn.
NORMAL_TEXT	195219	Tóm tắt kit
NORMAL_TEXT	195231	Durga là Aegis thiên công dành cho đội hình Mjolnir: tạo Khiên mức trung bình, gắn Hổ Văn để khuếch đại sát thương rồi tích Hổ Thế để gọi Bạch Hổ phản kích toàn sân và phục hồi phần Khiên còn lại. Anh đóng vai trò sub-DPS và bộ ổn định tài nguyên mà không thay thế support thuần Keraunos.
HEADING_1	195525	49. Nhân vật — Lyra
HEADING_1	195545	Độ hiếm: 4★
NORMAL_TEXT	195557	Aspect: Trishula
NORMAL_TEXT	195574	Nguyên tố: Băng
NORMAL_TEXT	195590	Giới tính: Nữ
NORMAL_TEXT	195604	Vũ khí: Song đao vòng
NORMAL_TEXT	195626	Ngoại hình: Nữ chiến binh nhanh nhẹn với mái tóc xanh bạc; cặp song đao vòng để lại các quỹ đạo sương giá khi xoay quanh cơ thể.
NORMAL_TEXT	195756	Chỉ số cơ bản
NORMAL_TEXT	195770	Lv1: HP 128 | Tấn Công 84 | Phòng Thủ 58 | Tốc Độ 108
NORMAL_TEXT	195824	Lv60: HP 941 | Tấn Công 618 | Phòng Thủ 426 | Tốc Độ 108
NORMAL_TEXT	195882	Tấn Công Thường — Frostbound Arc
NORMAL_TEXT	195915	Lyra quét một vòng đao phủ băng về phía trước.
NORMAL_TEXT	195962	Gây Sát Thương Băng bằng 80% Tấn Công của Lyra lên 1 kẻ địch.
NORMAL_TEXT	196024	Sau khi gây sát thương, đặt 1 tầng Hàn Ngấn lên mục tiêu.
NORMAL_TEXT	196082	Nhận 1 Điểm Planck.
NORMAL_TEXT	196102	Hồi 20 Năng Lượng.
NORMAL_TEXT	196122	Chiến Kỹ — Twin Rings Through Snow
NORMAL_TEXT	196157	Tiêu hao 1 Điểm Planck.
NORMAL_TEXT	196181	Hồi 30 Năng Lượng.
NORMAL_TEXT	196200	Lyra ném hai đao vòng xuyên qua đội hình địch rồi kéo chúng quay trở lại.
NORMAL_TEXT	196274	Gây Sát Thương Băng bằng 100% Tấn Công của Lyra lên mục tiêu chính và 60% Tấn Công lên tối đa 2 kẻ địch lân cận.
NORMAL_TEXT	196387	Sau khi gây sát thương, đặt 1 tầng Hàn Ngấn lên mỗi mục tiêu trúng đòn.
NORMAL_TEXT	196460	Tuyệt Kỹ — Three Orbits, One Winter
NORMAL_TEXT	196497	Giới hạn Năng Lượng: 120.
NORMAL_TEXT	196523	Lyra tạo ba quỹ đạo băng giao nhau quanh mục tiêu trước khi đồng loạt khép lại.
NORMAL_TEXT	196603	Gây Sát Thương Băng bằng 130% Tấn Công của Lyra lên mục tiêu chính và 80% Tấn Công lên tối đa 2 kẻ địch lân cận.
NORMAL_TEXT	196716	Sau khi gây sát thương, đặt 2 tầng Hàn Ngấn lên mỗi mục tiêu trúng đòn.
NORMAL_TEXT	196789	Thiên Phú — A Chill That Never Fades
NORMAL_TEXT	196826	Mỗi kẻ địch có thể mang tối đa 3 tầng Hàn Ngấn. Hàn Ngấn duy trì 2 lượt của mục tiêu; khi nhận thêm Hàn Ngấn, thời gian duy trì được làm mới.
NORMAL_TEXT	196968	Khi Lyra trực tiếp gây sát thương lên một kẻ địch đã có 3 tầng Hàn Ngấn trước đòn đánh đó, sau khi hành động hiện tại giải quyết hoàn toàn, tiêu hao 3 tầng Hàn Ngấn của mục tiêu đủ điều kiện đầu tiên và kích hoạt Shatterring .  Tối đa 1 lần mỗi hành động.
NORMAL_TEXT	197224	Băng Hoàn Vỡ: Gây Sát Thương Băng bằng 80% Tấn Công của Lyra lên mục tiêu đó và 40% Tấn Công lên tối đa 2 kẻ địch lân cận. Shatterring không đặt Hàn Ngấn và không thể tự kích hoạt lại Thiên Phú.
NORMAL_TEXT	197420	Đột Phá
NORMAL_TEXT	197428	A1: Thời gian duy trì Hàn Ngấn tăng từ 2 lên 3 lượt.
NORMAL_TEXT	197481	A2: Lyra gây thêm 12% sát thương lên kẻ địch đang có ít nhất 2 tầng Hàn Ngấn.
NORMAL_TEXT	197559	A3: Khi Shatterring kích hoạt, Lyra hồi 5 Năng Lượng. Tối đa 1 lần mỗi hành động.
NORMAL_TEXT	197641	Mốc phụ: +18% Tấn Công | +8 Tốc Độ | +10% Sát Thương Băng.
NORMAL_TEXT	197701	Vận Mệnh
NORMAL_TEXT	197710	VM1: Sau khi Chiến Kỹ gây sát thương, mục tiêu chính nhận thêm 1 tầng Hàn Ngấn.
NORMAL_TEXT	197790	VM2: Sau khi Shatterring tiêu hao 3 tầng Hàn Ngấn, đặt lại 1 tầng Hàn Ngấn lên mục tiêu chính. Hàn Ngấn này không thể kích hoạt thêm Shatterring trong cùng hành động.
NORMAL_TEXT	197957	VM3: Cấp Chiến Kỹ +2; cấp Tấn Công Thường +1.
NORMAL_TEXT	198003	VM4: Tấn Công của Lyra tăng 24%.
NORMAL_TEXT	198036	VM5: Cấp Tuyệt Kỹ +2; cấp Thiên Phú +2.
NORMAL_TEXT	198076	VM6: Hệ số Shatterring tăng từ 80%/40% lên 120%/60%. Sau khi Shatterring gây sát thương, mỗi mục tiêu lân cận trúng đòn nhận 1 tầng Hàn Ngấn. Hiệu ứng này vẫn không thể kích hoạt thêm Shatterring trong cùng hành động.
NORMAL_TEXT	198295	Tóm tắt kit
NORMAL_TEXT	198307	Lyra là Trishula Băng 4★ thiên về sub-DPS trong giao tranh 2–3 mục tiêu. Cô tích Hàn Ngấn lên nhiều kẻ địch rồi dùng các đòn đánh sau để phá dấu trên mục tiêu đã đủ tầng, gây thêm sát thương lan sang hai bên. Bộ kỹ năng dễ vận hành, không phụ thuộc đội hình chuyên biệt và mạnh nhất trong các wave có 2–3 kẻ địch tồn tại lâu.
HEADING_1	198635	50. Nhân Vật — Agni
NORMAL_TEXT	198656	Độ hiếm: 5★
NORMAL_TEXT	198668	Aspect: Mjolnir
NORMAL_TEXT	198684	Nguyên tố: Hỏa
NORMAL_TEXT	198699	Giới tính: Nam
NORMAL_TEXT	198714	Vũ khí: Hỏa mã tấu
NORMAL_TEXT	198734	Ngoại hình
NORMAL_TEXT	198745	Agni là một người đàn ông cao lớn với mái tóc đen ánh đỏ được vuốt ngược, làn da rám nắng và những đường hỏa văn mảnh chạy từ vai xuống cánh tay phải. Anh mặc giáp chiến màu đồng sẫm phủ trên lớp vải đen, phần tà áo dài được xẻ để không cản bước khi vung mã tấu. Hỏa mã tấu của Agni có sống đao dày, lưỡi cong rộng và một khe sáng đỏ chạy dọc thân vũ khí; khi ‘Đồng Hỏa’ được thiết lập, ngọn lửa trên lưỡi đao tách thành hai dải sáng nối Agni với người được chọn.
HEADING_2	199210	Chỉ số cơ bản
NORMAL_TEXT	199224	Lv1: HP 132 | Tấn Công 91 | Phòng Thủ 61 | Tốc Độ 107
NORMAL_TEXT	199278	Lv60: HP 970 | Tấn Công 669 | Phòng Thủ 448 | Tốc Độ 107
HEADING_2	199336	Tấn Công Thường - Ember-Cleaving Edge
NORMAL_TEXT	199374	Agni kéo hỏa mã tấu sát mặt đất, để lưỡi đao bắt lửa rồi chém xéo lên mục tiêu bằng một đường cung ngắn và nặng.
NORMAL_TEXT	199487	Gây Sát Thương Hỏa bằng 100% Tấn Công của Agni lên 1 kẻ địch.
NORMAL_TEXT	199549	Gây 30 Sức Bền.
NORMAL_TEXT	199565	Hồi 1 Điểm Planck.
NORMAL_TEXT	199584	Hồi 20 Năng Lượng.
HEADING_2	199604	Chiến Kĩ - Kindle the Chosen
NORMAL_TEXT	199633	Tiêu hao 1 Điểm Planck. Hồi 30 Năng Lượng.
NORMAL_TEXT	199676	Chọn 1 đồng minh khác Agni. Agni dựng hỏa mã tấu trước người, rạch đầu ngón tay dọc sống đao rồi hất một dải lửa về phía đồng minh được chọn. Dải lửa quấn quanh vũ khí của người đó trước khi quay ngược về lưỡi mã tấu của Agni; ngay sau đó Agni xoay người chém ngang, phóng một vòng hỏa diễm quét qua chiến trường.
NORMAL_TEXT	199990	Gây Sát Thương Hỏa bằng 200% Tấn Công của Agni lên toàn bộ kẻ địch và gây 30 Sức Bền lên mỗi mục tiêu.
NORMAL_TEXT	200093	Sau khi gây sát thương, Agni và đồng minh được chọn cùng nhận ‘Đồng Hỏa’ trong 3 lượt của Agni.
NORMAL_TEXT	200189	Trong thời gian ‘Đồng Hỏa’ tồn tại, đồng minh được chọn tăng 20% sát thương gây ra; Agni tăng 30% Sát Thương Đòn Đánh Theo Sau.
NORMAL_TEXT	200317	Trên sân chỉ có thể tồn tại 1 cặp ‘Đồng Hỏa’. Dùng Chiến Kĩ lên một đồng minh khác sẽ xóa ‘Đồng Hỏa’ của đồng minh cũ và chuyển hiệu ứng sang mục tiêu mới. Dùng lại lên cùng một đồng minh sẽ làm mới thời gian duy trì.
NORMAL_TEXT	200535	Nếu đồng minh mang ‘Đồng Hỏa’ bị hạ gục hoặc rời sân, ‘Đồng Hỏa’ trên Agni cũng lập tức kết thúc.
HEADING_2	200634	Tuyệt Kĩ - Crown of the First Flame
NORMAL_TEXT	200670	Giới hạn Năng Lượng: 140.
NORMAL_TEXT	200696	Agni xoay hỏa mã tấu trên tay rồi đâm mũi đao xuống đất. Một vòng lửa khổng lồ mở ra phía sau anh như vành nhật luân; Agni rút đao lên và bổ thẳng về trước, khiến vành lửa vỡ thành hàng chục lưỡi hỏa diễm quét qua toàn bộ kẻ địch.
NORMAL_TEXT	200927	Gây Sát Thương Hỏa bằng 320% Tấn Công của Agni lên toàn bộ kẻ địch và gây 60 Sức Bền lên mỗi mục tiêu.
NORMAL_TEXT	201030	Sau khi Tuyệt Kĩ hoàn tất, Agni nhận 1 tầng ‘Thần Hỏa’. ‘Thần Hỏa’ tối đa 1 tầng, không có thời hạn và được tiêu hao khi Agni thi triển Đòn Đánh Theo Sau Cường Hoá.
NORMAL_TEXT	201195	Nếu Agni đã có ‘Thần Hỏa’, sử dụng Tuyệt Kĩ chỉ làm mới trạng thái và không thể tích thêm tầng vượt giới hạn.
HEADING_2	201306	Thiên Phú - A Flame Calls Another
NORMAL_TEXT	201340	Agni sở hữu tài nguyên riêng ‘Hỏa Chủng’, tối đa 16 điểm.
NORMAL_TEXT	201398	Trong thời gian ‘Đồng Hỏa’ tồn tại, mỗi khi đồng minh được chọn hoàn tất một hành động gây sát thương, Agni nhận 1 điểm ‘Hỏa Chủng’ cho mỗi kẻ địch khác nhau thực sự nhận sát thương từ hành động đó, tối đa 5 điểm trong mỗi hành động.
NORMAL_TEXT	201632	Tấn Công Thường, Chiến Kĩ, Tuyệt Kĩ và Đòn Đánh Theo Sau của đồng minh được chọn đều có thể tạo ‘Hỏa Chủng’. Sát Thương Duy Trì và sát thương không được tính là một hành động tấn công riêng của đồng minh sẽ không tạo ‘Hỏa Chủng’. Nhiều hit lên cùng một kẻ địch trong cùng một hành động chỉ tính mục tiêu đó 1 lần.
NORMAL_TEXT	201946	Khi Agni có ít nhất 8 điểm ‘Hỏa Chủng’ sau khi hành động của đồng minh mang ‘Đồng Hỏa’ hoàn tất, tiêu hao 8 điểm và lập tức thi triển Đòn Đánh Theo Sau ‘Sevenfold Pyre’. Điểm ‘Hỏa Chủng’ vượt quá ngưỡng được giữ lại sau khi tiêu hao. Mỗi hành động của đồng minh mang ‘Đồng Hỏa’ chỉ có thể kích hoạt Đòn Đánh Theo Sau của Agni tối đa 1 lần.
NORMAL_TEXT	202286	Nếu Agni đang có ‘Thần Hỏa’ khi điều kiện kích hoạt được đáp ứng, ‘Sevenfold Pyre’ được thay thế bằng Đòn Đánh Theo Sau Cường Hoá ‘Sunwheel Incarnate’ và tiêu hao 1 tầng ‘Thần Hỏa’.
NORMAL_TEXT	202468	Đòn Đánh Theo Sau của Agni không thể tự tạo ‘Hỏa Chủng’ và không tiêu hao lượt hành động chính.
NORMAL_TEXT	202565	Đòn Đánh Theo Sau - Sevenfold Pyre
NORMAL_TEXT	202600	Ngay khi người mang ‘Đồng Hỏa’ kết thúc đòn đánh, những đốm lửa còn sót lại trên các mục tiêu đồng loạt kéo thành đường sáng về phía Agni. Anh rút hỏa mã tấu khỏi vỏ và chém liên tiếp bảy đường; bảy vệt đao lửa giao nhau giữa chiến trường rồi bùng nổ cùng lúc.
NORMAL_TEXT	202861	Gây Sát Thương Hỏa bằng 160% Tấn Công của Agni lên toàn bộ kẻ địch và gây 30 Sức Bền lên mỗi mục tiêu.
NORMAL_TEXT	202965	Đòn Đánh Theo Sau Cường Hoá - Sunwheel Incarnate
NORMAL_TEXT	203014	Toàn bộ lửa trên chiến trường bị kéo ngược về hỏa mã tấu. Agni nâng lưỡi đao lên ngang vai, khiến một nhật luân trắng-vàng hình thành sau lưng rồi lao xuyên qua hàng địch bằng một nhát chém duy nhất. Sau khi anh dừng lại, nhật luân khép xuống và phát nổ thành một biển lửa phủ toàn bộ chiến trường.
NORMAL_TEXT	203313	Gây Sát Thương Hỏa bằng 320% Tấn Công của Agni lên toàn bộ kẻ địch và gây 60 Sức Bền lên mỗi mục tiêu.
NORMAL_TEXT	203416	‘Sunwheel Incarnate’ được tính là Đòn Đánh Theo Sau và nhận mọi hiệu ứng tăng Sát Thương Đòn Đánh Theo Sau của Agni.
HEADING_2	203534	Đột Phá
NORMAL_TEXT	203542	A1
NORMAL_TEXT	203545	Lần đầu tiên Agni sử dụng Chiến Kĩ trong mỗi trận, sau khi ‘Đồng Hỏa’ được thiết lập, Agni nhận ngay 4 điểm ‘Hỏa Chủng’ và hồi lại 1 điểm Planck
NORMAL_TEXT	203691	A2
NORMAL_TEXT	203694	Trong thời gian ‘Đồng Hỏa’ tồn tại, Đòn Đánh Theo Sau và Đòn Đánh Theo Sau Cường Hoá của Agni nhận 12% Xuyên Kháng Hỏa.
NORMAL_TEXT	203815	A3
NORMAL_TEXT	203818	Sau khi Agni thi triển ‘Sunwheel Incarnate’, hồi 15 Năng Lượng cho Agni.
NORMAL_TEXT	203892	Mốc phụ
NORMAL_TEXT	203900	Tấn Công +18%.
NORMAL_TEXT	203915	Sát Thương Chí Mạng +8%.
NORMAL_TEXT	203940	Sát Thương nguyên tố Hỏa +10%.
HEADING_2	203972	Vận Mệnh
NORMAL_TEXT	203981	VM1
NORMAL_TEXT	203985	Số lượng ‘Hoả Chủng’ cần để thi triển đòn đánh theo sau giảm từ 8 xuống 6, sát thương đòn đánh theo sau của Agni tăng 36%
NORMAL_TEXT	204108	VM2Sát thương do ‘Đồng Hoả’ gây ra tăng thêm 35%
NORMAL_TEXT	204158	Sau khi thi triển Đòn Đánh Theo Sau, ‘Đồng Hoả’ ưu tiên hành động 25%
NORMAL_TEXT	204229	VM3
NORMAL_TEXT	204233	Cấp Chiến Kĩ +2. Cấp Tấn Công Thường +1.
NORMAL_TEXT	204275	VM4
NORMAL_TEXT	204279	Agni tăng 12% Chí Mạng. Trong thời gian ‘Đồng Hỏa’ tồn tại, Sát Thương Chí Mạng của Đòn Đánh Theo Sau do Agni gây ra tăng 30%.
NORMAL_TEXT	204407	VM5
NORMAL_TEXT	204411	Cấp Tuyệt Kĩ +2. Cấp Thiên Phú +2.
NORMAL_TEXT	204447	VM6
NORMAL_TEXT	204451	Giới hạn ‘Thần Hỏa’ tăng từ 1 lên 2 tầng. Sau khi sử dụng Tuyệt Kĩ, Agni nhận 2 tầng ‘Thần Hỏa’ thay vì 1 tầng và lập tức thi triển luôn một đòn ‘Sunwheel Incarnate’
NORMAL_TEXT	204617	‘Sunwheel Incarnate’ bỏ qua 20% Phòng Thủ của mục tiêu.
HEADING_2	204674	Tóm tắt kit
NORMAL_TEXT	204686	Agni là Veyr 5★ Mjolnir hệ Hỏa vận hành như một DPS Đòn Đánh Theo Sau ngoài lượt. Chiến Kĩ chọn một đồng minh làm người mang ‘Đồng Hỏa’, đồng thời tăng sát thương cho người đó và tăng Sát Thương Đòn Đánh Theo Sau cho Agni. Mỗi hành động của đồng minh được chọn đánh trúng bao nhiêu kẻ địch khác nhau sẽ cung cấp bấy nhiêu ‘Hỏa Chủng’, khiến đội hình đánh rộng trực tiếp quyết định tốc độ kích hoạt ‘Sevenfold Pyre’. Tuyệt Kĩ vừa gây sát thương AoE vừa tạo ‘Thần Hỏa’, biến lần kích hoạt tiếp theo thành ‘Sunwheel Incarnate’ với hệ số và Sức Bền cao hơn rõ rệt. Vì vậy nguồn sát thương lớn nhất của Agni đến từ các Đòn Đánh Theo Sau, đặc biệt là bản Cường Hoá, còn Chiến Kĩ và Tuyệt Kĩ vẫn đóng góp sát thương AoE đáng kể trong vòng xoay.
HEADING_1	205427	51.Nhân Vật — Floria
NORMAL_TEXT	205448	Độ hiếm: 4★
NORMAL_TEXT	205460	Aspect: Aegis
NORMAL_TEXT	205474	Nguyên tố: Nham
NORMAL_TEXT	205490	Giới tính: Nữ
NORMAL_TEXT	205504	Vũ khí: Ô kết tinh hình cánh hoa
NORMAL_TEXT	205538	Ngoại hình
NORMAL_TEXT	205549	Floria có mái tóc màu hạt dẻ nhạt được tết gọn sau gáy, khoác áo choàng ngắn màu kem phủ những đường thêu mô phỏng gân lá và tinh thể đá. Vũ khí của cô là một chiếc ô kết tinh nhiều lớp; khi mở ra, các phiến Nham trong suốt xếp thành hình cánh hoa, còn khi khép lại chúng ghép thành một trụ bảo hộ nhỏ gọn. Mỗi khi khiên của Floria hấp thụ đòn đánh, những đường sáng bên trong “cánh hoa” dần lan rộng như một nụ đang được nuôi lớn.
NORMAL_TEXT	205982	Chỉ số cơ bản
NORMAL_TEXT	205996	Lv1: HP 151 | Tấn Công 67 | Phòng Thủ 83 | Tốc Độ 101
NORMAL_TEXT	206050	Lv60: HP 1110 | Tấn Công 493 | Phòng Thủ 610 | Tốc Độ 101
NORMAL_TEXT	206109	Tấn Công Thường - Glasspetal Touch
NORMAL_TEXT	206144	Floria khép ô, xoay cán ô trong lòng bàn tay rồi dùng đầu ô bọc tinh thể đẩy thẳng về phía trước; một mảnh cánh hoa Nham bật ra và vỡ thành bụi sáng khi chạm mục tiêu.
NORMAL_TEXT	206312	Gây Sát Thương Nham bằng 80% Tấn Công của Floria lên 1 kẻ địch.
NORMAL_TEXT	206376	Gây 30 Sức Bền.
NORMAL_TEXT	206392	Hồi 1 Điểm Planck.
NORMAL_TEXT	206411	Hồi 20 Năng Lượng.
NORMAL_TEXT	206431	Chiến Kĩ - Seed Beneath Stone
NORMAL_TEXT	206461	Tiêu hao 1 Điểm Planck. Hồi 30 Năng Lượng.
NORMAL_TEXT	206504	Floria mở ô phía trên một đồng minh. Các cánh tinh thể khép quanh người đó thành một nụ hoa bằng đá trong suốt rồi thu nhỏ thành lớp màng bảo hộ sát cơ thể.
NORMAL_TEXT	206661	Chọn 1 đồng minh, tạo cho mục tiêu khiên ‘Nụ Kết Tinh’ bằng 18% Phòng Thủ của Floria + 360, duy trì 3 lượt của mục tiêu.
NORMAL_TEXT	206782	Chỉ có tối đa 1 ‘Nụ Kết Tinh’ của Floria tồn tại trên sân. Nếu dùng Chiến Kĩ lên một mục tiêu mới khi ‘Nụ Kết Tinh’ cũ vẫn còn tồn tại, ‘Nụ Kết Tinh’ cũ lập tức kích hoạt hiệu ứng Nở Hoa của Thiên Phú trước khi khiên mới được tạo.
NORMAL_TEXT	207013	Khi ‘Nụ Kết Tinh’ hấp thụ sát thương, ghi lại đúng lượng sát thương thực tế bị khiên chặn thành ‘Dưỡng Lực’. ‘Dưỡng Lực’ tối đa bằng 120% giá trị khiên ban đầu của lần tạo ‘Nụ Kết Tinh’ đó; lượng vượt quá giới hạn không được ghi lại.
NORMAL_TEXT	207248	Tuyệt Kĩ - Garden Wakes at Once
NORMAL_TEXT	207280	Giới hạn Năng Lượng: 110.
NORMAL_TEXT	207306	Floria cắm cán ô xuống đất. Những vân sáng từng được giữ trong ‘Nụ Kết Tinh’ chạy ngược về phía cô, rồi chiếc ô mở bung thành một đóa hoa tinh thể khổng lồ. Một vòng cánh đá mới lan dưới chân cả đội trước khi nụ bảo hộ tái kết tinh.
NORMAL_TEXT	207539	Nếu đang có ‘Nụ Kết Tinh’, lập tức kích hoạt Nở Hoa của nụ đó với hiệu quả ‘Dưỡng Lực’ được tính bằng 125% giá trị hiện tại, sau đó tạo lại ‘Nụ Kết Tinh’ trên chính đồng minh vừa mang nụ với giá trị bằng 120% giá trị khiên từ Chiến Kĩ và đặt ‘Dưỡng Lực’ của nụ mới về 0.
NORMAL_TEXT	207810	Nếu trên sân không có ‘Nụ Kết Tinh’, tạo ‘Nụ Kết Tinh’ với giá trị bằng 120% giá trị khiên từ Chiến Kĩ cho đồng minh có tỷ lệ HP hiện tại thấp nhất; nếu có nhiều đồng minh bằng nhau, ưu tiên đồng minh ở vị trí đội hình gần Floria hơn.
NORMAL_TEXT	208045	Khiên được tạo bởi Tuyệt Kĩ duy trì 3 lượt của mục tiêu và tuân theo toàn bộ quy tắc của ‘Nụ Kết Tinh’.
NORMAL_TEXT	208150	Thiên Phú - When the Bud Remembers
NORMAL_TEXT	208185	Khi ‘Nụ Kết Tinh’ bị phá vỡ, hết thời gian, bị thay thế bởi Chiến Kĩ hoặc bị Tuyệt Kĩ chủ động kích hoạt, nụ lập tức Nở Hoa.
NORMAL_TEXT	208310	Khi Nở Hoa, toàn bộ đồng minh nhận khiên ‘Hoa Giáp’ bằng 6% Phòng Thủ của Floria + 120 + 35% lượng ‘Dưỡng Lực’ đã ghi lại, duy trì 2 lượt của từng đồng minh.
NORMAL_TEXT	208468	Giá trị ‘Dưỡng Lực’ dùng cho lần Nở Hoa đó được xóa ngay sau khi tính khiên.
NORMAL_TEXT	208545	‘Hoa Giáp’ không ghi nhận ‘Dưỡng Lực’, không thể tự kích hoạt Nở Hoa và không được xem là ‘Nụ Kết Tinh’.
NORMAL_TEXT	208650	Nếu một đồng minh đã có ‘Hoa Giáp’ của Floria khi nhận ‘Hoa Giáp’ mới, chỉ giữ khiên có giá trị hiện tại lớn hơn; thời gian duy trì được làm mới thành 2 lượt.
NORMAL_TEXT	208809	Mỗi ‘Nụ Kết Tinh’ chỉ có thể Nở Hoa 1 lần.
NORMAL_TEXT	208853	Đột Phá
NORMAL_TEXT	208861	A1: Khi bắt đầu trận, toàn bộ đồng minh nhận ‘Hoa Giáp’ bằng 8% Phòng Thủ của Floria + 120, duy trì 1 lượt.
NORMAL_TEXT	208969	A2: Giới hạn ‘Dưỡng Lực’ của ‘Nụ Kết Tinh’ tăng từ 120% lên 150% giá trị khiên ban đầu.
NORMAL_TEXT	209057	A3: Sau khi Nở Hoa, Floria hồi 5 Năng Lượng. Hiệu ứng này tối đa kích hoạt 1 lần giữa hai lượt của Floria.
NORMAL_TEXT	209165	Mốc phụ
NORMAL_TEXT	209173	Phòng Thủ +18%.
NORMAL_TEXT	209189	HP +10%.
NORMAL_TEXT	209198	Tốc Độ +4.
NORMAL_TEXT	209210	Vận Mệnh
NORMAL_TEXT	209219	VM1: Giá trị khiên ‘Nụ Kết Tinh’ tăng 15%.
NORMAL_TEXT	209262	VM2: Nếu ‘Nụ Kết Tinh’ Nở Hoa do bị phá vỡ bởi sát thương, hệ số chuyển đổi ‘Dưỡng Lực’ của ‘Hoa Giáp’ tăng từ 35% lên 45% trong lần Nở Hoa đó.
NORMAL_TEXT	209406	VM3: Cấp Chiến Kĩ +2. Cấp Tấn Công Thường +1.
NORMAL_TEXT	209452	VM4: Phòng Thủ của Floria tăng 24%.
NORMAL_TEXT	209488	VM5: Cấp Tuyệt Kĩ +2. Cấp Thiên Phú +2.
NORMAL_TEXT	209528	VM6: Giới hạn ‘Dưỡng Lực’ tăng thêm 30% giá trị khiên ban đầu và hệ số chuyển đổi ‘Dưỡng Lực’ thành ‘Hoa Giáp’ tăng từ 35% lên 55%. Nếu VM2 được kích hoạt, hệ số trong lần Nở Hoa đó tăng từ 55% lên 65%.
NORMAL_TEXT	209732	Tóm tắt kit
NORMAL_TEXT	209744	Floria là Veyr 4★ Aegis hệ Nham chuyên biến áp lực mà một đồng minh phải chịu thành phòng thủ cho toàn đội. Chiến Kĩ đặt ‘Nụ Kết Tinh’ lên một mục tiêu và ghi lại lượng sát thương thực tế mà khiên hấp thụ dưới dạng ‘Dưỡng Lực’. Khi nụ bị phá, hết hạn, bị thay thế hoặc được Tuyệt Kĩ kích hoạt sớm, ‘Dưỡng Lực’ được chuyển hóa thành ‘Hoa Giáp’ cho cả đội. Tuyệt Kĩ cho phép Floria chủ động chọn thời điểm “thu hoạch” lượng sát thương đã lưu rồi lập tức gieo một nụ mới, tạo nhịp bảo hộ liên tục mà không cho ‘Hoa Giáp’ tự tái tạo tài nguyên.
HEADING_1	210287	51. Nhân Vật — Sekhmet
NORMAL_TEXT	210310	Độ hiếm: 5★
NORMAL_TEXT	210322	Aspect: Pandora
NORMAL_TEXT	210338	Nguyên tố: Nham
NORMAL_TEXT	210354	Giới tính: Nữ
NORMAL_TEXT	210368	Vũ khí: Vòng thánh giá
NORMAL_TEXT	210392	Ngoại hình
NORMAL_TEXT	210403	Sekhmet có vóc người cao, săn chắc, làn da rám nắng và mái tóc đen ánh đồng được buộc cao sau gáy. Những vết xăm hình sư tử chạy từ hai bả vai xuống cánh tay và men dọc xương sườn; khi cơ chế Thiên Phú được kích hoạt, từng đoạn hoa văn sáng lên như đá nung đỏ rồi chuyển thành ánh vàng nhạt. Vũ khí của cô là một vòng kim loại lớn, bên trong giao nhau thành hình thánh giá. Khi chiến đấu, Sekhmet có thể xoay vòng quanh cổ tay, ném nó như một lưỡi cắt hoặc dựng thẳng trước người như một pháp khí định vị bốn phương.
NORMAL_TEXT	210921	Chỉ số cơ bản
NORMAL_TEXT	210935	Lv1: HP 145 | Tấn Công 78 | Phòng Thủ 73 | Tốc Độ 103
NORMAL_TEXT	210989	Lv60: HP 1066 | Tấn Công 574 | Phòng Thủ 537 | Tốc Độ 103
NORMAL_TEXT	211048	Tấn Công Thường — Lioness Draws the Circle
NORMAL_TEXT	211091	Sekhmet xoay vòng thánh giá một vòng sát mặt đất rồi giật ngược về, khiến một mảnh đá hình cung bật lên và lao vào mục tiêu.
NORMAL_TEXT	211216	Gây Sát Thương Nham bằng 80% Tấn Công của Sekhmet lên 1 kẻ địch.
NORMAL_TEXT	211281	Gây 30 Sức Bền.
NORMAL_TEXT	211297	Hồi 1 Điểm Planck.
NORMAL_TEXT	211316	Hồi 20 Năng Lượng.
NORMAL_TEXT	211336	Chiến Kĩ — Mark the Four Corners
NORMAL_TEXT	211369	Tiêu hao 1 Điểm Planck. Hồi 30 Năng Lượng.
NORMAL_TEXT	211412	Sekhmet dựng vòng thánh giá trước mặt mục tiêu. Bốn đầu của cây thánh giá tách ra thành bốn mũi ấn bằng đá, đóng xuống bốn phía quanh kẻ địch rồi nối lại bằng những đường sáng mảnh.
NORMAL_TEXT	211594	Gây Sát Thương Nham bằng 100% Tấn Công của Sekhmet lên 1 kẻ địch và 50% Tấn Công lên các mục tiêu kề bên.
NORMAL_TEXT	211700	Gây 60 Sức Bền lên mục tiêu chính và 30 Sức Bền lên các mục tiêu kề bên.
NORMAL_TEXT	211773	Có 100% tỷ lệ cơ bản gắn ‘Thánh Thập’ lên mục tiêu chính trong 3 lượt của mục tiêu.
NORMAL_TEXT	211857	Chỉ có tối đa 1 kẻ địch mang ‘Thánh Thập’ do Chiến Kỹ của Sekhmet tạo ra. Gắn lên mục tiêu mới sẽ xóa ‘Thánh Thập’ trên mục tiêu cũ.
NORMAL_TEXT	211991	Tuyệt Kĩ — The Sun Turns on the Quarry
NORMAL_TEXT	212030	Giới hạn Năng Lượng: 120.
NORMAL_TEXT	212056	Sekhmet ném vòng thánh giá lên cao. Vòng vũ khí mở rộng thành một quầng sáng hình chữ thập bao phủ chiến trường; bốn nhánh xoay lệch khỏi nhau rồi đồng loạt khóa xuống từng mục tiêu như một chiếc lồng bằng đá.
NORMAL_TEXT	212266	Gây Sát Thương Nham bằng 100% Tấn Công của Sekhmet lên toàn bộ kẻ địch và gây 60 Sức Bền lên mỗi mục tiêu.
NORMAL_TEXT	212373	Có 100% tỷ lệ cơ bản gắn hoặc làm mới ‘Thánh Thập’ lên toàn bộ kẻ địch trong 3 lượt của mục tiêu. ‘Thánh Thập’ do Tuyệt Kĩ tạo ra không chịu giới hạn 1 mục tiêu của Chiến Kĩ.
NORMAL_TEXT	212548	Sau đó Sekhmet nhận ‘Săn Đuổi’ trong 2 lượt của bản thân. Khi ‘Săn Đuổi’ tồn tại, số loại hành động khác nhau cần để kích hoạt hiệu ứng Thiên Phú giảm từ 3 xuống 2 và hệ số sát thương của Stone Lion's Verdict tăng từ 120% lên 180% Tấn Công.
NORMAL_TEXT	212790	Thiên Phú — The Cross Remembers
NORMAL_TEXT	212822	Mỗi kẻ địch đang mang ‘Thánh Thập’ sở hữu một bộ ‘Khắc Dấu’ riêng, có thể ghi nhận tối đa 4 loại nguồn hành động: Tấn Công Thường, Chiến Kĩ, Tuyệt Kĩ và Đòn Đánh Theo Sau.
NORMAL_TEXT	212994	Khi bất kỳ đồng minh nào gây sát thương trực tiếp lên kẻ địch mang ‘Thánh Thập’, nếu loại hành động gây sát thương chưa được ghi nhận trên mục tiêu đó kể từ lần Stone Lion's Verdict gần nhất, mục tiêu nhận 1 ‘Khắc Dấu’ tương ứng với loại hành động đó.
NORMAL_TEXT	213246	Sát Thương Duy Trì, Sát Thương Phá Vỡ, Diệt Kích và các nguồn sát thương không được đăng ký là một trong bốn loại hành động trên không tạo ‘Khắc Dấu’. Mỗi loại chỉ có thể được ghi nhận 1 lần cho đến khi bộ ‘Khắc Dấu’ được làm mới.
NORMAL_TEXT	213477	Khi một mục tiêu đạt 3 loại ‘Khắc Dấu’ khác nhau, sau khi hành động hiện tại hoàn tất, xóa toàn bộ ‘Khắc Dấu’ trên mục tiêu đó và kích hoạt Stone Lion's Verdict. Trong trạng thái ‘Săn Đuổi’, ngưỡng này giảm còn 2 loại khác nhau.
NORMAL_TEXT	213706	Mỗi mục tiêu chỉ có thể kích hoạt Stone Lion's Verdict tối đa 1 lần trong cùng một hành động.
NORMAL_TEXT	213800	Nếu ‘Thánh Thập’ hết thời gian hoặc bị xóa, toàn bộ ‘Khắc Dấu’ của mục tiêu đó cũng bị xóa.
NORMAL_TEXT	213893	Stone Lion's Verdict
NORMAL_TEXT	213914	Bốn đầu của vòng thánh giá đồng loạt khóa lại. Một đầu sư tử bằng đá trồi lên phía sau mục tiêu rồi khép hàm xuống trong tiếng nứt trầm.
NORMAL_TEXT	214051	Gây Sát Thương Nham Phụ Thêm bằng 120% Tấn Công của Sekhmet lên mục tiêu.
NORMAL_TEXT	214125	Có 100% tỷ lệ cơ bản áp dụng ‘Kết Tội’ trong 2 lượt của mục tiêu. Kẻ địch mang ‘Kết Tội’ giảm 20% Phòng Thủ và tăng 25% sát thương phải chịu.
NORMAL_TEXT	214267	‘Kết Tội’ không cộng dồn; áp dụng lại chỉ làm mới thời gian duy trì.
NORMAL_TEXT	214336	Stone Lion's Verdict không được tính là Đòn Đánh Theo Sau và không thể tự tạo ‘Khắc Dấu’.
NORMAL_TEXT	214427	Đột Phá
NORMAL_TEXT	214435	A1
NORMAL_TEXT	214438	Khi bắt đầu trận, gắn ‘Thánh Thập’ lên kẻ địch có HP tối đa cao nhất trong 3 lượt của mục tiêu với 100% tỷ lệ cơ bản. Nếu có nhiều mục tiêu bằng nhau, ưu tiên mục tiêu ở vị trí gần trung tâm chiến trường nhất.
NORMAL_TEXT	214649	A2
NORMAL_TEXT	214652	Mỗi khi một loại ‘Khắc Dấu’ mới được ghi nhận, Sekhmet hồi 3 Năng Lượng. Hiệu ứng này tối đa kích hoạt 1 lần trong mỗi hành động.
NORMAL_TEXT	214783	A3
NORMAL_TEXT	214786	Kẻ địch đang mang ‘Kết Tội’ giảm thêm 15% Kháng Hiệu Ứng.
NORMAL_TEXT	214845	Mốc phụ
NORMAL_TEXT	214853	Chính Xác Hiệu Ứng +18%.
NORMAL_TEXT	214878	Tốc Độ +5.
NORMAL_TEXT	214889	Sát Thương Nham +10%.
NORMAL_TEXT	214912	Vận Mệnh
NORMAL_TEXT	214921	VM1
NORMAL_TEXT	214925	Sau khi Chiến Kĩ gắn ‘Thánh Thập’ lên mục tiêu chính, lập tức ghi nhận loại ‘Chiến Kĩ’ vào bộ ‘Khắc Dấu’ của mục tiêu đó. Hiệu ứng này không kích hoạt A2.
NORMAL_TEXT	215081	VM2
NORMAL_TEXT	215085	Sau khi Stone Lion's Verdict kích hoạt, Trì Hoãn Hành Động của mục tiêu thêm 5%. 
NORMAL_TEXT	215167	VM3
NORMAL_TEXT	215171	Cấp Chiến Kĩ +2. Cấp Tấn Công Thường +1.
NORMAL_TEXT	215213	VM4
NORMAL_TEXT	215217	Sekhmet tăng 20% Chính Xác Hiệu Ứng và 10 Tốc Độ.
NORMAL_TEXT	215268	VM5
NORMAL_TEXT	215272	Cấp Tuyệt Kĩ +2. Cấp Thiên Phú +2.
NORMAL_TEXT	215308	VM6
NORMAL_TEXT	215312	Sau khi Stone Lion's Verdict kích hoạt và làm mới bộ ‘Khắc Dấu’, loại hành động được ghi nhận gần nhất không bị xóa mà được giữ lại trên mục tiêu. ‘Khắc Dấu’ được giữ lại này không kích hoạt A2 lần nữa và vẫn bị xóa khi ‘Thánh Thập’ biến mất.
NORMAL_TEXT	215556	Tóm tắt kit
NORMAL_TEXT	215568	Sekhmet là Veyr 5★ Pandora hệ Nham mở ra cơ chế ‘Khắc Dấu’ theo loại nguồn hành động. Thay vì chỉ đặt một debuff rồi chờ đồng đội gây thêm sát thương, Sekhmet theo dõi cách cả đội tấn công: Tấn Công Thường, Chiến Kĩ, Tuyệt Kĩ và Đòn Đánh Theo Sau trở thành bốn mảnh của một chuỗi hành vi. Khi đội hình sử dụng đủ các loại khác nhau lên mục tiêu mang ‘Thánh Thập’, Sekhmet kích hoạt Stone Lion's Verdict để gây sát thương phụ và đặt ‘Kết Tội’, đồng thời giảm Phòng Thủ và tăng sát thương mục tiêu phải chịu. Tuyệt Kĩ biến cơ chế này thành nhịp bùng nổ diện rộng bằng cách đánh dấu toàn sân và giảm số loại hành động cần thiết. Cơ chế này có thể trở thành nền tảng cho các nhân vật tương lai tương tác với loại nguồn hành động thay vì chỉ nguyên tố hoặc chỉ số truyền thống.
NORMAL_TEXT	216341	—------------------------------------------------------------------------------------------------------------------------
HEADING_1	216464	52. Nhân Vật — Apollo
NORMAL_TEXT	216486	Độ hiếm: 5★ Xron giới hạn
NORMAL_TEXT	216512	Aspect: Mjolnir
NORMAL_TEXT	216528	Nguyên tố: Quang
NORMAL_TEXT	216545	Giới tính: Nữ
NORMAL_TEXT	216559	Vũ khí: Ma pháp Ánh Sáng
NORMAL_TEXT	216585	Ngoại hình
NORMAL_TEXT	216596	Apollo là một phụ nữ cao, có mái tóc dài ánh kim chuyển từ vàng nhạt sang trắng rực khi hấp thụ Năng Lượng. Trang phục của cô gồm nhiều lớp vải trắng và kim loại mỏng xếp thành các cung tròn như những vành thiên thể. Apollo không mang vũ khí hữu hình; cô tạo ra các thấu kính, vòng hội tụ và mũi quang thương bằng ma pháp Ánh Sáng. Khi ‘Thiên Đỉnh’ được thiết lập, những thấu kính khổng lồ xuất hiện trên bầu trời và đồng loạt hướng về quầng sáng sau lưng cô.
NORMAL_TEXT	217057	Chỉ số cơ bản
NORMAL_TEXT	217071	Lv1: HP 146 | Tấn Công 100 | Phòng Thủ 65 | Tốc Độ 101
NORMAL_TEXT	217126	Lv60: HP 1073 | Tấn Công 735 | Phòng Thủ 478 | Tốc Độ 101
NORMAL_TEXT	217185	Tấn Công Thường - Gilded Meridian
NORMAL_TEXT	217219	Apollo khép hai ngón tay trước mắt, kéo một đường sáng mảnh từ trên cao xuống rồi bẻ nó thành một quang nhận lao thẳng qua mục tiêu.
NORMAL_TEXT	217352	Gây Sát Thương Quang bằng 100% Tấn Công của Apollo lên 1 kẻ địch.
NORMAL_TEXT	217418	Gây 30 Sức Bền.
NORMAL_TEXT	217434	Hồi 1 Điểm Planck.
NORMAL_TEXT	217453	Hồi 20 Năng Lượng.
NORMAL_TEXT	217473	Chiến Kỹ - Turn the Mirrors East
NORMAL_TEXT	217506	Tiêu hao 1 Điểm Planck. Hồi 30 Năng Lượng.
NORMAL_TEXT	217549	Apollo đưa một tay về phía chân trời. Nhiều thấu kính ánh kim mở ra thành một vòng cung trên không, lần lượt bắt lấy ánh sáng rồi phản chiếu xuống toàn bộ chiến trường.
NORMAL_TEXT	217718	Gây Sát Thương Quang bằng 120% Tấn Công của Apollo lên toàn bộ kẻ địch và gây 30 Sức Bền lên mỗi mục tiêu.
NORMAL_TEXT	217825	Sau khi hành động kết thúc, Apollo nhận ‘Quang Trục’. ‘Quang Trục’ không có thời hạn, tối đa 1 tầng và khiến Chiến Kỹ được thay thế bằng Chiến Kỹ Cường Hoá Call Down the Meridian.
NORMAL_TEXT	218006	Chiến Kỹ Cường Hoá - Call Down the Meridian
NORMAL_TEXT	218050	Tiêu hao 1 Điểm Planck. Hồi 30 Năng Lượng.
NORMAL_TEXT	218093	Apollo xoay toàn bộ thấu kính đang lơ lửng về cùng một hướng. Các tia sáng giao nhau thành một đường kinh tuyến trắng rực, quét ngang đội hình địch rồi dội ngược từ mặt đất lên thành một cột sáng khổng lồ.
NORMAL_TEXT	218299	Gây Sát Thương Quang bằng 240% Tấn Công của Apollo lên toàn bộ kẻ địch và gây 60 Sức Bền lên mỗi mục tiêu.
NORMAL_TEXT	218406	Sau khi gây sát thương, Apollo hồi thêm 80 Năng Lượng và nhận ‘Thiên Đỉnh’. ‘Thiên Đỉnh’ không có thời hạn, tối đa 1 tầng và được tiêu hao sau khi Apollo sử dụng Tuyệt Kỹ.
NORMAL_TEXT	218578	Sau khi hành động kết thúc, xóa ‘Quang Trục’ và Chiến Kỹ trở lại Turn the Mirrors East.
NORMAL_TEXT	218667	Tuyệt Kỹ - The Sky Cannot Hold This Noon
NORMAL_TEXT	218708	Giới hạn Năng Lượng: 400.
NORMAL_TEXT	218734	Apollo giơ hai tay lên cao, khiến màu sắc trên chiến trường bị rút sạch vào một mặt trời trắng nằm giữa các vòng thấu kính. Cô khép bàn tay lại; mặt trời bị nén thành một điểm sáng nhỏ đến mức không còn nhìn thấy, rồi toàn bộ bầu trời vỡ ra thành ba đợt quang áp liên tiếp.
NORMAL_TEXT	219008	Đợt thứ nhất gây Sát Thương Quang bằng 100% Tấn Công của Apollo lên toàn bộ kẻ địch và gây 40 Sức Bền lên mỗi mục tiêu.
NORMAL_TEXT	219128	Đợt thứ hai khiến vô số cột sáng nghiêng giao nhau trên chiến trường, gây Sát Thương Quang bằng 180% Tấn Công của Apollo lên toàn bộ kẻ địch và gây 40 Sức Bền lên mỗi mục tiêu.
NORMAL_TEXT	219305	Đợt cuối cùng khiến một khối quang cầu khổng lồ hạ xuống, gây Sát Thương Quang bằng 360% Tấn Công của Apollo lên toàn bộ kẻ địch và gây 40 Sức Bền lên mỗi mục tiêu.
NORMAL_TEXT	219470	Nếu Apollo đang có ‘Thiên Đỉnh’, hệ số sát thương của đợt cuối tăng từ 360% lên 480% Tấn Công. Sau khi Tuyệt Kỹ kết thúc, tiêu hao ‘Thiên Đỉnh’.
NORMAL_TEXT	219615	Nếu bất kỳ đợt sát thương nào của Tuyệt Kỹ trực tiếp phá Khiên, ‘Quang Tích’ được áp dụng ngay sau đợt đó; các đợt sát thương còn lại của cùng Tuyệt Kỹ có thể được ‘Quang Tích’ ghi nhận theo quy tắc nguyên tố Quang.
NORMAL_TEXT	219832	Thiên Phú - Every Battlefield Faces the SunKhi trong đội có 1/2/3 nhân vật Mjolnir khác ngoài Apollo, tăng tương ứng 10% Hồi Năng Lượng / 25% Tốc Độ / 40% Sát Thương Chí Mạng cho các nhân vật đó (không bao gồm Apollo) ; các hiệu ứng có thể tồn tại đồng thời.
NORMAL_TEXT	220092	Mỗi khi một đồng minh Mjolnir khác Apollo hoàn tất một hành động gây sát thương, Apollo hồi 20 Năng Lượng.
NORMAL_TEXT	220199	Mỗi đồng minh chỉ có thể hồi Năng Lượng cho Apollo theo cách này tối đa 1 lần giữa hai lượt thực tế liên tiếp của Apollo. Giới hạn được theo dõi riêng cho từng đồng minh và được làm mới khi Apollo bắt đầu lượt thực tế mới.
NORMAL_TEXT	220422	Tấn Công Thường, Chiến Kỹ, Tuyệt Kỹ và Đòn Đánh Theo Sau của đồng minh Mjolnir đều có thể kích hoạt hiệu ứng. Sát Thương Duy Trì, Sát Thương Phá Vỡ, Diệt Kích và sát thương phụ không được tính là một hành động riêng sẽ không kích hoạt Thiên Phú.
NORMAL_TEXT	220668	Nếu một hành động đồng thời mang nhiều phân loại sát thương, Apollo vẫn chỉ hồi Năng Lượng 1 lần từ hành động đó.
NORMAL_TEXT	220783	Đột Phá
NORMAL_TEXT	220791	A1
NORMAL_TEXT	220794	 Tăng tương ứng 0,02% Hồi Năng Lượng với mỗi điểm Tấn Công vượt quá 2000 của Apollo, tối đa 40%
NORMAL_TEXT	220891	Khi vào trận, tăng tương ứng 1% Tỉ Lệ Chí Mạng với mỗi 5 điểm năng lượng vượt quá 150 năng lượng, tối đa 20%.
NORMAL_TEXT	221001	A2
NORMAL_TEXT	221004	Với mỗi đồng minh Mjolnir khác nhau đã hồi Năng Lượng cho Apollo qua Thiên Phú kể từ lần sử dụng Tuyệt Kĩ gần nhất, sát thương của lần The Sky Cannot Hold This Noon tiếp theo tăng 10%, tối đa 30%.
NORMAL_TEXT	221201	Sau khi Apollo sử dụng Tuyệt Kĩ, bộ ghi nhận đồng minh của hiệu ứng này được đặt lại. Cùng một đồng minh chỉ được tính 1 lần trong mỗi chu kỳ Tuyệt Kĩ.
NORMAL_TEXT	221354	A3
NORMAL_TEXT	221359	Sau khi Apollo sử dụng The Sky Cannot Hold This Noon, hồi Năng Lượng bằng 10% Giới hạn Năng Lượng của Apollo. Lượng hồi này xảy ra sau khi chi phí Tuyệt Kĩ được tiêu hao.
NORMAL_TEXT	221531	Mốc phụ
NORMAL_TEXT	221541	15% Hồi Năng Lượng
NORMAL_TEXT	221560	Sát Thương Chí Mạng +12%.
NORMAL_TEXT	221586	Sát Thương Quang +10%.
NORMAL_TEXT	221610	Vận Mệnh
NORMAL_TEXT	221619	VM1
NORMAL_TEXT	221623	Cứ mỗi 2 lần đồng minh sử dụng Tuyệt Kỹ, Apollo nhận 1 tầng ‘Quang Trục’ và ưu tiên hành động 36%, hiệu ứng tối đa kích hoạt 1 lần. Làm mới khi Apollo bắt đầu lượt mới.
NORMAL_TEXT	221793	VM2Hiệu ứng Thiên Phú được cường hoá, khi trong đội có 1/2/3 nhân vật Mjolnir (bao gồm cả Apollo) tăng tương ứng 15% Hồi Năng Lượng / 40% Tốc Độ / 80% Sát Thương Chí Mạng.
NORMAL_TEXT	221966	Hiệu ứng tăng cường cho đồng minh Mjolnir từ Thiên Phú giờ đây cũng áp dụng cho Apollo
NORMAL_TEXT	222055	VM3
NORMAL_TEXT	222059	Cấp Chiến Kĩ +2. Cấp Tấn Công Thường +1.
NORMAL_TEXT	222101	VM4
NORMAL_TEXT	222105	Apollo tăng 12% Chí Mạng. Khi một đồng minh Mjolnir hồi Năng Lượng cho Apollo qua Every Battlefield Faces the Sun, đồng minh đó tăng 20% Sát Thương Chí Mạng trong 2 lượt. Hiệu ứng cùng tên không cộng dồn; kích hoạt lại chỉ làm mới thời gian duy trì.
NORMAL_TEXT	222356	VM5
NORMAL_TEXT	222360	Cấp Tuyệt Kĩ +2. Cấp Thiên Phú +2.
NORMAL_TEXT	222396	VM6
NORMAL_TEXT	222400	Sau khi Apollo sử dụng The Sky Cannot Hold This Noon, cô nhận ‘Dư Nhật’. Khi có ‘Dư Nhật’, lần sử dụng Chiến Kỹ kế tiếp được thay thế trực tiếp bằng Call Down the Meridian, không tiêu hao Điểm Planck và xóa ‘Dư Nhật’ sau khi hành động kết thúc.
NORMAL_TEXT	222645	Đợt cuối của The Sky Cannot Hold This Noon gây thêm một lần Sát Thương Quang bằng 50% hệ số hiện tại của chính đợt cuối. Lần sát thương thêm không gây Sức Bền; nếu ‘Quang Tích’ đã được áp dụng lên mục tiêu trước đó trong cùng Tuyệt Kĩ, lần sát thương này có thể được ghi nhận bình thường.
NORMAL_TEXT	222935	Tóm tắt kit
NORMAL_TEXT	222947	Apollo là Veyr Xron 5★ Mjolnir hệ Quang lấy một Tuyệt Kĩ 400 Năng Lượng làm nguồn sát thương áp đảo. Chiến Kĩ luân phiên giữa Turn the Mirrors East và Call Down the Meridian; bản Cường Hoá vừa gây sát thương diện rộng lớn hơn, vừa hồi một lượng Năng Lượng rất cao và tăng hệ số đợt cuối của Tuyệt Kĩ.
NORMAL_TEXT	223248	Every Battlefield Faces the Sun biến các đồng minh Mjolnir thành nguồn sạc độc lập cho Apollo. Agni cung cấp hành động Đòn Đánh Theo Sau ngoài lượt; Astraeus và Nemesis duy trì các hành động gây sát thương diện rộng; Durga bảo vệ đội, áp dụng ‘Hổ Văn’ và khuếch đại sát thương Mjolnir. Khi Apollo được Agni chọn làm mục tiêu ‘Đồng Hỏa’, các đòn đánh toàn sân của cô đồng thời tạo lượng ‘Hỏa Chủng’ tối đa cho Agni.
NORMAL_TEXT	223663	The Sky Cannot Hold This Noon gây sát thương thành ba đợt. Cấu trúc này cho phép một đợt đầu phá Khiên và áp dụng ‘Quang Tích’, sau đó những đợt còn lại được ghi nhận để tạo lần bùng nổ thứ hai khi kẻ địch hồi Khiên. Apollo vì vậy giữ đúng identity Mjolnir ngay cả khi chỉ còn một boss: sát thương vẫn đánh toàn sân, còn sức ép đơn mục tiêu đến từ tổng hệ số lớn và ‘Quang Tích’
NORMAL_TEXT	224042	—------------------------------------------------------------------------------------------------------------------------
HEADING_1	224164	53. Nhân Vật — Máni
NORMAL_TEXT	224184	Độ hiếm: 5★ giới hạn
NORMAL_TEXT	224205	Aspect: Keraunos
NORMAL_TEXT	224222	Nguyên tố: Quang
NORMAL_TEXT	224239	Giới tính: Nam
NORMAL_TEXT	224254	Vũ khí: Nguyệt bàn ma thuật
NORMAL_TEXT	224282	Ngoại hình
NORMAL_TEXT	224293	Máni có vóc dáng thanh mảnh, mái tóc bạc xanh buông đến vai và đôi mắt mang hai sắc độ như mặt trăng ở đầu và cuối một chu kỳ. Anh khoác áo choàng dài màu lam đêm, trên vạt áo là những đường chỉ bạc chuyển động chậm theo vị trí của các thiên thể. Nguyệt bàn ma thuật gồm nhiều vòng kim loại đồng tâm lơ lửng quanh cổ tay; khi Máni chọn một đồng minh, các vòng tách ra thành một sợi sáng bạc nối người đó với con mồi trên chiến trường.
NORMAL_TEXT	224728	Chỉ số cơ bản
NORMAL_TEXT	224742	Lv1: HP 160 | Tấn Công 72 | Phòng Thủ 76 | Tốc Độ 111
NORMAL_TEXT	224796	Lv60: HP 1176 | Tấn Công 529 | Phòng Thủ 559 | Tốc Độ 111
NORMAL_TEXT	224854	Tấn Công Thường - Crescent Without Shadow
NORMAL_TEXT	224896	Máni nghiêng nguyệt bàn, để một mảnh quang nguyệt tách khỏi vòng ngoài rồi lướt thành đường cong mảnh qua mục tiêu.
NORMAL_TEXT	225012	Gây Sát Thương Quang bằng 70% Tấn Công của Máni lên 1 kẻ địch.
NORMAL_TEXT	225075	Gây 30 Sức Bền.
NORMAL_TEXT	225091	Hồi 1 Điểm Planck.
NORMAL_TEXT	225110	Hồi 20 Năng Lượng.
NORMAL_TEXT	225129	Chiến Kĩ - Follow the Silver Thread
NORMAL_TEXT	225165	Tiêu hao 1 Điểm Planck. Hồi 30 Năng Lượng.
NORMAL_TEXT	225208	Máni xoay ba vòng của nguyệt bàn về cùng một trục. Một sợi sáng bạc chạy từ lòng bàn tay anh tới đồng minh được chọn, sau đó treo lơ lửng phía sau mục tiêu như một quỹ đạo đang chờ khóa vào con mồi.
NORMAL_TEXT	225407	Chọn 1 đồng minh khác và áp dụng ‘Ngân Tuyến’ trong 2 lượt của mục tiêu. Chỉ có thể tồn tại 1 đồng minh mang ‘Ngân Tuyến’ do Máni tạo; chọn mục tiêu mới sẽ xóa ‘Ngân Tuyến’ và ‘Chu Kỳ Bạc’ liên kết với mục tiêu cũ.
NORMAL_TEXT	225622	Khi đồng minh có ‘Ngân Tuyến’ lần đầu gây sát thương trực tiếp lên kẻ địch, kẻ địch có HP tối đa cao nhất thực sự nhận sát thương từ hành động đó nhận ‘Định Tinh’. ‘Định Tinh’ tồn tại trong thời gian còn lại của ‘Ngân Tuyến’ và chỉ có thể tồn tại trên 1 kẻ địch.
NORMAL_TEXT	225885	Đồng minh có ‘Ngân Tuyến’ tăng 20% sát thương gây lên kẻ địch mang ‘Định Tinh’. Nếu toàn bộ sát thương trực tiếp của một hành động chỉ gây lên kẻ địch mang ‘Định Tinh’, sát thương của hành động đó bỏ qua 12% Phòng Thủ của mục tiêu.
NORMAL_TEXT	226117	Nếu đồng minh có ‘Ngân Tuyến’ gây sát thương trực tiếp lên bất kỳ kẻ địch nào khác, sau khi hành động kết thúc, ‘Định Tinh’ được chuyển sang kẻ địch có HP tối đa cao nhất thực sự nhận sát thương từ hành động đó và ‘Chu Kỳ Bạc’ hiện có bị xóa. Sát Thương Duy Trì, Sát Thương Phá Vỡ và Diệt Kích không chuyển ‘Định Tinh’.
NORMAL_TEXT	226437	Tuyệt Kĩ - The Moon Has Chosen Where to Fall
NORMAL_TEXT	226482	Giới hạn Năng Lượng: 140.
NORMAL_TEXT	226508	Máni nâng nguyệt bàn lên cao. Các vòng kim loại mở rộng thành một mặt trăng rỗng khổng lồ, rồi một cột sáng bạc hạ xuống đồng minh được chọn và phản chiếu thành vầng sáng khóa trên kẻ địch phía trước họ.
NORMAL_TEXT	226712	Chọn 1 đồng minh khác. Mục tiêu nhận ‘Ngân Tuyến’ trong 2 lượt; nếu một đồng minh khác đang có ‘Ngân Tuyến’, chuyển ‘Ngân Tuyến’ sang mục tiêu mới và xóa ‘Chu Kỳ Bạc’ hiện có. Sau đó, mục tiêu được Ưu Tiên Hành Động 50% và nhận ‘Trăng Định’ trong 2 lượt.
NORMAL_TEXT	226967	Nếu trên sân chưa có ‘Định Tinh’, kẻ địch có HP tối đa cao nhất nhận ‘Định Tinh’. Trong thời gian ‘Trăng Định’ tồn tại, kẻ địch mang ‘Định Tinh’ tăng 12% sát thương phải nhận từ toàn bộ đồng minh, còn đồng minh có ‘Ngân Tuyến’ tăng 15% Tỉ Lệ Chí Mạng khi gây sát thương lên mục tiêu đó.
NORMAL_TEXT	227254	Nếu ‘Định Tinh’ được chuyển sang mục tiêu khác trong thời gian ‘Trăng Định’, hiệu ứng tăng sát thương phải nhận cũng được chuyển sang mục tiêu mới và giữ nguyên thời gian còn lại.
NORMAL_TEXT	227434	Thiên Phú - No Prey Escapes the Orbit
NORMAL_TEXT	227472	Khi đồng minh có ‘Ngân Tuyến’ hoàn tất một lượt thực tế mà toàn bộ sát thương trực tiếp trong lượt đó chỉ gây lên kẻ địch mang ‘Định Tinh’, Máni thiết lập ‘Chu Kỳ Bạc’ cho cặp mục tiêu này. ‘Chu Kỳ Bạc’ không cộng dồn và không có thời hạn riêng, nhưng bị xóa khi ‘Ngân Tuyến’ kết thúc hoặc ‘Định Tinh’ bị chuyển.
NORMAL_TEXT	227785	Nếu đồng minh đó hoàn tất lượt thực tế kế tiếp và toàn bộ sát thương trực tiếp vẫn chỉ gây lên cùng kẻ địch mang ‘Định Tinh’, xóa ‘Chu Kỳ Bạc’, hồi 1 Điểm Planck cho đội và Máni hồi 8 Năng Lượng.
NORMAL_TEXT	227981	Hiệu ứng hoàn Điểm Planck và hồi Năng Lượng chỉ có thể kích hoạt 1 lần giữa hai lượt thực tế liên tiếp của Máni. Một lượt không gây sát thương trực tiếp không thiết lập, kích hoạt hoặc xóa ‘Chu Kỳ Bạc’.
NORMAL_TEXT	228184	Đột Phá
NORMAL_TEXT	228192	A1
NORMAL_TEXT	228195	Khi bắt đầu trận, đồng minh khác có Tấn Công hiện tại cao nhất nhận ‘Ngân Tuyến’ trong 1 lượt. Nếu có nhiều mục tiêu bằng nhau, ưu tiên đồng minh đứng gần Máni hơn trong đội hình.
NORMAL_TEXT	228375	A2
NORMAL_TEXT	228378	Khi kẻ địch mang ‘Định Tinh’ bị hạ gục, ‘Định Tinh’ được chuyển ngay sang kẻ địch còn sống có HP hiện tại cao nhất. Việc chuyển mục tiêu theo cách này không xóa ‘Chu Kỳ Bạc’.
NORMAL_TEXT	228553	A3
NORMAL_TEXT	228556	Mỗi lượt thực tế, lần đầu đồng minh có ‘Ngân Tuyến’ hoàn tất một hành động mà toàn bộ sát thương trực tiếp chỉ gây lên kẻ địch mang ‘Định Tinh’, đồng minh đó hồi 5 Năng Lượng.
NORMAL_TEXT	228732	Mốc phụ
NORMAL_TEXT	228740	HP +12%.
NORMAL_TEXT	228749	Tốc Độ +5.
NORMAL_TEXT	228760	Hồi Năng Lượng +10%.
NORMAL_TEXT	228781	Vận Mệnh
NORMAL_TEXT	228790	VM1
NORMAL_TEXT	228794	Thời gian của ‘Ngân Tuyến’ do Chiến Kĩ tạo ra tăng từ 2 lên 3 lượt. Khi Máni dùng Chiến Kĩ lên đồng minh đã có ‘Ngân Tuyến’, làm mới thời gian hiệu lực mà không xóa ‘Chu Kỳ Bạc’.
NORMAL_TEXT	228973	VM2
NORMAL_TEXT	228977	Đồng minh có ‘Ngân Tuyến’ tăng 30% Sát Thương Chí Mạng khi gây sát thương lên kẻ địch mang ‘Định Tinh’.
NORMAL_TEXT	229081	VM3
NORMAL_TEXT	229085	Cấp Chiến Kĩ +2. Cấp Tấn Công Thường +1.
NORMAL_TEXT	229126	VM4
NORMAL_TEXT	229130	Khi No Prey Escapes the Orbit hoàn lại Điểm Planck, đồng minh có ‘Ngân Tuyến’ hồi 15 Năng Lượng và được Ưu Tiên Hành Động 15%.
NORMAL_TEXT	229257	VM5
NORMAL_TEXT	229261	Cấp Tuyệt Kĩ +2. Cấp Thiên Phú +2.
NORMAL_TEXT	229296	VM6
NORMAL_TEXT	229300	Hiệu ứng tăng sát thương phải nhận từ ‘Trăng Định’ tăng từ 12% lên 20%. Hai lượt thực tế đầu tiên của đồng minh có ‘Ngân Tuyến’ bắt đầu trong thời gian ‘Trăng Định’ không làm giảm thời gian còn lại của ‘Ngân Tuyến’ và ‘Trăng Định’ khi lượt đó kết thúc.
NORMAL_TEXT	229553	Tóm tắt kit
NORMAL_TEXT	229565	Máni là Keraunos Quang 5★ giới hạn chuyên hỗ trợ một chủ lực duy trì áp lực lên cùng một kẻ địch. Follow the Silver Thread tạo cặp liên kết ‘Ngân Tuyến’–‘Định Tinh’, tăng sát thương và Xuyên Giáp khi chủ lực chỉ tập trung vào con mồi đã khóa. No Prey Escapes the Orbit biến hai lượt thực tế liên tiếp giữ đúng mục tiêu thành Điểm Planck và Năng Lượng, còn Tuyệt Kĩ tạo cửa sổ tăng sát thương phải nhận, Chí Mạng và đẩy tiến trình hành động.
NORMAL_TEXT	230006	Artemis tận dụng liên kết bằng cách tiếp tục săn cùng mục tiêu để duy trì ‘Dấu Săn’; Thanatos tận dụng số lượt thực tế dày và chuỗi sát thương đơn mục tiêu để kích hoạt ‘Chu Kỳ Bạc’ nhanh. Máni không kiểm tra kỹ năng cường hóa và không tương tác trực tiếp với tài nguyên riêng của bất kỳ DPS nào, vì vậy cơ chế hỗ trợ vẫn nằm ở hành vi chọn mục tiêu thay vì can thiệp vào kit của chủ lực.
NORMAL_TEXT	230398	—------------------------------------------------------------------------------------------------------------------------
HEADING_1	230520	54. Nhân Vật — Eos
NORMAL_TEXT	230539	Độ hiếm: 4★
NORMAL_TEXT	230551	Aspect: Trishula
NORMAL_TEXT	230568	Nguyên tố: Quang
NORMAL_TEXT	230585	Giới tính: Nữ
NORMAL_TEXT	230599	Vũ khí: Song nhận nhật huy
NORMAL_TEXT	230626	Ngoại hình
NORMAL_TEXT	230637	Eos có mái tóc dài màu hồng cam nhạt, phần ngọn tóc sáng dần như đường chân trời trước bình minh. Cô khoác giáp nhẹ màu trắng pha đồng đỏ, phía sau vai là hai dải lụa mỏng luôn chuyển động như mây sớm. Hai song nhận nhật huy có lưỡi cong, phần sống kiếm trong suốt; khi Eos vung kiếm, ánh sáng tụ lại dọc lưỡi rồi để lại những đường rạng đông kéo qua ba vị trí trên chiến trường.
NORMAL_TEXT	231017	Chỉ số cơ bản
NORMAL_TEXT	231031	Lv1: HP 132 | Tấn Công 84 | Phòng Thủ 60 | Tốc Độ 109
NORMAL_TEXT	231085	Lv60: HP 970 | Tấn Công 618 | Phòng Thủ 441 | Tốc Độ 109
NORMAL_TEXT	231142	Tấn Công Thường - First Light on the Rim
NORMAL_TEXT	231183	Eos xoay một song nhận sát cổ tay, lướt tới bằng một bước ngắn rồi rạch lên mục tiêu một đường sáng mảnh như tia nắng đầu tiên vượt khỏi đường chân trời.
NORMAL_TEXT	231337	Gây Sát Thương Quang bằng 80% Tấn Công của Eos lên 1 kẻ địch.
NORMAL_TEXT	231399	Gây 30 Sức Bền.
NORMAL_TEXT	231415	Hồi 1 Điểm Planck.
NORMAL_TEXT	231434	Hồi 20 Năng Lượng.
NORMAL_TEXT	231453	Chiến Kĩ - Three Roads Toward Dawn
NORMAL_TEXT	231488	Tiêu hao 1 Điểm Planck. Hồi 30 Năng Lượng.
NORMAL_TEXT	231531	Eos tách hai song nhận sang hai bên rồi lao xuyên qua mục tiêu chính. Hai dải sáng từ lưỡi kiếm bẻ góc sang hai phía, khép thành ba đường bình minh đồng thời cắt qua đội hình địch.
NORMAL_TEXT	231712	Gây Sát Thương Quang bằng 150% Tấn Công của Eos lên mục tiêu chính và 85% Tấn Công lên tối đa 2 mục tiêu lân cận.
NORMAL_TEXT	231826	Gây 60 Sức Bền lên mục tiêu chính và 30 Sức Bền lên các mục tiêu lân cận.
NORMAL_TEXT	231900	Sau khi gây sát thương, áp dụng ‘Hừng Tuyến’ lên các mục tiêu trúng đòn trong 2 lượt của mục tiêu. Tối đa 3 kẻ địch có thể mang ‘Hừng Tuyến’ do Eos tạo; áp dụng lên mục tiêu thứ tư sẽ xóa ‘Hừng Tuyến’ trên kẻ địch có thời gian hiệu lực còn lại thấp nhất, nếu bằng nhau ưu tiên hiệu ứng được tạo sớm hơn.
NORMAL_TEXT	232204	Tuyệt Kĩ - Morning Finds Every Ruin
NORMAL_TEXT	232240	Giới hạn Năng Lượng: 120.
NORMAL_TEXT	232266	Eos ném hai song nhận lên trời. Chúng xoay thành hai nửa mặt trời ở hai phía chiến trường, sau đó cô kéo cả hai quầng sáng giao nhau trên mục tiêu chính, khiến ba cột nhật huy lần lượt dựng lên từ mặt đất.
NORMAL_TEXT	232472	Gây Sát Thương Quang bằng 240% Tấn Công của Eos lên mục tiêu chính và 130% Tấn Công lên tối đa 2 mục tiêu lân cận.
NORMAL_TEXT	232587	Gây 60 Sức Bền lên mục tiêu chính và 30 Sức Bền lên các mục tiêu lân cận.
NORMAL_TEXT	232661	Sau khi gây sát thương, áp dụng hoặc làm mới ‘Hừng Tuyến’ trong 2 lượt lên tối đa 3 mục tiêu trúng đòn và Eos nhận ‘Thiên Quang’. ‘Thiên Quang’ không có thời hạn, tối đa 1 tầng và được tiêu hao khi Eos thi triển Daybreak Returns.
NORMAL_TEXT	232891	Khi tiêu hao ‘Thiên Quang’, hệ số của Daybreak Returns tăng từ 130% lên 190% Tấn Công trên mục tiêu chính và từ 70% lên 100% Tấn Công trên các mục tiêu lân cận.
NORMAL_TEXT	233052	Thiên Phú - Dawn Waits Behind the Wall
NORMAL_TEXT	233091	Khi một kẻ địch mang ‘Hừng Tuyến’ phục hồi Khiên sau khi ở trạng thái Vỡ Khiên, sau khi hiệu ứng ‘Quang Tích’ trên mục tiêu đó được giải quyết hoàn toàn theo quy tắc nguyên tố Quang, Eos lập tức thi triển Đòn Đánh Theo Sau Daybreak Returns. Hiệu ứng vẫn kích hoạt nếu mục tiêu không mang ‘Quang Tích’.
NORMAL_TEXT	233393	Nếu nhiều kẻ địch mang ‘Hừng Tuyến’ phục hồi Khiên trong cùng một chuỗi xử lý, Daybreak Returns chỉ được thi triển 1 lần; chọn kẻ địch có HP tối đa cao nhất trong số các mục tiêu đã kích hoạt làm mục tiêu chính, nếu bằng nhau ưu tiên mục tiêu ở gần trung tâm chiến trường hơn.
NORMAL_TEXT	233670	Daybreak Returns
NORMAL_TEXT	233687	Eos chéo hai song nhận trước ngực. Ánh sáng còn sót lại trên Khiên vừa phục hồi bị kéo thành một vệt bình minh dưới chân mục tiêu; cô lướt dọc theo vệt sáng, chém xuyên mục tiêu chính rồi xoay người hất hai quang nhận sang hai phía.
NORMAL_TEXT	233920	Gây Sát Thương Quang bằng 130% Tấn Công của Eos lên mục tiêu chính và 70% Tấn Công lên tối đa 2 mục tiêu lân cận.
NORMAL_TEXT	234034	Gây 30 Sức Bền lên mục tiêu chính và 15 Sức Bền lên các mục tiêu lân cận.
NORMAL_TEXT	234108	Sau khi Daybreak Returns kết thúc, xóa ‘Hừng Tuyến’ trên toàn bộ kẻ địch đã phục hồi Khiên và kích hoạt Thiên Phú trong chuỗi xử lý đó. Daybreak Returns không thể tự kích hoạt lại Dawn Waits Behind the Wall.
NORMAL_TEXT	234316	Đột Phá
NORMAL_TEXT	234324	A1
NORMAL_TEXT	234327	Khi bắt đầu trận, áp dụng ‘Hừng Tuyến’ trong 2 lượt lên tối đa 3 kẻ địch có HP tối đa cao nhất. Nếu có nhiều mục tiêu bằng nhau, ưu tiên các mục tiêu gần trung tâm chiến trường hơn.
NORMAL_TEXT	234509	A2
NORMAL_TEXT	234512	Nếu ‘Quang Tích’ vừa gây sát thương lên mục tiêu chính trước khi Daybreak Returns được thi triển, sát thương Daybreak Returns gây lên mục tiêu đó tăng 20%.
NORMAL_TEXT	234668	A3
NORMAL_TEXT	234671	Sau khi Daybreak Returns kết thúc, Eos hồi 10 Năng Lượng. Hiệu ứng này chỉ có thể kích hoạt 1 lần giữa hai lượt thực tế liên tiếp của Eos.
NORMAL_TEXT	234810	Mốc phụ
NORMAL_TEXT	234818	Tấn Công +12%.
NORMAL_TEXT	234833	Tỉ Lệ Chí Mạng +8%.
NORMAL_TEXT	234853	Sát Thương Quang +10%.
NORMAL_TEXT	234876	Vận Mệnh
NORMAL_TEXT	234885	VM1
NORMAL_TEXT	234889	Sau khi Daybreak Returns kết thúc, áp dụng lại ‘Hừng Tuyến’ trong 1 lượt lên mục tiêu chính. ‘Hừng Tuyến’ được áp dụng lại được tính là một lần áp dụng mới và có thể kích hoạt Dawn Waits Behind the Wall trong một chu kỳ Vỡ Khiên sau đó.
NORMAL_TEXT	235126	VM2
NORMAL_TEXT	235130	Kẻ địch mang ‘Hừng Tuyến’ giảm 10% Kháng Quang.
NORMAL_TEXT	235178	VM3
NORMAL_TEXT	235182	Cấp Chiến Kĩ +2. Cấp Tấn Công Thường +1.
NORMAL_TEXT	235223	VM4
NORMAL_TEXT	235227	Sau khi Daybreak Returns được kích hoạt, Eos tăng 30% Sát Thương Chí Mạng trong 2 lượt. Hiệu ứng không cộng dồn; kích hoạt lại chỉ làm mới thời gian duy trì.
NORMAL_TEXT	235385	VM5
NORMAL_TEXT	235389	Cấp Tuyệt Kĩ +2. Cấp Thiên Phú +2.
NORMAL_TEXT	235424	VM6
NORMAL_TEXT	235428	Khi nhiều kẻ địch mang ‘Hừng Tuyến’ cùng phục hồi Khiên trong một chuỗi xử lý, sau Daybreak Returns, mỗi mục tiêu đã kích hoạt nhưng không phải mục tiêu chính chịu thêm Sát Thương Quang bằng 80% Tấn Công của Eos. Sát thương thêm chỉ có thể gây lên tối đa 2 mục tiêu, không gây Sức Bền, không được tính là Đòn Đánh Theo Sau và không thể kích hoạt Dawn Waits Behind the Wall.
NORMAL_TEXT	235802	Tóm tắt kit
NORMAL_TEXT	235814	Eos là Trishula Quang 4★ hoạt động như một sub-DPS trong giao tranh 2–3 mục tiêu. Chiến Kĩ và Tuyệt Kĩ đặt ‘Hừng Tuyến’ lên tối đa ba kẻ địch; khi một mục tiêu được đánh dấu phục hồi Khiên sau trạng thái Vỡ Khiên, Eos chờ ‘Quang Tích’ giải quyết xong rồi thi triển Daybreak Returns. Tuyệt Kĩ chuẩn bị ‘Thiên Quang’ để tăng mạnh Đòn Đánh Theo Sau kế tiếp, trong khi các giới hạn gộp trigger ngăn nhiều mục tiêu hồi Khiên đồng thời tạo ra chuỗi animation lặp.
NORMAL_TEXT	236272	Eos không tự kích nổ ‘Quang Tích’, không thay đổi lượng sát thương được ghi nhận và không cạnh tranh vai trò trực tiếp phá Khiên của Vajra. Cô bổ sung một nhịp sát thương sau lúc Myrk trở lại trạng thái có Khiên, thời điểm các đội Break thường bắt đầu chu kỳ bào Khiên mới.
NORMAL_TEXT	236546	—------------------------------------------------------------------------------------------------------------------------
HEADING_1	236668	55. Nhân Vật — Lugh
NORMAL_TEXT	236688	Độ hiếm: 5★ giới hạn
NORMAL_TEXT	236709	Aspect: Fragarach
NORMAL_TEXT	236727	Nguyên tố: Băng
NORMAL_TEXT	236743	Giới tính: Nam
NORMAL_TEXT	236758	Vũ khí: Ma kiếm ánh bạc
NORMAL_TEXT	236782	Ngoại hình
NORMAL_TEXT	236793	Lugh có vóc dáng cao và rắn chắc, mái tóc vàng tro dài quá gáy với những lọn tóc phản chiếu ánh kim lạnh. Mắt anh xanh nhạt như mặt hồ đóng băng; một vệt ấn bạc chạy từ thái dương xuống cổ mỗi khi ma lực dâng lên. Anh mặc giáp nhẹ màu trắng xám phủ những phiến kim loại mỏng hình lông quạ, khoác áo choàng xanh đêm có đường viền bạc. Ma kiếm luôn được giữ trong vỏ ở hông; khi Lugh rút kiếm để phản kích, lưỡi kiếm trong suốt lóe lên trước khi một đường băng mảnh khép lại phía sau mục tiêu.
NORMAL_TEXT	237285	Chỉ số cơ bản
NORMAL_TEXT	237299	Lv1: HP 148 | Tấn Công 92 | Phòng Thủ 70 | Tốc Độ 90
NORMAL_TEXT	237352	Lv60: HP 1088 | Tấn Công 676 | Phòng Thủ 515 | Tốc Độ 90
NORMAL_TEXT	237409	Tấn Công Thường - Edge Before Winter
NORMAL_TEXT	237446	Lugh đặt tay lên chuôi kiếm, rút nửa lưỡi rồi chém một đường ngắn ngang mục tiêu; đường kiếm ánh bạc đông lại thành một vệt băng mỏng trước khi vỡ vụn.
NORMAL_TEXT	237598	Gây Sát Thương Băng bằng 80% Tấn Công của Lugh lên 1 kẻ địch.
NORMAL_TEXT	237660	Gây 30 Sức Bền.
NORMAL_TEXT	237676	Hồi 1 Điểm Planck.
NORMAL_TEXT	237695	Hồi 20 Năng Lượng.
NORMAL_TEXT	237714	Chiến Kĩ - Let the First Blade Choose
NORMAL_TEXT	237752	Tiêu hao 1 Điểm Planck. Hồi 30 Năng Lượng.
NORMAL_TEXT	237795	Lugh rút ma kiếm hoàn toàn, dựng lưỡi kiếm trước mặt rồi hạ mũi kiếm về phía đối thủ. Một đường băng bạc nối thẳng hai người, trong khi các phiến giáp trên vai anh mở ra như đang mời đòn đánh kế tiếp.
NORMAL_TEXT	237996	Gây Sát Thương Băng bằng 190% Tấn Công của Lugh lên 1 kẻ địch và gây 60 Sức Bền.
NORMAL_TEXT	238077	Áp dụng ‘Đối Vương’ lên mục tiêu trong 2 lượt của mục tiêu. Chỉ có thể tồn tại 1 kẻ địch mang ‘Đối Vương’ do Lugh tạo; áp dụng lên mục tiêu mới sẽ xóa hiệu ứng trên mục tiêu cũ.
NORMAL_TEXT	238255	Lugh nhận ‘Thế Đón’ trong 2 lượt. Khi có ‘Thế Đón’, Mức Đe Dọa hiện tại của Lugh tăng 150% và sát thương Phản Kích của anh tăng 25%. Hiệu ứng không cộng dồn; sử dụng lại chỉ làm mới thời gian duy trì.
NORMAL_TEXT	238456	Tuyệt Kĩ - The King Answers at Samhain
NORMAL_TEXT	238495	Giới hạn Năng Lượng: 140.
NORMAL_TEXT	238521	Lugh cắm vỏ kiếm xuống đất và giơ ma kiếm lên trời. Ánh sáng tắt khỏi chiến trường, một vành trăng mùa đông xuất hiện sau lưng anh, rồi anh lao qua mục tiêu bằng một nhát chém dọc; băng bạc dựng thành ngai kiếm phía sau đối thủ và vỡ tung theo đường rút kiếm.
NORMAL_TEXT	238781	Gây Sát Thương Băng bằng 320% Tấn Công của Lugh lên 1 kẻ địch và gây 90 Sức Bền.
NORMAL_TEXT	238862	Sau khi hành động kết thúc, đặt lại số lần kích hoạt Phản Kích của No Blow Goes Unanswered trong chu kỳ hiện tại và Lugh nhận ‘Vương Lệnh’ cho đến khi lượt thực tế kế tiếp của anh kết thúc. Khi có ‘Vương Lệnh’, Mức Đe Dọa hiện tại của Lugh tăng 250%, sát thương phải chịu giảm 20%, hệ số của Fragarach Drawn tăng từ 240% lên 300% Tấn Công lên mục tiêu chính và 120% lên 170% lên các mục tiêu lân cận, đồng thời giới hạn kích hoạt tăng từ 2 lên 3 lần giữa hai lượt thực tế liên tiếp của Lugh.
NORMAL_TEXT	239354	Nếu ‘Thế Đón’ và ‘Vương Lệnh’ cùng tồn tại, chỉ sử dụng mức tăng Mức Đe Dọa cao hơn; các hiệu ứng còn lại vẫn có hiệu lực.
NORMAL_TEXT	239477	Thiên Phú - No Blow Goes Unanswered
NORMAL_TEXT	239513	Sau khi một hành động tấn công của Myrk chọn Lugh làm mục tiêu và kết thúc, nếu kẻ tấn công còn sống, Lugh lập tức thi triển Đòn Đánh Theo Sau Fragarach Drawn lên kẻ đó. Việc Khiên hấp thụ toàn bộ sát thương hoặc hành động không gây mất HP không ngăn kích hoạt; Sát Thương Duy Trì, sát thương môi trường và sát thương do đồng minh tự gây không kích hoạt hiệu ứng.
NORMAL_TEXT	239877	Lugh nghiêng người tránh khỏi đường đánh còn sót lại, rút ma kiếm bằng tay phải rồi lướt ngược qua kẻ tấn công. Lưỡi kiếm chạm mục tiêu trước khi tiếng rút kiếm vang lên, để lại một vết cắt băng bạc. Fragarach Drawn gây Sát Thương Băng bằng 240% Tấn Công của Lugh lên mục tiêu chính và 120% lên hai mục tiêu lân cận và gây 60 Sức Bền, ưu tiên ‘Đối Vương’ làm mục tiêu chính.
NORMAL_TEXT	240252	Nếu mục tiêu đang có ‘Đối Vương’, Fragarach Drawn bỏ qua 15% Phòng Thủ của mục tiêu.
NORMAL_TEXT	240337	No Blow Goes Unanswered tối đa kích hoạt 2 lần giữa hai lượt thực tế liên tiếp của Lugh. Một hành động nhiều hit hoặc đánh toàn đội của Myrk chỉ tạo tối đa 1 lần kích hoạt cho Lugh. Fragarach Drawn không thể tự kích hoạt Phản Kích của bất kỳ Veyr nào và không tiêu hao Điểm Planck.
NORMAL_TEXT	240619	Đột Phá
NORMAL_TEXT	240627	A1
NORMAL_TEXT	240630	Fragarach Drawn tăng 15% Tỉ Lệ Chí Mạng. Nếu mục tiêu đang có ‘Đối Vương’, hiệu ứng tăng thành 25%.
NORMAL_TEXT	240730	A2
NORMAL_TEXT	240733	Với mỗi 1% Mức Đe Dọa tăng thêm từ hiệu ứng kỹ năng, Lugh tăng 0,2% Tấn Công, tối đa 50%
NORMAL_TEXT	240822	A3
NORMAL_TEXT	240825	Sau khi Fragarach Drawn gây sát thương lên kẻ địch có ‘Đối Vương’, Lugh hồi 5 Năng Lượng. Hiệu ứng này tối đa kích hoạt 2 lần giữa hai lượt thực tế liên tiếp của Lugh.
NORMAL_TEXT	240993	Mốc phụ
NORMAL_TEXT	241001	Tấn Công +12%.
NORMAL_TEXT	241016	Tỉ Lệ Chí Mạng +8%.
NORMAL_TEXT	241036	Sát Thương Băng +10%.
NORMAL_TEXT	241058	Vận Mệnh
NORMAL_TEXT	241067	VM1
NORMAL_TEXT	241071	“Sau mỗi 3 lượt hành động do đồng minh khác hoàn tất, Lugh lập tức thi triển Fragarach Drawn, ưu tiên kẻ địch mang ‘Đối Vương’ làm mục tiêu chính. Lần thi triển này được tính là Đòn Đánh Theo Sau, không được tính là Phản Kích và không tiêu hao số lần kích hoạt của No Blow Goes Unanswered. Bộ đếm được đặt lại sau khi kích hoạt.”VM2
NORMAL_TEXT	241405	Khi kẻ địch mang ‘Đối Vương’ trực tiếp chọn Lugh làm mục tiêu, sát thương Lugh phải chịu từ hành động đó giảm 15%. Sau khi hành động kết thúc, Fragarach Drawn kích hoạt từ hành động này gây thêm 35% sát thương.
NORMAL_TEXT	241616	VM3
NORMAL_TEXT	241620	Cấp Chiến Kĩ +2. Cấp Tấn Công Thường +1.
NORMAL_TEXT	241661	VM4
NORMAL_TEXT	241665	Fragarach Drawn làm mục tiêu giảm 12% Kháng Băng trong 2 lượt. Hiệu ứng cùng tên không cộng dồn; kích hoạt lại chỉ làm mới thời gian duy trì.
NORMAL_TEXT	241807	VM5
NORMAL_TEXT	241811	Cấp Tuyệt Kĩ +2. Cấp Thiên Phú +2.
NORMAL_TEXT	241846	VM6
NORMAL_TEXT	241850	Khi Lugh có ‘Vương Lệnh’, sau lần đầu Fragarach Drawn gây sát thương trong mỗi hành động của Myrk, anh lập tức chém thêm Crownless Second Stroke lên cùng mục tiêu, gây Sát Thương Băng bằng 110% Tấn Công và gây 30 Sức Bền. Sát thương này được tính là sát thương Phản Kích nhưng không tiêu hao số lần kích hoạt của No Blow Goes Unanswered.
NORMAL_TEXT	242188	Crownless Second Stroke tối đa kích hoạt 2 lần trong mỗi lần ‘Vương Lệnh’ được áp dụng, không thể tự kích hoạt Phản Kích và không kích hoạt nếu mục tiêu đã bị hạ bởi Fragarach Drawn.
NORMAL_TEXT	242371	Tóm tắt kit
NORMAL_TEXT	242383	Lugh là DPS Fragarach Băng 5★ giới hạn lấy việc trở thành mục tiêu của Myrk làm nhịp tấn công. Let the First Blade Choose đặt ‘Đối Vương’ lên con mồi và trao ‘Thế Đón’ để tăng Mức Đe Dọa lẫn sát thương Phản Kích; No Blow Goes Unanswered đáp lại từng hành động tấn công hợp lệ bằng Fragarach Drawn, kể cả khi Khiên đã hấp thụ toàn bộ sát thương.
NORMAL_TEXT	242728	The King Answers at Samhain vừa gây sát thương đơn mục tiêu lớn, vừa mở ‘Vương Lệnh’ để tăng Mức Đe Dọa, giảm sát thương phải chịu, nâng hệ số và giới hạn Phản Kích. Lugh không tạo Khiên hoặc nhận đòn thay đồng minh; đội hình của anh cần Aegis giữ anh sống và Keraunos hoặc Pandora khuếch đại chuỗi Phản Kích.
NORMAL_TEXT	243038	—------------------------------------------------------------------------------------------------------------------------
HEADING_1	243160	56. Nhân Vật — Nemty
NORMAL_TEXT	243181	Độ hiếm: 5★ giới hạn
NORMAL_TEXT	243202	Aspect: Keraunos
NORMAL_TEXT	243219	Nguyên tố: Phong
NORMAL_TEXT	243236	Giới tính: Nữ
NORMAL_TEXT	243250	Vũ khí: Trượng lộ tiêu chim ưng
NORMAL_TEXT	243282	Ngoại hình
NORMAL_TEXT	243293	Nemty có mái tóc đen pha ánh vàng cát, buộc cao sau gáy bằng một vòng kim loại hình cánh chim. Đôi mắt màu hổ phách, quanh mí mắt là những đường trang sức xanh lam kéo dài như mắt chim ưng. Cô mặc áo choàng trắng ngắn phủ trên giáp vải màu đồng, hai vạt áo phía sau tách thành hình đôi cánh. Trượng của Nemty mang một vòng lộ tiêu lơ lửng quanh đầu chim ưng; vòng này luôn xoay về phía đồng minh cô đang dẫn đường.
NORMAL_TEXT	243708	Chỉ số cơ bản
NORMAL_TEXT	243722	Lv1: HP 162 | Tấn Công 70 | Phòng Thủ 78 | Tốc Độ 113
NORMAL_TEXT	243776	Lv60: HP 1191 | Tấn Công 515 | Phòng Thủ 574 | Tốc Độ 113
NORMAL_TEXT	243834	Tấn Công Thường - Feather Against the Current
NORMAL_TEXT	243880	Nemty xoay trượng, để một chiếc lông chim bằng phong quang tách khỏi vòng lộ tiêu rồi lượn ngược chiều gió và cắt qua mục tiêu.
NORMAL_TEXT	244008	Gây Sát Thương Phong bằng 70% Tấn Công của Nemty lên một kẻ địch.
NORMAL_TEXT	244074	Gây 30 Sức Bền. Hồi 1 Điểm Planck và 20 Năng Lượng.
NORMAL_TEXT	244126	Chiến Kĩ - Walk Where the Wind Parts
NORMAL_TEXT	244163	Tiêu hao 1 Điểm Planck. Hồi 30 Năng Lượng.
NORMAL_TEXT	244206	Nemty chống trượng xuống đất rồi hướng vòng lộ tiêu về phía một đồng minh khác. Một con đường bằng cát sáng mở dưới chân mục tiêu, trong khi bóng chim ưng dang cánh phía trên họ.
NORMAL_TEXT	244385	Chọn một đồng minh khác và áp dụng ‘Người Dẫn Đầu’ trong 3 lượt của mục tiêu. Đồng minh có ‘Người Dẫn Đầu’ tăng 20% sát thương gây ra.
NORMAL_TEXT	244520	Chỉ có thể tồn tại một đồng minh mang ‘Người Dẫn Đầu’ do Nemty tạo. Chọn mục tiêu mới sẽ xóa hiệu ứng trên mục tiêu cũ.
NORMAL_TEXT	244640	Khi áp dụng ‘Người Dẫn Đầu’, mục tiêu lập tức nhận ‘Thuận Lộ’.
NORMAL_TEXT	244703	‘Thuận Lộ’ khiến hành động gây sát thương kế tiếp của mục tiêu tăng 25% sát thương và bỏ qua 12% Phòng Thủ của những kẻ địch chịu sát thương. Hiệu ứng tồn tại đến khi lượt thực tế kế tiếp của mục tiêu kết thúc, tối đa một tầng và bị tiêu hao sau khi hành động gây sát thương kết thúc. Hành động không gây sát thương không tiêu hao hiệu ứng.
NORMAL_TEXT	245044	Tuyệt Kĩ - No Road Refuses Her Wings
NORMAL_TEXT	245081	Giới hạn Năng Lượng: 140.
NORMAL_TEXT	245107	Nemty nâng trượng lên trời. Vòng lộ tiêu mở rộng thành một mặt trời vàng phía trên chiến trường; một chim ưng khổng lồ lao qua đội hình, cuốn cát và gió thành những con đường sáng nối tới từng đồng minh.
NORMAL_TEXT	245311	Toàn bộ đồng minh nhận ‘Bầu Trời Mở’ trong 2 lượt của từng mục tiêu và lập tức nhận ‘Thuận Lộ’.
NORMAL_TEXT	245407	Đồng minh có ‘Bầu Trời Mở’ tăng 36% Sát Thương Chí Mạng. Lần đầu mỗi đồng minh bị một hành động tấn công của Myrk chọn làm mục tiêu trong thời gian hiệu lực, sau khi hành động đó kết thúc, mục tiêu nhận lại ‘Thuận Lộ’. Giới hạn này được theo dõi riêng cho từng đồng minh trong mỗi lần sử dụng Tuyệt Kĩ.
NORMAL_TEXT	245710	Khi đồng minh đồng thời có ‘Người Dẫn Đầu’ và ‘Bầu Trời Mở’, hiệu quả của ‘Thuận Lộ’ tăng thành 35% sát thương và 18% Xuyên Phòng Thủ.
NORMAL_TEXT	245845	Thiên Phú - The Falcon Sees the Open Road
NORMAL_TEXT	245887	Khi một hành động tấn công của Myrk chọn đồng minh có ‘Người Dẫn Đầu’ làm mục tiêu, sát thương mục tiêu phải chịu từ hành động đó giảm 15%.
NORMAL_TEXT	246027	Sau khi hành động của Myrk kết thúc, Nemty áp dụng ‘Thuận Lộ’ lên đồng minh đó trước khi xử lý Phản Kích hoặc Đòn Đánh Theo Sau được kích hoạt bởi chính hành động vừa rồi. Nhờ đó, một Phản Kích lập tức được thi triển có thể nhận hiệu quả của ‘Thuận Lộ’; nếu mục tiêu không phản công, hiệu ứng được giữ lại cho hành động gây sát thương kế tiếp.
NORMAL_TEXT	246371	Thiên Phú tối đa kích hoạt 2 lần giữa hai lượt thực tế liên tiếp của Nemty. Một hành động nhiều hit hoặc đánh toàn đội của Myrk chỉ tạo tối đa một lần kích hoạt.
NORMAL_TEXT	246533	Nếu đồng minh đã có ‘Thuận Lộ’, lần áp dụng mới chỉ làm mới thời gian hiệu lực và không cộng dồn.
NORMAL_TEXT	246631	Đột Phá
NORMAL_TEXT	246639	A1
NORMAL_TEXT	246642	Đồng minh có ‘Người Dẫn Đầu” tăng 10% Tỉ Lệ Chí Mạng
NORMAL_TEXT	246695	A2
NORMAL_TEXT	246698	Khi đồng minh có ‘Người Dẫn Đầu’ bị Myrk chọn làm mục tiêu, Kháng Hiệu Ứng của mục tiêu tăng 30% cho đến khi hành động đó kết thúc. Nếu mục tiêu đang chịu hiệu ứng khống chế, hiệu ứng này không loại bỏ khống chế đã tồn tại.
NORMAL_TEXT	246922	A3
NORMAL_TEXT	246925	Sau khi đồng minh có ‘Người Dẫn Đầu’ tiêu hao ‘Thuận Lộ’, Nemty hồi 5 Năng Lượng. Hiệu ứng tối đa kích hoạt 2 lần giữa hai lượt thực tế liên tiếp của Nemty.
NORMAL_TEXT	247082	Mốc phụ
NORMAL_TEXT	247090	HP +12%.
NORMAL_TEXT	247099	Tốc Độ +5.
NORMAL_TEXT	247110	Hồi Năng Lượng +10%.
NORMAL_TEXT	247131	Vận Mệnh
NORMAL_TEXT	247140	VM1
NORMAL_TEXT	247144	Tăng 24% Xuyên Kháng Nguyên Tố của Phản Kích của toàn đội
NORMAL_TEXT	247202	VM2
NORMAL_TEXT	247206	Lần đầu một đồng minh tiêu hao ‘Thuận Lộ’ trong mỗi lần nhận ‘Người Dẫn Đầu’, thời gian còn lại của ‘Người Dẫn Đầu’ được kéo dài thêm một lượt, tối đa không vượt quá 3 lượt.
NORMAL_TEXT	247380	VM3
NORMAL_TEXT	247384	Cấp Chiến Kĩ +2. Cấp Tấn Công Thường +1.
NORMAL_TEXT	247425	VM4
NORMAL_TEXT	247429	Nếu hành động tiêu hao ‘Thuận Lộ’ đồng thời tiêu hao Điểm Planck, hoàn lại một Điểm Planck sau khi hành động kết thúc. Hiệu ứng tối đa kích hoạt một lần giữa hai lượt thực tế liên tiếp của Nemty.
NORMAL_TEXT	247625	VM5
NORMAL_TEXT	247629	Cấp Tuyệt Kĩ +2. Cấp Thiên Phú +2.
NORMAL_TEXT	247664	VM6
NORMAL_TEXT	247668	Trong mỗi lần ‘Bầu Trời Mở’ được áp dụng, lần đầu mỗi đồng minh tiêu hao ‘Thuận Lộ’, mục tiêu lập tức nhận lại ‘Thuận Lộ’ sau khi hành động kết thúc. ‘Thuận Lộ’ được nhận lại không thể tiếp tục kích hoạt hiệu ứng này trong cùng một lần ‘Bầu Trời Mở’.
NORMAL_TEXT	247919	Tóm tắt kit
NORMAL_TEXT	247931	Nemty là Keraunos Phong hỗ trợ một chủ lực thông qua ‘Người Dẫn Đầu’. Cô giảm sát thương mục tiêu phải chịu khi bị Myrk nhắm tới, sau đó biến áp lực đó thành ‘Thuận Lộ’ cho hành động gây sát thương kế tiếp.
NORMAL_TEXT	248138	Fragarach tận dụng ‘Thuận Lộ’ ngay trên Phản Kích phát sinh sau hành động của Myrk. Các DPS khác giữ hiệu ứng cho Chiến Kĩ, Tuyệt Kĩ hoặc Đòn Đánh Theo Sau kế tiếp. Nemty không nhận diện kỹ năng cường hóa và không can thiệp vào tài nguyên riêng của DPS.
NORMAL_TEXT	248392	No Road Refuses Her Wings mở khả năng hỗ trợ toàn đội: mọi đồng minh đều nhận ‘Thuận Lộ’, Sát Thương Chí Mạng và một lần tái tạo buff nếu bị tấn công. Nhờ đó Nemty phù hợp với đội một chủ lực, đội hai DPS, đội Đòn Đánh Theo Sau và những trận boss có nhiều đòn đánh toàn đội.
NORMAL_TEXT	248667	—------------------------------------------------------------------------------------------------------------------------
HEADING_1	248789	57. Nhân Vật — Bellona
NORMAL_TEXT	248812	Độ hiếm: 4★
NORMAL_TEXT	248824	Aspect: Fragarach
NORMAL_TEXT	248842	Nguyên tố: Hỏa
NORMAL_TEXT	248857	Giới tính: Nữ
NORMAL_TEXT	248871	Vũ khí: Trường kiếm và chiến kỳ
NORMAL_TEXT	248903	Ngoại hình
NORMAL_TEXT	248914	Bellona có mái tóc đỏ nâu cắt ngang vai, phần mái được giữ bằng một vòng nguyệt quế bằng đồng đã sứt vài lá. Cô mặc giáp chiến màu thép xám phủ áo choàng đỏ sẫm, trên vai và thắt lưng treo những dải vải ghi tên các chiến địa cũ. Trường kiếm có sống kiếm dày và những rãnh dẫn Hỏa chạy dọc lưỡi; cán chiến kỳ gắn sau lưng, khi Bellona phản kích, lá cờ bung ra trong luồng nhiệt rồi quét một đường lửa theo mũi kiếm.
NORMAL_TEXT	249329	Chỉ số cơ bản
NORMAL_TEXT	249343	Lv1: HP 139 | Tấn Công 82 | Phòng Thủ 68 | Tốc Độ 101
NORMAL_TEXT	249397	Lv60: HP 1022 | Tấn Công 603 | Phòng Thủ 500 | Tốc Độ 101
NORMAL_TEXT	249455	Tấn Công Thường - Ash Beneath the Standard
NORMAL_TEXT	249498	Bellona giật chiến kỳ khỏi vai, dùng cán cờ gạt đường phòng thủ của đối phương rồi rút trường kiếm chém một đường lửa ngắn qua mục tiêu.
NORMAL_TEXT	249635	Gây Sát Thương Hỏa bằng 80% Tấn Công của Bellona lên một kẻ địch.
NORMAL_TEXT	249701	Gây 30 Sức Bền. Hồi 1 Điểm Planck và 20 Năng Lượng.
NORMAL_TEXT	249753	Chiến Kĩ - Draw the Battle Line
NORMAL_TEXT	249785	Tiêu hao 1 Điểm Planck. Hồi 30 Năng Lượng.
NORMAL_TEXT	249828	Bellona cắm chiến kỳ xuống đất, kéo trường kiếm ngang qua mặt cờ để những đường chữ trên vải bùng cháy, sau đó lao tới chém thẳng vào mục tiêu.
NORMAL_TEXT	249972	Gây Sát Thương Hỏa bằng 160% Tấn Công của Bellona lên một kẻ địch và gây 60 Sức Bền.
NORMAL_TEXT	250057	Bellona nhận ‘Chiến Kỳ Đỏ’ trong 2 lượt. Khi có ‘Chiến Kỳ Đỏ’, sát thương Phản Kích của Bellona tăng 30%. Hiệu ứng không cộng dồn; sử dụng lại chỉ làm mới thời gian duy trì.
NORMAL_TEXT	250231	Tuyệt Kĩ - Every Road Ends in the Red Field
NORMAL_TEXT	250275	Giới hạn Năng Lượng: 120.
NORMAL_TEXT	250301	Bellona giương chiến kỳ lên cao và xoay nó thành một vòng lửa lớn trên chiến trường. Những bóng quân sĩ bằng tro đỏ đồng loạt hạ giáo, trong khi cô xuyên qua đội hình địch bằng một nhát kiếm kéo theo cả bức tường hỏa quang.
NORMAL_TEXT	250525	Gây Sát Thương Hỏa bằng 210% Tấn Công của Bellona lên mục tiêu chính và 105% Tấn Công lên tối đa 2 mục tiêu lân cận.
NORMAL_TEXT	250642	Gây 60 Sức Bền lên mục tiêu chính và 30 Sức Bền lên các mục tiêu lân cận.
NORMAL_TEXT	250716	Sau khi hành động kết thúc, đặt lại số lần kích hoạt War Answers Every Name trong chu kỳ hiện tại và Bellona nhận ‘Tổng Động Viên’ trong 2 lượt.
NORMAL_TEXT	250861	Khi có ‘Tổng Động Viên’, sát thương Phản Kích của Bellona tăng 35%, giới hạn kích hoạt War Answers Every Name tăng từ 2 lên 3 lần giữa hai lượt thực tế liên tiếp của Bellona, đồng thời toàn bộ đồng minh giảm 12% sát thương phải chịu từ hành động tấn công của Myrk chọn từ 2 Veyr trở lên làm mục tiêu. Hiệu ứng giảm sát thương không cộng dồn với chính nó.
NORMAL_TEXT	251216	Thiên Phú - War Answers Every Name
NORMAL_TEXT	251251	Sau khi một hành động tấn công của Myrk chọn từ 2 Veyr trở lên làm mục tiêu và kết thúc, nếu kẻ tấn công còn sống, Bellona lập tức thi triển Phản Kích Red Standard Falls lên kẻ đó. Số mục tiêu được xác định khi hành động bắt đầu; một mục tiêu né tránh hoặc được Khiên hấp thụ toàn bộ sát thương vẫn được tính.
NORMAL_TEXT	251561	Bellona giật chiến kỳ khỏi mặt đất và quét lá cờ đang cháy ngang chiến trường. Cô lao theo luồng lửa, chém ngược qua kẻ tấn công rồi đóng cán cờ xuống phía sau nó. Red Standard Falls gây Sát Thương Hỏa bằng 130% Tấn Công của Bellona lên mục tiêu chính và 65% Tấn Công lên tối đa 2 mục tiêu lân cận.
NORMAL_TEXT	251860	Gây 60 Sức Bền lên mục tiêu chính và 30 Sức Bền lên các mục tiêu lân cận.
NORMAL_TEXT	251934	War Answers Every Name tối đa kích hoạt 2 lần giữa hai lượt thực tế liên tiếp của Bellona. Một hành động nhiều hit hoặc đánh toàn đội của Myrk chỉ tạo tối đa 1 lần kích hoạt. Red Standard Falls không thể tự kích hoạt Phản Kích và không tiêu hao Điểm Planck.
NORMAL_TEXT	252192	Đột Phá
NORMAL_TEXT	252200	A1
NORMAL_TEXT	252203	Red Standard Falls tăng 15% Tỉ Lệ Chí Mạng.
NORMAL_TEXT	252247	A2
NORMAL_TEXT	252250	Nếu Bellona cũng là một trong các mục tiêu của hành động đã kích hoạt War Answers Every Name, Red Standard Falls bỏ qua 15% Phòng Thủ của mục tiêu chính.
NORMAL_TEXT	252404	A3
NORMAL_TEXT	252407	Sau khi Red Standard Falls kết thúc, Bellona hồi 5 Năng Lượng. Hiệu ứng tối đa kích hoạt 2 lần giữa hai lượt thực tế liên tiếp của Bellona.
NORMAL_TEXT	252547	Mốc phụ
NORMAL_TEXT	252555	Tấn Công +12%.
NORMAL_TEXT	252570	Tỉ Lệ Chí Mạng +8%.
NORMAL_TEXT	252590	Sát Thương Hỏa +10%.
NORMAL_TEXT	252611	Vận Mệnh
NORMAL_TEXT	252620	VM1
NORMAL_TEXT	252624	Khi Bellona có ‘Chiến Kỳ Đỏ’, sát thương Phản Kích của các đồng minh khác tăng 15%. Hiệu ứng cùng tên không cộng dồn.
NORMAL_TEXT	252742	VM2
NORMAL_TEXT	252746	Sau khi Bellona thi triển Red Standard Falls lần thứ hai giữa hai lượt thực tế liên tiếp của cô, hồi 1 Điểm Planck cho đội. Hiệu ứng tối đa kích hoạt 1 lần giữa hai lượt thực tế liên tiếp của Bellona.
NORMAL_TEXT	252947	VM3
NORMAL_TEXT	252951	Cấp Chiến Kĩ +2. Cấp Tấn Công Thường +1.
NORMAL_TEXT	252992	VM4
NORMAL_TEXT	252996	Red Standard Falls khiến kẻ địch trúng đòn giảm 10% sát thương gây ra trong 1 lượt của mục tiêu. Hiệu ứng cùng tên không cộng dồn; kích hoạt lại chỉ làm mới thời gian duy trì.
NORMAL_TEXT	253172	VM5
NORMAL_TEXT	253176	Cấp Tuyệt Kĩ +2. Cấp Thiên Phú +2.
NORMAL_TEXT	253211	VM6
NORMAL_TEXT	253215	Khi Bellona có ‘Tổng Động Viên’, nếu hành động kích hoạt War Answers Every Name đã chọn từ 4 Veyr trở lên làm mục tiêu, sau Red Standard Falls, Bellona lập tức thi triển Đòn Đánh Theo Sau Last Cohort Advances lên cùng mục tiêu chính.
NORMAL_TEXT	253449	Bellona kéo chiến kỳ khỏi mặt đất, để những bóng quân sĩ bằng tro đỏ tràn qua hai bên rồi đồng loạt đâm xuyên đội hình địch. Last Cohort Advances gây Sát Thương Hỏa bằng 100% Tấn Công của Bellona lên mục tiêu chính và 50% Tấn Công lên tối đa 2 mục tiêu lân cận, gây 30 Sức Bền lên mục tiêu chính và 15 Sức Bền lên các mục tiêu lân cận.
NORMAL_TEXT	253785	Last Cohort Advances tối đa kích hoạt 2 lần trong mỗi lần ‘Tổng Động Viên’ được áp dụng, không được tính là Phản Kích và không thể tự kích hoạt War Answers Every Name.
NORMAL_TEXT	253953	Tóm tắt kit
NORMAL_TEXT	253965	Bellona là sub-DPS Fragarach Hỏa 4★ chuyên đáp trả các hành động tấn công nhiều mục tiêu của Myrk. Draw the Battle Line duy trì ‘Chiến Kỳ Đỏ’ để tăng sát thương Phản Kích, còn War Answers Every Name biến mỗi hành động đánh từ hai Veyr trở lên thành Red Standard Falls gây sát thương lên ba mục tiêu.
NORMAL_TEXT	254265	Every Road Ends in the Red Field gây sát thương riêng, đặt lại giới hạn Phản Kích và mở ‘Tổng Động Viên’, giúp Bellona phản công thêm một lần đồng thời giảm sát thương toàn đội phải chịu từ các đòn đánh nhiều mục tiêu. Cô không cạnh tranh Mức Đe Dọa với Lugh bằng hiệu ứng riêng và có thể đứng trong đội Fragarach, đội hai DPS hoặc được dùng như lựa chọn khắc chế boss thường xuyên đánh toàn đội.
NORMAL_TEXT	254662	—------------------------------------------------------------------------------------------------------------------------
HEADING_1	254784	58. Nhân Vật — Asclepius
NORMAL_TEXT	254809	Độ hiếm: 5★ giới hạn
NORMAL_TEXT	254830	Aspect: Caduceus
NORMAL_TEXT	254847	Nguyên tố: Quang
NORMAL_TEXT	254864	Giới tính: Nữ
NORMAL_TEXT	254878	Vũ khí: Trượng xà quang
NORMAL_TEXT	254902	Ngoại hình
NORMAL_TEXT	254913	Asclepius có mái tóc dài màu trắng ngà, phần ngọn ánh lên sắc vàng nhạt như nắng xuyên qua thủy tinh. Cô mặc trường bào xanh lục sẫm phủ những phiến giáp mỏng màu vàng trắng, bên hông mang các ống dược thủy tinh phát sáng theo nhịp tim của đồng minh. Trượng xà quang gồm hai vòng kim loại uốn quanh một lõi pha lê; khi chữa trị, chúng hóa thành đôi rắn ánh sáng bò dọc theo vết thương rồi cuộn lại thành một vòng dự phòng phía sau mục tiêu.
NORMAL_TEXT	255354	Chỉ số cơ bản
NORMAL_TEXT	255368	Lv1: HP 168 | Tấn Công 68 | Phòng Thủ 82 | Tốc Độ 108
NORMAL_TEXT	255422	Lv60: HP 1441 | Tấn Công 500 | Phòng Thủ 603 | Tốc Độ 108
NORMAL_TEXT	255480	Tấn Công Thường - Light Along the Staff
NORMAL_TEXT	255520	Asclepius xoay trượng xà quang, để một con rắn ánh sáng trườn dọc thân trượng rồi bật khỏi đầu pha lê và cắn vào mục tiêu.
NORMAL_TEXT	255643	Gây Sát Thương Quang bằng 70% Tấn Công của Asclepius lên một kẻ địch.
NORMAL_TEXT	255713	Gây 30 Sức Bền. Hồi 1 Điểm Planck và 20 Năng Lượng.
NORMAL_TEXT	255765	Chiến Kĩ - Oath Before the Wound
NORMAL_TEXT	255798	Tiêu hao 1 Điểm Planck. Hồi 30 Năng Lượng.
NORMAL_TEXT	255841	Asclepius mở một ống dược quang trên trượng. Hai dải sáng hình rắn quấn quanh đồng minh được chọn, khép vết thương hiện tại rồi cuộn thành một vòng sáng dự phòng phía sau lưng mục tiêu.
NORMAL_TEXT	256027	Chọn một đồng minh và hồi HP bằng 16% HP tối đa của Asclepius + 240.
NORMAL_TEXT	256096	Áp dụng ‘Dược Dẫn’ lên mục tiêu trong 3 lượt của mục tiêu và thiết lập ‘Dự Trữ’ bằng 12% HP tối đa của Asclepius + 220. Mỗi đồng minh chỉ có thể sở hữu một ‘Dược Dẫn’ do Asclepius tạo.
NORMAL_TEXT	256281	Khi áp dụng lại bằng Chiến Kĩ, thời gian của ‘Dược Dẫn’ được làm mới và ‘Dự Trữ’ được phục hồi về giá trị ban đầu nếu lượng hiện tại thấp hơn; lượng đang cao hơn giá trị ban đầu được giữ nguyên.
NORMAL_TEXT	256476	Khi ‘Dự Trữ’ còn lớn hơn 0, đồng minh có ‘Dược Dẫn’ tăng 25% sát thương gây ra.
NORMAL_TEXT	256556	Tuyệt Kĩ - No Life Is Spent in Vain
NORMAL_TEXT	256592	Giới hạn Năng Lượng: 160.
NORMAL_TEXT	256618	Asclepius cắm trượng xuống giữa đội hình. Đôi rắn ánh sáng tách khỏi thân trượng, bay vòng qua toàn bộ đồng minh rồi dựng thành một mái vòm trong suốt; những vết thương đang phát sáng hóa thành các giọt dược quang và chảy ngược vào các vòng dự phòng.
NORMAL_TEXT	256869	Hồi HP cho toàn bộ đồng minh bằng 8% HP tối đa của Asclepius + 160, đồng thời tăng HP tối đa của toàn bộ đồng minh bằng 26% HP tối đa của Asclepius +500 trong 3 lượt của từng mục tiêu. Hiệu ứng này không cộng dồn.
NORMAL_TEXT	257083	Toàn bộ đồng minh nhận ‘Dược Dẫn’ trong 2 lượt của từng mục tiêu và được bổ sung ‘Dự Trữ’ bằng 70% giá trị ban đầu từ Chiến Kĩ.
NORMAL_TEXT	257211	Nếu mục tiêu chưa có ‘Dược Dẫn’, thiết lập ‘Dự Trữ’ bằng lượng được bổ sung. Nếu mục tiêu đã có ‘Dược Dẫn’, cộng lượng bổ sung vào ‘Dự Trữ’ hiện tại nhưng không vượt quá giá trị ban đầu từ Chiến Kĩ; thời gian hiệu lực được làm mới nếu còn dưới 2 lượt và không bị rút ngắn nếu đang dài hơn.
NORMAL_TEXT	257501	Thiên Phú - The Serpent Keeps One Measure
NORMAL_TEXT	257543	Sau khi một đồng minh có ‘Dược Dẫn’ nhận sát thương và hành động hoặc hiệu ứng gây sát thương hiện tại kết thúc, nếu HP của mục tiêu thấp hơn 80%, tiêu hao lượng ‘Dự Trữ’ vừa đủ để hồi HP cho mục tiêu đến 80% HP tối đa. Lượng hồi không thể vượt quá ‘Dự Trữ’ hiện có; nếu không đủ, tiêu hao toàn bộ phần còn lại.
NORMAL_TEXT	257855	Hiệu ứng có thể kích hoạt bởi sát thương trực tiếp, Sát Thương Duy Trì và sát thương môi trường, nhưng không kích hoạt bởi hiệu ứng chủ động tiêu hao HP của chính đồng minh. Trong cùng một hành động hoặc một lần kích hoạt Sát Thương Duy Trì, mỗi đồng minh chỉ được hồi từ ‘Dự Trữ’ một lần.
NORMAL_TEXT	258145	Khi ‘Dự Trữ’ thực sự hồi ít nhất 1 HP, mục tiêu nhận ‘Mạch Sáng’ đến khi lượt thực tế kế tiếp của mục tiêu kết thúc. ‘Mạch Sáng’ khiến hành động gây sát thương kế tiếp tăng 20% sát thương và bị tiêu hao sau khi hành động đó kết thúc. Hành động không gây sát thương không tiêu hao hiệu ứng.
NORMAL_TEXT	258435	‘Mạch Sáng’ được áp dụng trước khi xử lý Phản Kích hoặc Đòn Đánh Theo Sau phát sinh từ hành động vừa gây sát thương lên mục tiêu. Mỗi đồng minh tối đa nhận ‘Mạch Sáng’ một lần giữa hai lượt thực tế liên tiếp của Asclepius; giới hạn được theo dõi riêng cho từng đồng minh.
NORMAL_TEXT	258707	Khi ‘Dự Trữ’ giảm về 0 hoặc ‘Dược Dẫn’ hết thời gian, cả hai hiệu ứng bị xóa. ‘Mạch Sáng’ đã được áp dụng không bị xóa theo.
NORMAL_TEXT	258832	Đột Phá
NORMAL_TEXT	258840	A1
NORMAL_TEXT	258843	Đồng minh đang có ‘Dược Dẫn’ tăng 20% Kháng Hiệu Ứng khi ‘Dự Trữ’ còn lớn hơn 0.
NORMAL_TEXT	258924	A2
NORMAL_TEXT	258927	Lần đầu ‘Dự Trữ’ của mỗi lần áp dụng ‘Dược Dẫn’ thực sự hồi HP, giải một hiệu ứng xấu trên mục tiêu sau khi hoàn tất hồi phục. Nếu mục tiêu không có hiệu ứng xấu có thể giải, quyền kích hoạt này vẫn bị tiêu hao.
NORMAL_TEXT	259139	A3
NORMAL_TEXT	259142	Khi ‘Dự Trữ’ của bất kỳ đồng minh nào thực sự hồi HP, Asclepius hồi 5 Năng Lượng. Hiệu ứng tối đa kích hoạt 2 lần giữa hai lượt thực tế liên tiếp của Asclepius.
NORMAL_TEXT	259303	Mốc phụ
NORMAL_TEXT	259311	HP +25%.
NORMAL_TEXT	259320	Tốc Độ +5.
NORMAL_TEXT	259331	Hồi Năng Lượng +10%.
NORMAL_TEXT	259352	Vận Mệnh
NORMAL_TEXT	259361	VM1
NORMAL_TEXT	259365	Khi ‘Dự Trữ’ còn tồn tại ở đồng minh, tăng thêm 50% HP tối đa của họ
NORMAL_TEXT	259434	VM2
NORMAL_TEXT	259438	‘Mạch Sáng’ đồng thời tăng 15% Tỉ Lệ Chí Mạng cho hành động gây sát thương được cường hóa.
NORMAL_TEXT	259529	VM3
NORMAL_TEXT	259533	Cấp Chiến Kĩ +2. Cấp Tấn Công Thường +1.
NORMAL_TEXT	259574	VM4
NORMAL_TEXT	259578	Khi ‘Dự Trữ’ giảm về 0 do hồi HP, Asclepius hồi thêm cho mục tiêu bằng 6% HP tối đa của cô + 120 trước khi ‘Dược Dẫn’ bị xóa. Hiệu ứng chỉ có thể kích hoạt một lần cho mỗi lần ‘Dược Dẫn’ được áp dụng.
NORMAL_TEXT	259779	VM5
NORMAL_TEXT	259783	Cấp Tuyệt Kĩ +2. Cấp Thiên Phú +2.
NORMAL_TEXT	259818	VM6
NORMAL_TEXT	259822	Sau khi sử dụng No Life Is Spent in Vain, giới hạn ‘Dự Trữ’ của toàn bộ ‘Dược Dẫn’ đang tồn tại tăng lên 180% giá trị ban đầu cho đến khi hiệu ứng kết thúc; lượng bổ sung từ Tuyệt Kĩ có thể vượt giới hạn thông thường đến giới hạn mới này.
NORMAL_TEXT	260061	Khi ‘Dự Trữ’ của một đồng minh đang cao hơn 100% giá trị ban đầu, mục tiêu nhận 18% Xuyên Kháng Nguyên Tố. Hiệu ứng kết thúc ngay khi ‘Dự Trữ’ giảm về bằng hoặc thấp hơn giá trị ban đầu.
NORMAL_TEXT	260248	Tóm tắt kit
NORMAL_TEXT	260260	Asclepius là Caduceus Quang 5★ giới hạn kết hợp hồi phục và buff đa dụng. Oath Before the Wound chữa trị ngay lập tức rồi đặt ‘Dược Dẫn’, một kho ‘Dự Trữ’ tự tiêu hao để đưa đồng minh trở lại ngưỡng 80% HP sau khi họ chịu sát thương. Khi kho còn tồn tại, mục tiêu đồng thời tăng sát thương gây ra.
NORMAL_TEXT	260558	The Serpent Keeps One Measure chuyển mỗi lần ‘Dự Trữ’ thực sự chữa trị thành ‘Mạch Sáng’ cho hành động gây sát thương kế tiếp. Phản Kích và Đòn Đánh Theo Sau ngoài lượt có thể nhận buff ngay, còn các DPS khác giữ hiệu ứng cho Chiến Kĩ, Tuyệt Kĩ hoặc hành động chủ động kế tiếp. No Life Is Spent in Vain phân phối cơ chế này cho toàn đội mà không tạo Điểm Planck, giúp Asclepius hoạt động trong đội một chủ lực, đội hai DPS, đội Phản Kích và những trận có nhiều sát thương diện rộng.
NORMAL_TEXT	261041	—------------------------------------------------------------------------------------------------------------------------
HEADING_1	261163	59. Nhân Vật — Hou Yi
NORMAL_TEXT	261185	Độ hiếm: 5★ giới hạn
NORMAL_TEXT	261206	Aspect: Gungnir
NORMAL_TEXT	261222	Nguyên tố: Quang
NORMAL_TEXT	261239	Giới tính: Nam
NORMAL_TEXT	261254	Vũ khí: Nhật cung ma thuật
NORMAL_TEXT	261281	Ngoại hình
NORMAL_TEXT	261292	Hou Yi có vóc dáng cao, mái tóc đen dài buộc thấp với những sợi ánh vàng chạy dọc như kim loại nung dưới nắng. Anh khoác giáp nhẹ màu trắng tro, trên vai và cổ tay là chín vòng quang mảnh chuyển động theo góc kéo cung. Nhật cung ma thuật không có dây cố định; khi Hou Yi giương cung, một sợi sáng được nối giữa hai cánh cung và kéo dài thành mũi tên, còn những vòng quang phía sau lưng đồng thời khóa vào các mốc HP đã được anh ngắm sẵn.
NORMAL_TEXT	261730	Chỉ số cơ bản
NORMAL_TEXT	261744	Lv1: HP 146 | Tấn Công 96 | Phòng Thủ 63 | Tốc Độ 107
NORMAL_TEXT	261798	Lv60: HP 1073 | Tấn Công 650 | Phòng Thủ 463 | Tốc Độ 107
NORMAL_TEXT	261856	Tấn Công Thường - Trace the Falling Sun
NORMAL_TEXT	261896	Hou Yi kéo nửa dây sáng và bắn một mũi tên xuyên thẳng mục tiêu. Khi mũi tên tan, hai vòng quang nhỏ dừng lại tại hai độ cao khác nhau trên bóng của kẻ địch.
NORMAL_TEXT	262054	Gây Sát Thương Quang bằng 130% Tấn Công của Hou Yi lên một kẻ địch.
NORMAL_TEXT	262122	Gây 30 Sức Bền. Hồi 1 Điểm Planck và 20 Năng Lượng.
NORMAL_TEXT	262174	Sau khi hành động kết thúc, tạo 2 ‘Vạch Nhật’ lên mục tiêu theo quy tắc của Thiên Phú. ‘Vạch Nhật’ thứ nhất đặt tại HP hiện tại của mục tiêu; ‘Vạch Nhật’ thứ hai đặt tại lượng HP thấp hơn HP hiện tại 8% HP tối đa của mục tiêu. Mỗi ‘Vạch Nhật’ ghi lại lượng sát thương bằng 18% sát thương trực tiếp mà Tấn Công Thường này thực sự gây ra.
NORMAL_TEXT	262511	Chiến Kĩ - Pin the Horizon
NORMAL_TEXT	262538	Tiêu hao 1 Điểm Planck. Hồi 30 Năng Lượng.
NORMAL_TEXT	262581	Hou Yi xoay ngang nhật cung, kéo dây sáng đến cực hạn rồi ghim một mũi tên lớn vào bóng của mục tiêu. Vết xuyên không nổ ngay mà kéo thành một đường chân trời vàng cắt ngang thân đối phương.
NORMAL_TEXT	262772	Gây Sát Thương Quang bằng 240% Tấn Công của Hou Yi lên một kẻ địch và gây 60 Sức Bền.
NORMAL_TEXT	262858	Sau khi hành động kết thúc, tạo 1 ‘Vạch Nhật’ tại lượng HP thấp hơn HP hiện tại của mục tiêu 4% HP tối đa của mục tiêu. ‘Vạch Nhật’ này ghi lại lượng sát thương bằng 60% sát thương trực tiếp mà Chiến Kĩ này thực sự gây ra.
NORMAL_TEXT	263081	Tuyệt Kĩ - All Nine Horizons Collapse
NORMAL_TEXT	263119	Giới hạn Năng Lượng: 140.
NORMAL_TEXT	263145	Hou Yi bước lên một vòng nhật thực hiện dưới chân và giương cung thẳng lên trời. Chín vòng quang sau lưng đồng loạt mở rộng, chiếu xuống mọi ‘Vạch Nhật’ trên con mồi; anh xoay mũi tên về phía trước và bắn xuyên qua các đường sáng đang chồng lên nhau, khiến chúng khép lại thành một cột Quang duy nhất.
NORMAL_TEXT	263447	Trước khi gây sát thương trực tiếp, kích hoạt toàn bộ ‘Vạch Nhật’ đang tồn tại trên mục tiêu theo 100% lượng sát thương đã ghi lại, bỏ qua điều kiện HP và giới hạn kích hoạt mỗi hành động, sau đó xóa các ‘Vạch Nhật’ này.
NORMAL_TEXT	263668	Gây Sát Thương Quang bằng 320% Tấn Công của Hou Yi lên một kẻ địch và gây 90 Sức Bền.
NORMAL_TEXT	263754	Sau khi hành động kết thúc, tạo 1 ‘Vạch Nhật’ tại lượng HP thấp hơn HP hiện tại của mục tiêu 4% HP tối đa của mục tiêu. ‘Vạch Nhật’ này ghi lại lượng sát thương bằng 80% sát thương trực tiếp mà Tuyệt Kĩ này thực sự gây ra.
NORMAL_TEXT	263977	Thiên Phú - Where the Arrow Finds Tomorrow
NORMAL_TEXT	264020	‘Vạch Nhật’ là dấu mốc do Hou Yi đặt trên HP của một kẻ địch. Mỗi ‘Vạch Nhật’ lưu riêng một ngưỡng HP và một lượng sát thương đã ghi lại. Chỉ có thể tồn tại tối đa 3 ‘Vạch Nhật’ trên sân; khi tạo vượt giới hạn, xóa ‘Vạch Nhật’ có lượng sát thương ghi lại thấp nhất, nếu bằng nhau thì xóa dấu được tạo sớm hơn.
NORMAL_TEXT	264330	Sau khi một hành động khác với hành động đã tạo dấu gây sát thương lên mục tiêu và kết thúc, nếu HP hiện tại của mục tiêu bằng hoặc thấp hơn ngưỡng của ít nhất một ‘Vạch Nhật’, kích hoạt ‘Vạch Nhật’ đủ điều kiện được tạo sớm nhất: xóa dấu đó và gây Sát Thương Quang bằng lượng sát thương đã ghi lại lên mục tiêu. Mỗi hành động chỉ có thể kích hoạt tối đa 1 ‘Vạch Nhật’ theo cách này.
NORMAL_TEXT	264714	Sát thương từ ‘Vạch Nhật’ được tính là Sát Thương Thêm, không phải sát thương trực tiếp, không thể Chí Mạng, không gây Sức Bền và không thể kích hoạt ‘Vạch Nhật’ khác hoặc được ‘Quang Tích’ ghi lại. Giá trị đã ghi được xác định sau khi sát thương nguồn hoàn tất mọi phép tính và không được tính lại khi dấu kích hoạt.
NORMAL_TEXT	265032	Nếu Hou Yi gây sát thương trực tiếp lên một kẻ địch khác, xóa toàn bộ ‘Vạch Nhật’ trên mục tiêu cũ trước khi tạo dấu mới. Khi mục tiêu rời sân, mọi ‘Vạch Nhật’ trên mục tiêu đó bị xóa.
NORMAL_TEXT	265217	Đột Phá
NORMAL_TEXT	265225	A1
NORMAL_TEXT	265228	Khi một ‘Vạch Nhật’ được kích hoạt bởi điều kiện HP, Hou Yi hồi 5 Năng Lượng. Hiệu ứng tối đa kích hoạt 2 lần giữa hai lượt thực tế liên tiếp của Hou Yi.
NORMAL_TEXT	265382	A2
NORMAL_TEXT	265385	Khi một hành động trực tiếp phá Khiên của mục tiêu có ‘Vạch Nhật’, sau khi hành động kết thúc có thể kích hoạt thêm 1 ‘Vạch Nhật’ đủ điều kiện nữa. Mỗi hành động phá Khiên chỉ nhận thêm giới hạn này một lần.
NORMAL_TEXT	265593	A3
NORMAL_TEXT	265596	Sát thương do ‘Vạch Nhật’ gây ra tăng 20% khi HP hiện tại của mục tiêu từ 50% trở xuống.
NORMAL_TEXT	265685	Mốc phụ
NORMAL_TEXT	265693	Tỉ Lệ Chí Mạng +10,4%.
NORMAL_TEXT	265716	Sát Thương Chí Mạng +12%.
NORMAL_TEXT	265742	Sát Thương Nguyên Tố Quang +7,8%.
NORMAL_TEXT	265776	Vận Mệnh
NORMAL_TEXT	265785	VM1
NORMAL_TEXT	265789	Sát thương từ ‘Vạch Nhật’ có thể Chí Mạng độc lập dựa trên chỉ số hiện tại của Hou Yi tại thời điểm kích hoạt, kể cả khi lượng sát thương được ghi lại đã bắt nguồn từ một đòn Chí Mạng.
NORMAL_TEXT	265974	VM2
NORMAL_TEXT	265978	Sau khi một ‘Vạch Nhật’ được kích hoạt bởi hành động của đồng minh khác, Hou Yi nhận ‘Dẫn Xạ’ trong 2 lượt. Khi có ‘Dẫn Xạ’, lần gây sát thương trực tiếp kế tiếp lên cùng mục tiêu tăng 30% Sát Thương Chí Mạng; hiệu ứng bị tiêu hao sau hành động đó kết thúc.
NORMAL_TEXT	266236	VM3
NORMAL_TEXT	266240	Cấp Chiến Kĩ +2. Cấp Tấn Công Thường +1.
NORMAL_TEXT	266281	VM4
NORMAL_TEXT	266285	Mỗi ‘Vạch Nhật’ được All Nine Horizons Collapse kích hoạt hồi 5 Năng Lượng cho Hou Yi, tối đa 15 Năng Lượng trong mỗi lần sử dụng Tuyệt Kĩ.
NORMAL_TEXT	266425	VM5
NORMAL_TEXT	266429	Cấp Tuyệt Kĩ +2. Cấp Thiên Phú +2.
NORMAL_TEXT	266464	VM6
NORMAL_TEXT	266468	Khi All Nine Horizons Collapse kích hoạt ‘Vạch Nhật’, các dấu không bị xóa mà chuyển thành ‘Dư Tuyến’. Mỗi ‘Dư Tuyến’ giữ nguyên ngưỡng HP và có thể được kích hoạt thêm một lần theo điều kiện HP, gây sát thương bằng 50% lượng đã ghi lại rồi bị xóa. ‘Dư Tuyến’ vẫn chiếm giới hạn 3 dấu và không thể tiếp tục chuyển hóa bởi Tuyệt Kĩ.
NORMAL_TEXT	266800	Tóm tắt kit
NORMAL_TEXT	266812	Hou Yi là Gungnir Quang 5★ giới hạn chia sát thương của mỗi phát bắn thành hai thời điểm. Tấn Công Thường đặt nhiều ‘Vạch Nhật’ với các ngưỡng khác nhau, Chiến Kĩ đặt một dấu có lượng sát thương ghi lại lớn, còn sát thương của đồng đội hoặc các hành động sau đó lần lượt kéo HP mục tiêu qua từng ngưỡng để tái hiện phần sát thương đã neo.
NORMAL_TEXT	267151	All Nine Horizons Collapse cho phép Hou Yi bắn xuyên toàn bộ dấu còn tồn tại trước khi tung đòn trực tiếp mạnh nhất của mình. Người chơi có thể để đồng đội kích hoạt từng ‘Vạch Nhật’ nhằm duy trì sát thương và hồi Năng Lượng, hoặc giữ các dấu chưa chạm ngưỡng để dồn chúng vào Tuyệt Kĩ. Việc đổi mục tiêu xóa toàn bộ thiết lập, giữ Hou Yi đúng bản sắc Gungnir chuyên săn một con mồi.
NORMAL_TEXT	267535	—------------------------------------------------------------------------------------------------------------------------
HEADING_1	267657	60. Nhân Vật — Alecto
NORMAL_TEXT	267679	Độ hiếm: 4★
NORMAL_TEXT	267691	Aspect: Pandora
NORMAL_TEXT	267707	Nguyên tố: Hỏa
NORMAL_TEXT	267722	Giới tính: Nữ
NORMAL_TEXT	267736	Vũ khí: Roi xích hỏa
NORMAL_TEXT	267757	Ngoại hình
NORMAL_TEXT	267768	Alecto có mái tóc đen đỏ xõa rối như khói cháy ngược, đôi mắt vàng hẹp và những vệt sáng đỏ chạy từ khóe mắt xuống cổ. Cô mặc giáp da sẫm phủ các phiến đồng cháy cạnh, quanh eo treo những thẻ kim loại dùng để khắc tội danh. Roi xích hỏa gồm nhiều đốt xích dẹt như các dòng chữ; mỗi khi Myrk hành động, những đốt tương ứng đỏ lên, tự ghép thành một bản buộc tội mới trước khi quất ngược về phía kẻ gây ra hành động đó.
NORMAL_TEXT	268186	Chỉ số cơ bản
NORMAL_TEXT	268200	Lv1: HP 139 | Tấn Công 76 | Phòng Thủ 69 | Tốc Độ 108
NORMAL_TEXT	268254	Lv60: HP 1022 | Tấn Công 559 | Phòng Thủ 507 | Tốc Độ 108
NORMAL_TEXT	268312	Tấn Công Thường - Ash on the Testimony
NORMAL_TEXT	268351	Alecto giật cổ tay, để đầu roi xích lướt sát mặt đất rồi quất ngược lên mục tiêu; những đốt xích vừa va chạm vỡ thành các chữ lửa và tắt dần trong không khí.
NORMAL_TEXT	268509	Gây Sát Thương Hỏa bằng 70% Tấn Công của Alecto lên một kẻ địch.
NORMAL_TEXT	268574	Gây 30 Sức Bền. Hồi 1 Điểm Planck và 20 Năng Lượng.
NORMAL_TEXT	268626	Chiến Kĩ - Name the Crime
NORMAL_TEXT	268652	Tiêu hao 1 Điểm Planck. Hồi 30 Năng Lượng.
NORMAL_TEXT	268695	Alecto quấn roi quanh cánh tay, kéo các thẻ đồng bên hông thành một hàng rồi quất thẳng chúng xuyên qua bóng của kẻ địch được chọn. Những ký tự đỏ bám lại trên mục tiêu và liên tục đổi vị trí theo hành động của nó.
NORMAL_TEXT	268910	Gây Sát Thương Hỏa bằng 120% Tấn Công của Alecto lên một kẻ địch và gây 30 Sức Bền.
NORMAL_TEXT	268994	Áp dụng ‘Tội Thư’ lên mục tiêu trong 3 lượt của mục tiêu. Kẻ địch có ‘Tội Thư’ tăng 5% sát thương phải nhận. Chỉ có thể tồn tại 1 ‘Tội Thư’ do Alecto tạo; chọn mục tiêu mới sẽ xóa ‘Tội Thư’, mọi ‘Án’ và ‘Đại Thẩm’ trên mục tiêu cũ.
NORMAL_TEXT	269226	Tuyệt Kĩ - Let Every Charge Burn
NORMAL_TEXT	269259	Giới hạn Năng Lượng: 110.
NORMAL_TEXT	269285	Alecto kéo căng roi xích thành một vòng tròn quanh mục tiêu. Từng thẻ đồng bay lên, in lại hành động gần nhất của kẻ địch bằng những hình bóng đỏ, rồi toàn bộ dây xích siết vào tâm vòng và bùng cháy thành một cột lửa hình bản án.
NORMAL_TEXT	269515	Gây Sát Thương Hỏa bằng 180% Tấn Công của Alecto lên một kẻ địch và gây 60 Sức Bền.
NORMAL_TEXT	269599	Áp dụng hoặc làm mới ‘Tội Thư’ lên mục tiêu trong 3 lượt, sau đó áp dụng ‘Đại Thẩm’ trong 2 lượt của mục tiêu. Khi ‘Đại Thẩm’ tồn tại, ‘Đơn Án’, ‘Chúng Án’ và ‘Khuyết Án’ có thể cùng tồn tại trên mục tiêu; áp dụng lại cùng một ‘Án’ chỉ làm mới thời gian của hiệu ứng đó.
NORMAL_TEXT	269870	Sau đó, căn cứ vào hành động gần nhất mà mục tiêu đã hoàn tất để lập tức áp dụng ‘Án’ tương ứng từ Thiên Phú. Nếu mục tiêu chưa hoàn tất hành động nào trong trận, áp dụng ‘Khuyết Án’. Khi ‘Đại Thẩm’ kết thúc, chỉ giữ lại ‘Án’ được áp dụng gần nhất và xóa những ‘Án’ còn lại.
NORMAL_TEXT	270145	Thiên Phú - The Verdict Follows the Deed
NORMAL_TEXT	270186	Sau khi kẻ địch có ‘Tội Thư’ hoàn tất một hành động, xác định số đồng minh khác nhau thực sự nhận sát thương từ hành động đó. Sát Thương Duy Trì, sát thương môi trường và sát thương do đồng minh tự gây không được tính vào việc phân loại hành động.
NORMAL_TEXT	270434	Nếu hành động gây sát thương lên đúng 1 đồng minh, áp dụng ‘Đơn Án’ lên kẻ địch trong 2 lượt của mục tiêu, khiến Phòng Thủ giảm 8%.
NORMAL_TEXT	270566	Nếu hành động gây sát thương lên từ 2 đồng minh trở lên, áp dụng ‘Chúng Án’ lên kẻ địch trong 2 lượt của mục tiêu, khiến sát thương phải nhận tăng 10%.
NORMAL_TEXT	270718	Nếu hành động không gây sát thương lên bất kỳ đồng minh nào, áp dụng ‘Khuyết Án’ lên kẻ địch trong 1 lượt của mục tiêu, khiến Tốc Độ giảm 12.
NORMAL_TEXT	270860	Khi mục tiêu không có ‘Đại Thẩm’, chỉ có thể tồn tại 1 ‘Án’; ‘Án’ mới thay thế ‘Án’ cũ sau khi hành động hiện tại kết thúc. Mỗi hành động của kẻ địch chỉ có thể áp dụng một ‘Án’. Khi ‘Tội Thư’ kết thúc hoặc bị xóa, toàn bộ ‘Án’ và ‘Đại Thẩm’ liên kết cũng bị xóa.
NORMAL_TEXT	271124	Đột Phá
NORMAL_TEXT	271132	A1
NORMAL_TEXT	271135	Sau khi kẻ địch có ‘Tội Thư’ hoàn tất hành động và nhận một ‘Án’, Alecto được Ưu Tiên Hành Động 12%. Hiệu ứng tối đa kích hoạt 1 lần giữa hai lượt thực tế liên tiếp của Alecto.
NORMAL_TEXT	271312	A2
NORMAL_TEXT	271315	Mỗi lần một ‘Án’ được áp dụng hoặc thay thế thành công, Alecto quất một dòng lửa vào mục tiêu, gây Sát Thương Hỏa bằng 60% Tấn Công. Sát thương này được tính là sát thương Thêm, không gây Sức Bền và tối đa kích hoạt 1 lần trong mỗi hành động của kẻ địch.
NORMAL_TEXT	271570	A3
NORMAL_TEXT	271573	Mỗi lần một ‘Án’ được áp dụng hoặc làm mới thành công, Alecto hồi 4 Năng Lượng. Hiệu ứng tối đa kích hoạt 2 lần giữa hai lượt thực tế liên tiếp của Alecto.
NORMAL_TEXT	271729	Mốc phụ
NORMAL_TEXT	271737	Chính Xác Hiệu Ứng +18%.
NORMAL_TEXT	271762	Tốc Độ +5.
NORMAL_TEXT	271773	Tấn Công +12%.
NORMAL_TEXT	271788	Vận Mệnh
NORMAL_TEXT	271797	VM1
NORMAL_TEXT	271801	Hiệu quả tăng sát thương phải nhận của ‘Tội Thư’ tăng từ 5% lên 8%. Khi sử dụng Name the Crime lên mục tiêu đã có ‘Tội Thư’, thời gian của ‘Án’ đang tồn tại cũng được làm mới.
NORMAL_TEXT	271977	VM2
NORMAL_TEXT	271981	Sát thương Thêm từ A2 tăng từ 60% lên 100% Tấn Công. Sau khi sát thương này đánh trúng, mục tiêu giảm 10% Kháng Hỏa trong 2 lượt; hiệu ứng cùng tên không cộng dồn.
NORMAL_TEXT	272145	VM3
NORMAL_TEXT	272149	Cấp Chiến Kĩ +2. Cấp Tấn Công Thường +1.
NORMAL_TEXT	272190	VM4
NORMAL_TEXT	272194	Khi sử dụng Let Every Charge Burn, ngoài ‘Án’ tương ứng với hành động gần nhất, áp dụng thêm một ‘Án’ khác chưa tồn tại theo thứ tự ưu tiên ‘Đơn Án’ → ‘Chúng Án’ → ‘Khuyết Án’. ‘Án’ bổ sung tồn tại trong 2 lượt của mục tiêu.
NORMAL_TEXT	272419	VM5
NORMAL_TEXT	272423	Cấp Tuyệt Kĩ +2. Cấp Thiên Phú +2.
NORMAL_TEXT	272458	VM6
NORMAL_TEXT	272462	‘Đơn Án’, ‘Chúng Án’ và ‘Khuyết Án’ không còn thay thế lẫn nhau khi mục tiêu không có ‘Đại Thẩm’ và mỗi hiệu ứng duy trì thời gian riêng. Trong thời gian ‘Đại Thẩm’ tồn tại, hiệu quả của các ‘Án’ tăng 20%.
NORMAL_TEXT	272668	Tóm tắt kit
NORMAL_TEXT	272680	Alecto là Pandora Hỏa 4★ đặt ‘Tội Thư’ lên một con mồi rồi biến chính hành vi của nó thành hiệu ứng bất lợi. Đòn đơn mục tiêu mở ‘Đơn Án’ giảm Phòng Thủ, đòn đánh nhiều đồng minh mở ‘Chúng Án’ tăng sát thương phải nhận, còn hành động không gây sát thương mở ‘Khuyết Án’ giảm Tốc Độ.
NORMAL_TEXT	272963	Let Every Charge Burn mở ‘Đại Thẩm’, cho phép nhiều ‘Án’ cùng tồn tại nếu Myrk thay đổi kiểu hành động. Vì trigger dựa trên hành vi của kẻ địch, Alecto phối hợp tốt với đội Phản Kích, đội Đòn Đánh Theo Sau và Hou Yi nhưng vẫn có thể hỗ trợ mọi DPS đánh một mục tiêu. Cô không tạo hoặc hoàn Điểm Planck ngoài quy tắc của Tấn Công Thường.
NORMAL_TEXT	273301	—------------------------------------------------------------------------------------------------------------------------
HEADING_1	273423	61. Nhân Vật — Heimdall
NORMAL_TEXT	273447	Độ hiếm: 5★ giới hạn
NORMAL_TEXT	273468	Aspect: Keraunos
NORMAL_TEXT	273485	Nguyên tố: Quang
NORMAL_TEXT	273502	Giới tính: Nữ
NORMAL_TEXT	273516	Vũ khí: Kèn chiến Gjallarhorn
NORMAL_TEXT	273546	Ngoại hình
NORMAL_TEXT	273557	Heimdall có vóc dáng cao, mái tóc trắng ánh vàng được tết thành một dải dài rủ qua vai trái và đôi mắt hổ phách phản chiếu những vòng sáng đồng tâm như đang quan sát nhiều hướng cùng lúc. Cô mặc giáp nhẹ màu trắng ngà pha kim loại vàng sẫm, bên ngoài phủ áo choàng xanh đêm có những đường thêu mô phỏng Bifröst. Gjallarhorn là một chiếc kèn chiến dài bằng kim loại trắng, quanh miệng kèn lơ lửng bảy vòng quang văn; khi Heimdall cảnh báo một đòn đánh, các vòng sáng khóa thẳng vào kẻ tấn công trước khi tiếng kèn vang lên.
NORMAL_TEXT	274080	Chỉ số cơ bản
NORMAL_TEXT	274094	Lv1: HP 162 | Tấn Công 70 | Phòng Thủ 78 | Tốc Độ 112
NORMAL_TEXT	274148	Lv60: HP 1191 | Tấn Công 515 | Phòng Thủ 574 | Tốc Độ 112
NORMAL_TEXT	274206	Tấn Công Thường - First Watch at Dawn
NORMAL_TEXT	274244	Heimdall xoay Gjallarhorn ngang người, thổi một âm ngắn khiến một lưỡi quang tuyến lao dọc mặt đất và xuyên qua mục tiêu.
NORMAL_TEXT	274366	Gây Sát Thương Quang bằng 70% Tấn Công của Heimdall lên một kẻ địch.
NORMAL_TEXT	274435	Gây 30 Sức Bền. Hồi 1 Điểm Planck và 20 Năng Lượng.
NORMAL_TEXT	274487	Chiến Kĩ - The Gate Knows Its Guardian
NORMAL_TEXT	274526	Tiêu hao 1 Điểm Planck. Hồi 30 Năng Lượng.
NORMAL_TEXT	274569	Heimdall đặt Gjallarhorn trước ngực rồi hướng miệng kèn về phía một đồng minh. Một cổng ánh sáng dựng lên sau lưng mục tiêu, còn những vòng quang văn khép quanh họ như con mắt canh gác.
NORMAL_TEXT	274755	Chọn một đồng minh khác và áp dụng ‘Người Gác Bình Minh’ trong 3 lượt của mục tiêu. Đồng minh có ‘Người Gác Bình Minh’ tăng 30% sát thương Phản Kích.
NORMAL_TEXT	274905	Nếu mục tiêu thuộc Aspect Fragarach, Mức Đe Dọa hiện tại của mục tiêu tăng 150% và sát thương phải chịu từ hành động tấn công của Myrk giảm 20%.
NORMAL_TEXT	275050	Chỉ có thể tồn tại một đồng minh mang ‘Người Gác Bình Minh’ do Heimdall tạo. Chọn mục tiêu mới sẽ xóa hiệu ứng trên mục tiêu cũ.
NORMAL_TEXT	275179	Tuyệt Kĩ - The Horn Before the Last Dawn
NORMAL_TEXT	275220	Giới hạn Năng Lượng: 140.
NORMAL_TEXT	275246	Heimdall bước lên một bậc tường thành bằng quang ảnh và nâng Gjallarhorn về phía chân trời. Tiếng kèn kéo một dải Bifröst xuyên qua chiến trường; bóng của từng đồng minh hiện lên trên tường thành trước khi ánh bình minh tràn qua vũ khí của họ.
NORMAL_TEXT	275490	Toàn bộ đồng minh nhận ‘Hừng Đông Đã Được Báo Trước’ trong 2 lượt của từng mục tiêu. Khi có hiệu ứng này, Sát Thương Chí Mạng của Phản Kích tăng 36%.
NORMAL_TEXT	275640	Phản Kích của đồng minh đồng thời có ‘Người Gác Bình Minh’ bỏ qua 18% Phòng Thủ của mục tiêu. Sau mỗi lần đồng minh đó thi triển Phản Kích, Ưu Tiên Hành Động của họ 15%; hiệu ứng Ưu Tiên Hành Động tối đa kích hoạt 2 lần giữa hai lượt thực tế liên tiếp của đồng minh đó.
NORMAL_TEXT	275910	Sau khi sử dụng Tuyệt Kĩ, đặt lại số lần kích hoạt của No Strike Passes Unseen trong khoảng giữa hai lượt hiện tại của Heimdall.
NORMAL_TEXT	276039	Thiên Phú - No Strike Passes Unseen
NORMAL_TEXT	276075	Sau khi một hành động tấn công của Myrk kết thúc, nếu hành động đó không tự nhiên kích hoạt Phản Kích của đồng minh Fragarach đang có ‘Người Gác Bình Minh’ và kẻ tấn công còn sống, Heimdall xác nhận hành động vừa rồi đã đáp ứng điều kiện kích hoạt Phản Kích trong Thiên Phú của đồng minh đó. Sau đó, đồng minh xử lý Phản Kích của chính mình lên kẻ tấn công.
NORMAL_TEXT	276433	Hiệu ứng này chỉ bổ sung điều kiện kích hoạt. Nó không tạo một Phản Kích mới, không bỏ qua giới hạn kích hoạt của đồng minh, không cho phép Veyr đang bị khống chế phản kích và không kích hoạt nếu những điều kiện hợp lệ khác trong bộ kỹ năng của đồng minh không được đáp ứng.
NORMAL_TEXT	276708	Nếu hành động của Myrk đã tự nhiên kích hoạt Phản Kích của đồng minh, No Strike Passes Unseen không kích hoạt thêm một lần. Một hành động nhiều hit hoặc đánh toàn đội chỉ được kiểm tra một lần.
NORMAL_TEXT	276902	No Strike Passes Unseen tối đa kích hoạt 2 lần giữa hai lượt thực tế liên tiếp của Heimdall.
NORMAL_TEXT	276995	Đột Phá
NORMAL_TEXT	277003	A1
NORMAL_TEXT	277006	Đồng minh có ‘Người Gác Bình Minh’ tăng 15% Tỉ Lệ Chí Mạng cho Phản Kích.
NORMAL_TEXT	277080	A2
NORMAL_TEXT	277083	Phản Kích được kích hoạt nhờ No Strike Passes Unseen gây thêm 25% sát thương.
NORMAL_TEXT	277161	A3
NORMAL_TEXT	277164	Sau khi đồng minh có ‘Người Gác Bình Minh’ thi triển Phản Kích, Heimdall hồi 5 Năng Lượng. Hiệu ứng tối đa kích hoạt 2 lần giữa hai lượt thực tế liên tiếp của Heimdall.
NORMAL_TEXT	277333	Mốc phụ
NORMAL_TEXT	277341	HP +12%.
NORMAL_TEXT	277350	Tốc Độ +8.
NORMAL_TEXT	277361	Hồi Năng Lượng +10%.
NORMAL_TEXT	277382	Vận Mệnh
NORMAL_TEXT	277391	VM1
NORMAL_TEXT	277395	Sau khi đồng minh có ‘Người Gác Bình Minh’ thi triển Phản Kích, hồi HP cho đồng minh đó bằng 4% HP tối đa của Heimdall + 80. Hiệu ứng tối đa kích hoạt 2 lần giữa hai lượt thực tế liên tiếp của Heimdall.
NORMAL_TEXT	277598	VM2
NORMAL_TEXT	277602	Khi bắt đầu trận, tự động áp dụng ‘Người Gác Bình Minh’ trong 3 lượt lên đồng minh Fragarach có Mức Đe Dọa cơ bản cao nhất; nếu có nhiều mục tiêu bằng nhau, ưu tiên đồng minh có Tấn Công hiện tại cao nhất. Lần áp dụng này không tiêu hao Điểm Planck. Nếu đội không có Fragarach, hiệu ứng không kích hoạt.
NORMAL_TEXT	277906	VM3
NORMAL_TEXT	277910	Cấp Chiến Kĩ +2. Cấp Tấn Công Thường +1.
NORMAL_TEXT	277951	VM4
NORMAL_TEXT	277955	Khi đồng minh có ‘Hừng Đông Đã Được Báo Trước’ gây Phản Kích, kẻ địch trúng đòn nhận ‘Tiếng Kèn Phán Quyết’ trong 2 lượt. Kẻ địch có ‘Tiếng Kèn Phán Quyết’ tăng 12% sát thương Phản Kích phải nhận. Hiệu ứng cùng tên không cộng dồn; kích hoạt lại chỉ làm mới thời gian duy trì.
NORMAL_TEXT	278231	VM5
NORMAL_TEXT	278235	Cấp Tuyệt Kĩ +2. Cấp Thiên Phú +2.
NORMAL_TEXT	278270	VM6
NORMAL_TEXT	278274	Giới hạn kích hoạt No Strike Passes Unseen tăng từ 2 lên 3 lần giữa hai lượt thực tế liên tiếp của Heimdall. Lần Phản Kích đầu tiên được kích hoạt nhờ No Strike Passes Unseen trong khoảng thời gian này không tiêu hao số lần kích hoạt Phản Kích của chính đồng minh Fragarach.
NORMAL_TEXT	278549	Tóm tắt kit
NORMAL_TEXT	278561	Heimdall là Keraunos Quang 5★ giới hạn chuyên biến Fragarach thành nguồn sát thương ổn định. The Gate Knows Its Guardian chọn một ‘Người Gác Bình Minh’, tăng sát thương Phản Kích và giúp mục tiêu Fragarach vừa dễ bị Myrk nhắm tới hơn vừa chịu đòn an toàn hơn.
NORMAL_TEXT	278821	No Strike Passes Unseen bổ sung điều kiện còn thiếu khi hành động của Myrk không tự nhiên kích hoạt Phản Kích của đồng minh được chọn, nhưng vẫn tôn trọng giới hạn và các điều kiện hợp lệ khác trong bộ kỹ năng của họ. The Horn Before the Last Dawn mở cửa sổ xuyên Phòng Thủ, Sát Thương Chí Mạng và Ưu Tiên Hành Động để Fragarach phản công mạnh hơn rồi sớm bước sang lượt mới, qua đó làm mới giới hạn Phản Kích.
NORMAL_TEXT	279232	—------------------------------------------------------------------------------------------------------------------------
HEADING_1	279358	62. Nhân Vật — Nephele
NORMAL_TEXT	279382	Độ hiếm: 5★ Giới Hạn
NORMAL_TEXT	279403	Aspect: Aegis
NORMAL_TEXT	279417	Nguyên tố: Phong
NORMAL_TEXT	279434	Giới tính: Nữ
NORMAL_TEXT	279448	Vũ khí: Khung cửi vân khí
NORMAL_TEXT	279475	Ngoại hình
NORMAL_TEXT	279486	Nephele mang mái tóc dài màu trắng xám, phần ngọn ánh xanh lục nhạt như mây trước giông. Cô khoác váy chiến đấu nhiều lớp bằng lụa bán trong suốt, được giữ bởi các vòng kim loại vàng sẫm và những dải giáp mỏng ở vai, eo. Sau lưng cô lơ lửng một khung cửi hình vành cung; mỗi lần chiến đấu, các sợi sáng màu ngọc bích từ khung cửi kéo mây thành màn chắn hoặc siết quanh kẻ địch như những luồng gió có hình hài.
NORMAL_TEXT	279897	Chỉ số cơ bản
NORMAL_TEXT	279911	Cấp 1: HP 154 | Tấn Công 88 | Phòng Thủ 76 | Tốc Độ 107
NORMAL_TEXT	279967	Cấp 60: HP 1132 | Tấn Công 647 | Phòng Thủ 559 | Tốc Độ 107
NORMAL_TEXT	280027	Mức Đe Dọa: 130
NORMAL_TEXT	280044	Tấn Công Thường - Cloudline Etude
NORMAL_TEXT	280078	Nephele khẽ gảy một sợi sáng trên khung cửi, khiến một lưỡi mây mỏng quét xuyên qua mục tiêu, gây Sát Thương Phong bằng 80% Tấn Công lên một Myrk và bào 30 Sức Bền.
NORMAL_TEXT	280243	Hồi 1 Điểm Planck và 20 Năng Lượng.
NORMAL_TEXT	280280	Chiến Kĩ - A Sky Woven for the Living
NORMAL_TEXT	280318	Nephele xoay khung cửi trên không, kéo các dải mây xanh ngọc bao quanh toàn đội rồi đan chúng thành một mái vòm nhiều lớp. Tiêu hao 1 Điểm Planck, tạo Khiên ‘Vân Mạc’ bằng 45% Tấn Công của Nephele + 360 cho toàn bộ đồng minh, duy trì 2 lượt của từng người nhận.
NORMAL_TEXT	280580	Nếu mục tiêu đã có ‘Vân Mạc’, thay thế bằng giá trị Khiên mới nếu giá trị này cao hơn và làm mới thời hạn. ‘Vân Mạc’ được ghi nhận là Khiên do Nephele tạo.
NORMAL_TEXT	280736	Hồi 30 Năng Lượng.
NORMAL_TEXT	280756	Tuyệt Kĩ - When Every Cloud Becomes a Grave
NORMAL_TEXT	280800	Nephele nâng khung cửi phủ kín chiến trường; bầu trời vỡ thành những tầng mây xoáy, vô số sợi sáng đâm xuống rồi khép lại thành một cơn bão hình mái vòm. Tiêu hao 130 Năng Lượng, gây Sát Thương Phong bằng 140% Tấn Công lên toàn bộ kẻ địch và bào 90 Sức Bền.
NORMAL_TEXT	281058	Sau đó tạo Khiên ‘Vân Mạc’ bằng 60% Tấn Công của Nephele + 480 cho toàn bộ đồng minh, duy trì 2 lượt; đồng thời có 100% Xác Suất Cơ Bản áp dụng ‘Phong Thực’ và ‘Áp Thấp’ lên toàn bộ kẻ địch trong 2 lượt của từng mục tiêu.
NORMAL_TEXT	281280	Kẻ địch có ‘Áp Thấp’ tăng 25% Sát Thương duy trì phải chịu và giảm 12% sát thương gây ra lên đồng minh đang có ‘Vân Mạc’. ‘Áp Thấp’ không cộng dồn; áp dụng lại chỉ làm mới thời hạn.
NORMAL_TEXT	281463	Thiên Phú - The Storm Feeds What It Cannot Break
NORMAL_TEXT	281512	Sau khi một Myrk kết thúc hành động tấn công gây sát thương lên ít nhất một đồng minh đang có ‘Vân Mạc’, Nephele có 100% Xác Suất Cơ Bản áp dụng ‘Phong Thực’ lên Myrk đó trong 2 lượt của mục tiêu. Mỗi hành động của Myrk chỉ kích hoạt phần này 1 lần.
NORMAL_TEXT	281762	Khi tới lượt, kẻ địch có ‘Phong Thực’ chịu Sát Thương Phong bằng 90% Tấn Công của Nephele. ‘Phong Thực’ không cộng dồn; áp dụng lại chỉ làm mới thời hạn.
NORMAL_TEXT	281916	Mỗi lần một kẻ địch chịu Sát Thương duy trì, Nephele phục hồi ‘Vân Mạc’ cho đồng minh đang có ‘Vân Mạc’ với giá trị hiện tại thấp nhất một lượng bằng 10% Tấn Công của cô + 80. Hiệu ứng này kích hoạt tối đa 4 lần trong cùng một lượt của mỗi kẻ địch, không thể tạo Khiên mới và không thể khiến ‘Vân Mạc’ vượt quá giá trị ban đầu của lần tạo gần nhất.
NORMAL_TEXT	282266	Đột Phá
NORMAL_TEXT	282274	A1: Sát Thương duy trì của toàn đội lên kẻ địch tăng thêm 25% Sát thương gây ra nếu mục tiêu đang có ít nhất 2 hiệu ứng Sát thương duy trì khác.
NORMAL_TEXT	282419	A2: Khi Thiên Phú phục hồi ‘Vân Mạc’ cho một đồng minh có lượng Khiên hiện tại thấp hơn 50% giá trị ban đầu, lượng phục hồi tăng 50%.
NORMAL_TEXT	282553	A3: Khi một kẻ địch có ‘Áp Thấp’ chịu sát thương từ ít nhất 3 hiệu ứng DoT khác nhau trong lượt của chúng, mức giảm sát thương gây ra của ‘Áp Thấp’ tăng thêm 8% cho tới hết lượt đó. Mỗi kẻ địch chỉ kích hoạt hiệu ứng này 1 lần mỗi lượt.
NORMAL_TEXT	282791	Mốc phụ
NORMAL_TEXT	282799	Tấn Công +12%
NORMAL_TEXT	282813	Chính Xác Hiệu Ứng +18%
NORMAL_TEXT	282837	Tốc Độ +8
NORMAL_TEXT	282848	Vận Mệnh
NORMAL_TEXT	282857	VM1: Hệ số Sát Thương của ‘Phong Thực’ tăng từ 90% lên 125% Tấn Công. Khi ‘Phong Thực’ được áp dụng lên một mục tiêu đã có Sát thương duy trì, Nephele lập tức phục hồi ‘Vân Mạc’ 1 lần; mỗi mục tiêu chỉ kích hoạt phần này 1 lần trong mỗi lượt của Nephele.
NORMAL_TEXT	283112	VM2: Mỗi lần ‘Phong Thực’ được kích hoạt sẽ gây thêm 2 lần Sát Thương Thêm với hệ số bằng 90% sát thương gốc của ‘Phong Thực’
NORMAL_TEXT	283238	VM3: Cấp Chiến Kĩ +2, tối đa không vượt quá cấp 15; Cấp Tấn Công Thường +1, tối đa không vượt quá cấp 10.
NORMAL_TEXT	283344	VM4: Sát Thương DoT gây lên kẻ địch có ‘Áp Thấp’ bỏ qua 15% Phòng Thủ của mục tiêu.
NORMAL_TEXT	283428	VM5: Cấp Tuyệt Kĩ +2, tối đa không vượt quá cấp 15; Cấp Thiên Phú +2, tối đa không vượt quá cấp 15.
NORMAL_TEXT	283528	VM6: Mỗi khi Nephele áp dụng ‘Phong Thực’ lên kẻ địch ngay sau khi đồng minh nhận sát thương từ kẻ địch, lập tức kích hoạt một lần sát thương bằng 100% sát thương gốc của toàn bộ Sát thương duy trì mà kẻ địch đang phải chịu, tối đa 3 lần giữa hai lượt của Nephele
NORMAL_TEXT	283793	Tóm tắt kit
NORMAL_TEXT	283805	Nephele là Aegis Phong dùng Tấn Công làm chỉ số trung tâm cho cả Khiên lẫn DoT. Cô dựng ‘Vân Mạc’ cho toàn đội, phản ứng trước các Myrk tấn công Khiên bằng ‘Phong Thực’, rồi dùng từng lần DoT của cả đội để vá lại lớp Khiên yếu nhất. Tuyệt Kĩ mở nhịp tấn công của đội DoT bằng ‘Áp Thấp’, vừa khuếch đại Sát Thương DoT vừa giảm áp lực lên đồng minh có Khiên. Nephele phát huy tối đa trong đội nhiều nguồn DoT nhưng vẫn giữ đầy đủ chức năng bảo kê của một Aegis.
NORMAL_TEXT	284266	────────────────────────────────────────────────────────────
HEADING_1	284328	63. Nhân Vật — Týr
NORMAL_TEXT	284348	Độ hiếm: 5★ Giới Hạn
NORMAL_TEXT	284369	Aspect: Fragarach
NORMAL_TEXT	284387	Nguyên tố: Nham
NORMAL_TEXT	284403	Giới tính: Nam
NORMAL_TEXT	284418	Vũ khí: Trường kiếm khắc ước
NORMAL_TEXT	284448	Ngoại hình
NORMAL_TEXT	284459	Týr có mái tóc xám tro cắt ngắn, đôi mắt màu hổ phách và vóc dáng cao lớn phủ nhiều vết sẹo cũ. Cánh tay phải của anh kết thúc tại cổ tay, được thay bằng một bàn tay Nham đen ghép từ những phiến đá khắc lời thề; mỗi khi giao ước được lập, các ký tự vàng chạy dọc từ bàn tay giả lên vai. Anh mặc giáp chiến màu đá sẫm với một tấm áo choàng trắng đã rách ở mép. Trường kiếm bản rộng không có hộ thủ, sống kiếm khắc kín tên của những người từng được anh bảo vệ.
NORMAL_TEXT	284919	Chỉ số cơ bản
NORMAL_TEXT	284933	Cấp 1: HP 165 | Tấn Công 66 | Phòng Thủ 96 | Tốc Độ 96
NORMAL_TEXT	284988	Cấp 60: HP 1213 | Tấn Công 485 | Phòng Thủ 706 | Tốc Độ 96
NORMAL_TEXT	285047	Mức Đe Dọa: 150
NORMAL_TEXT	285064	Tấn Công Thường - Weight of the Empty Hand
NORMAL_TEXT	285107	Týr giữ trường kiếm bằng bàn tay trái, dùng bàn tay Nham khóa sống kiếm rồi đẩy một nhát chém nặng xuyên qua mục tiêu, gây Sát Thương Nham bằng 70% Phòng Thủ của Týr lên một Myrk và bào 30 Sức Bền.
NORMAL_TEXT	285305	Hồi 1 Điểm Planck và 20 Năng Lượng.
NORMAL_TEXT	285342	Chiến Kĩ - Stand Behind My Verdict
NORMAL_TEXT	285377	Týr cắm trường kiếm xuống đất trước một đồng minh khác, siết bàn tay Nham quanh lưỡi kiếm để những ký tự vàng nối hai người thành một giao ước. Tiêu hao 1 Điểm Planck, áp dụng ‘Chiến Ước’ lên mục tiêu trong 3 lượt của mục tiêu.
NORMAL_TEXT	285605	Khi đồng minh có ‘Chiến Ước’ chịu sát thương trực tiếp từ Myrk, 30% sát thương đó được chuyển sang Týr và được xử lý như sát thương trực tiếp Týr phải nhận. Trong thời gian ‘Chiến Ước’ tồn tại, Phòng Thủ của Týr tăng 25%.
NORMAL_TEXT	285827	Chỉ có thể tồn tại một đồng minh mang ‘Chiến Ước’ do Týr tạo. Chọn mục tiêu mới sẽ xóa hiệu ứng trên mục tiêu cũ.
NORMAL_TEXT	285941	Hồi 30 Năng Lượng.
NORMAL_TEXT	285961	Tuyệt Kĩ - A Kingdom Is Smaller Than Its Oath
NORMAL_TEXT	286007	Týr kéo trường kiếm khỏi mặt đất và dựng nó trước một pháp đình bằng đá đang trồi lên giữa chiến trường. Những sợi xích vàng khóa quanh chân toàn bộ Myrk; anh khép bàn tay Nham, khiến pháp đình sụp xuống thành một nhát chém bao phủ đội hình địch. Tiêu hao 140 Năng Lượng, gây Sát Thương Nham bằng 160% Phòng Thủ của Týr lên toàn bộ kẻ địch và bào 90 Sức Bền.
NORMAL_TEXT	286366	Áp dụng ‘Kẻ Bội Ước’ lên toàn bộ kẻ địch trong 2 lượt của từng mục tiêu. Sát thương kẻ địch có ‘Kẻ Bội Ước’ gây lên Týr và đồng minh có ‘Chiến Ước’ giảm 15%.
NORMAL_TEXT	286524	Sau khi một kẻ địch có ‘Kẻ Bội Ước’ hoàn tất hành động tấn công lên bất kỳ đồng minh nào, hành động đó được xem là đã đáp ứng điều kiện kích hoạt Thiên Phú của Týr.
NORMAL_TEXT	286690	Thiên Phú - No Oath Breaks Unanswered
NORMAL_TEXT	286728	Sau khi một hành động tấn công của Myrk chọn Týr hoặc đồng minh có ‘Chiến Ước’ làm mục tiêu và kết thúc, nếu kẻ tấn công còn sống, Týr lập tức thi triển Phản Kích The Price of a Broken Word lên kẻ đó.
NORMAL_TEXT	286929	Týr dùng bàn tay Nham giật đứt những sợi xích còn bám trên kẻ tấn công, kéo mục tiêu về phía mình rồi chém ngược trường kiếm từ dưới lên. The Price of a Broken Word gây Sát Thương Nham bằng 220% Phòng Thủ của Týr lên mục tiêu chính và 110% Phòng Thủ lên tối đa 2 mục tiêu lân cận, đồng thời bào 60 Sức Bền mục tiêu chính và 30 Sức Bền các mục tiêu lân cận.
NORMAL_TEXT	287286	Đòn đánh gây thêm Sát Thương Nham bằng 50% tổng lượng HP mà Týr và các đồng minh có ‘Chiến Ước’ thực sự đã mất trong hành động vừa rồi, tối đa bằng 180% Phòng Thủ của Týr.
NORMAL_TEXT	287458	No Oath Breaks Unanswered tối đa kích hoạt 2 lần giữa hai lượt thực tế liên tiếp của Týr. Một hành động nhiều hit hoặc đánh toàn đội chỉ tạo một lần Phản Kích.
NORMAL_TEXT	287619	Đột Phá
NORMAL_TEXT	287627	A1: Nếu hành động kích hoạt Phản Kích đã chọn một đồng minh có ‘Chiến Ước’ làm mục tiêu, The Price of a Broken Word bỏ qua 15% Phòng Thủ của mục tiêu chính và sát thương chuyển sang Týr từ hành động đó giảm 20%.
NORMAL_TEXT	287839	A2: Sau khi The Price of a Broken Word kết thúc, Týr hồi HP bằng 10% Phòng Thủ của anh + 120. Hiệu ứng tối đa kích hoạt 2 lần giữa hai lượt thực tế liên tiếp của Týr.
NORMAL_TEXT	288006	A3: Sau khi The Price of a Broken Word gây sát thương lên kẻ địch có ‘Kẻ Bội Ước’, Týr hồi 5 Năng Lượng. Hiệu ứng tối đa kích hoạt 2 lần giữa hai lượt thực tế liên tiếp của Týr.
NORMAL_TEXT	288185	Mốc phụ
NORMAL_TEXT	288193	Phòng Thủ +18%
NORMAL_TEXT	288208	Tỉ Lệ Chí Mạng +8%
NORMAL_TEXT	288227	Sát Thương Nham +10%
NORMAL_TEXT	288249	Vận Mệnh
NORMAL_TEXT	288258	VM1: Khi tính phần Sát Thương Nham tăng thêm của The Price of a Broken Word, ghi nhận thêm 50% tổng giá trị Khiên mà Týr và các đồng minh có ‘Chiến Ước’ đã mất trong hành động vừa rồi. Giới hạn sát thương tăng thêm vẫn được tính theo Phòng Thủ của Týr.VM2: Có thể đồng thời tồn tại tối đa 2 đồng minh mang ‘Chiến Ước’. Khi có đủ 2 đồng minh mang ‘Chiến Ước’, Phòng Thủ của Týr tăng thêm 15%.
NORMAL_TEXT	288651	VM3: Cấp Chiến Kĩ +2, tối đa không vượt quá cấp 15; Cấp Tấn Công Thường +1, tối đa không vượt quá cấp 10.
NORMAL_TEXT	288757	VM4: The Price of a Broken Word khiến mục tiêu chính giảm 15% sát thương gây ra trong 2 lượt. Hiệu ứng cùng tên không cộng dồn; kích hoạt lại chỉ làm mới thời hạn.
NORMAL_TEXT	288921	VM5: Cấp Tuyệt Kĩ +2, tối đa không vượt quá cấp 15; Cấp Thiên Phú +2, tối đa không vượt quá cấp 15.
NORMAL_TEXT	289021	VM6: Lần đầu trong mỗi lần ‘Chiến Ước’ được áp dụng, nếu đồng minh mang hiệu ứng này nhận sát thương chí tử từ hành động tấn công của Myrk, HP của họ được giữ lại ở 1. Sau khi hành động kết thúc, Týr lập tức thi triển The Price of a Broken Word; phần sát thương tăng thêm của lần Phản Kích này được tính ở giới hạn tối đa và không tiêu hao số lần kích hoạt của No Oath Breaks Unanswered.
NORMAL_TEXT	289410	Tóm tắt kit
NORMAL_TEXT	289422	Týr là Fragarach Nham dùng Phòng Thủ làm chỉ số sát thương chính và bảo vệ đồng minh bằng cách trực tiếp chia sẻ tổn thất. ‘Chiến Ước’ biến một đồng minh thành điểm kích hoạt Phản Kích, còn The Price of a Broken Word chuyển lượng HP đội hình vừa mất thành sát thương trả lại. Tuyệt Kĩ đánh dấu toàn bộ Myrk là ‘Kẻ Bội Ước’, giúp Týr can thiệp trước mọi hướng tấn công trong một khoảng thời gian mà không cần giành toàn bộ Mức Đe Dọa. Anh mở nhánh hộ vệ phản công cho Fragarach, khác với lối khiêu chiến trực diện của Lugh và đáp trả đòn diện rộng của Bellona.
NORMAL_TEXT	289983	────────────────────────────────────────────────────────────
HEADING_1	290045	64. Nhân Vật — Nezha
NORMAL_TEXT	290067	Độ hiếm: 5★ Giới Hạn
NORMAL_TEXT	290088	Aspect: Fragarach
NORMAL_TEXT	290106	Nguyên tố: Hỏa
NORMAL_TEXT	290121	Giới tính: Nữ
NORMAL_TEXT	290135	Vũ khí: Hỏa Tiêm Thương và Phong Hỏa Luân
NORMAL_TEXT	290178	Ngoại hình
NORMAL_TEXT	290189	Nezha có mái tóc đen ánh đỏ được buộc thành hai búi cao bằng dải lụa vàng, đôi mắt màu hổ phách và một vệt son hình cánh sen giữa trán. Cô mặc chiến giáp nhẹ màu đỏ son pha vàng cháy, để lộ các dải phù văn chạy dọc cánh tay và bắp chân. Hỏa Tiêm Thương có mũi nhọn tách thành ba cánh lửa, còn hai Phong Hỏa Luân lơ lửng dưới chân như những vành nhật thực đang quay ngược. Khi chuẩn bị Phản Kích, một bánh xe khóa lấy quỹ đạo của Myrk trong khi bánh còn lại đưa cô vượt lên trước đòn đánh.
NORMAL_TEXT	290679	Chỉ số cơ bản
NORMAL_TEXT	290693	Cấp 1: HP 145 | Tấn Công 95 | Phòng Thủ 66 | Tốc Độ 111
NORMAL_TEXT	290749	Cấp 60: HP 1066 | Tấn Công 698 | Phòng Thủ 485 | Tốc Độ 111
NORMAL_TEXT	290809	Mức Đe Dọa: 150
NORMAL_TEXT	290826	Tấn Công Thường - Cinder Draws the First Line
NORMAL_TEXT	290872	Nezha lướt một Phong Hỏa Luân sát mặt đất, xoay Hỏa Tiêm Thương theo quán tính rồi đâm xuyên mục tiêu trong một vệt lửa hình cánh sen, gây Sát Thương Hỏa bằng 85% Tấn Công lên một Myrk và bào 30 Sức Bền.
NORMAL_TEXT	291076	Hồi 1 Điểm Planck và 20 Năng Lượng.
NORMAL_TEXT	291113	Chiến Kĩ - Ring the Spear Before the Drum
NORMAL_TEXT	291155	Nezha đạp mạnh lên hai Phong Hỏa Luân, vòng qua phía sau mục tiêu rồi ghim một phù ấn đang cháy bằng mũi thương. Tiêu hao 1 Điểm Planck, gây Sát Thương Hỏa bằng 180% Tấn Công lên một Myrk, bào 60 Sức Bền và áp dụng ‘Khóa Luân’ trong 2 lượt của mục tiêu.
NORMAL_TEXT	291409	Chỉ có thể tồn tại một kẻ địch mang ‘Khóa Luân’ do Nezha tạo. Áp dụng lên mục tiêu mới sẽ xóa hiệu ứng trên mục tiêu cũ.
NORMAL_TEXT	291530	Hồi 30 Năng Lượng.
NORMAL_TEXT	291550	Tuyệt Kĩ - Heaven Has No Road Ahead
NORMAL_TEXT	291586	Nezha ném Hỏa Tiêm Thương lên trời, hai Phong Hỏa Luân mở rộng thành những quỹ đạo lửa giao nhau phía trên chiến trường. Cô lao qua từng giao điểm, thu hồi ngọn thương giữa không trung rồi đâm xuống, khiến một đài sen bằng hỏa quang khép kín mọi lối tiến của Myrk. Tiêu hao 130 Năng Lượng, gây Sát Thương Hỏa bằng 150% Tấn Công lên toàn bộ kẻ địch và bào 90 Sức Bền.
NORMAL_TEXT	291953	Nezha nhận ‘Liên Đài Trên Không’ trong 2 lượt. Khi hiệu ứng tồn tại, toàn bộ kẻ địch được xem là đang có ‘Khóa Luân’ khi xét điều kiện kích hoạt Thiên Phú; Red Lotus Crosses First được cường hóa, gây 260% Tấn Công lên mục tiêu chính và 130% Tấn Công lên tối đa 2 mục tiêu lân cận, bào 60 Sức Bền mục tiêu chính và 30 Sức Bền các mục tiêu lân cận.
NORMAL_TEXT	292301	Thiên Phú - A Flame Arrives Before the Wound
NORMAL_TEXT	292346	Sau khi một Myrk có ‘Khóa Luân’ bắt đầu hành động tấn công và chọn xong mục tiêu nhưng trước khi hành động gây sát thương, Nezha lập tức thi triển Phản Kích Red Lotus Crosses First lên kẻ đó.
NORMAL_TEXT	292538	Nezha đạp chéo hai Phong Hỏa Luân để bẻ gãy quỹ đạo của đối phương, xuất hiện ngay trước mặt kẻ tấn công rồi quét Hỏa Tiêm Thương thành một vòng sen đỏ. Red Lotus Crosses First gây Sát Thương Hỏa bằng 230% Tấn Công của Nezha lên mục tiêu và bào 60 Sức Bền.
NORMAL_TEXT	292795	Nếu Red Lotus Crosses First trực tiếp khiến Sức Bền của mục tiêu giảm về 0, hành động tấn công đang chuẩn bị lập tức kết thúc và không gây sát thương hoặc áp dụng hiệu ứng.
NORMAL_TEXT	292968	A Flame Arrives Before the Wound tối đa kích hoạt 2 lần giữa hai lượt thực tế liên tiếp của Nezha. Một hành động nhiều hit chỉ có thể kích hoạt một lần Phản Kích.
NORMAL_TEXT	293132	Đột Phá
NORMAL_TEXT	293140	A1: Red Lotus Crosses First tăng 20% Tỉ Lệ Chí Mạng. Nếu mục tiêu thực sự đang có ‘Khóa Luân’ do Chiến Kĩ áp dụng, Sát Thương Chí Mạng của đòn đánh tăng thêm 30%.
NORMAL_TEXT	293303	A2: Sau khi Red Lotus Crosses First khiến hành động của Myrk kết thúc sớm, Nezha hồi 8 Năng Lượng và được Ưu Tiên Hành Động 20%. Hiệu ứng tối đa kích hoạt 1 lần giữa hai lượt thực tế liên tiếp của Nezha.
NORMAL_TEXT	293507	A3: Nếu Red Lotus Crosses First không khiến hành động của Myrk kết thúc sớm, sát thương kẻ đó gây ra trong hành động đang chuẩn bị giảm 20%.
NORMAL_TEXT	293649	Mốc phụ
NORMAL_TEXT	293657	Tấn Công +12%
NORMAL_TEXT	293671	Tỉ Lệ Chí Mạng +10,4%
NORMAL_TEXT	293693	Sát Thương Hỏa +10%
NORMAL_TEXT	293714	Vận Mệnh
NORMAL_TEXT	293723	VM1: Kẻ địch có ‘Khóa Luân’ giảm 15% Kháng Hỏa. Hiệu ứng kết thúc khi ‘Khóa Luân’ bị xóa.
NORMAL_TEXT	293813	VM2: Nếu Red Lotus Crosses First không khiến hành động của Myrk kết thúc sớm, sau khi hành động đó kết thúc, Nezha thi triển Ash Returns to the Wheel lên kẻ tấn công, gây Sát Thương Hỏa bằng 100% Tấn Công và bào 30 Sức Bền. Sát thương này được tính là sát thương Phản Kích.
NORMAL_TEXT	294087	VM3: Cấp Chiến Kĩ +2, tối đa không vượt quá cấp 15; Cấp Tấn Công Thường +1, tối đa không vượt quá cấp 10.
NORMAL_TEXT	294193	VM4: Khi Red Lotus Crosses First khiến hành động của Myrk kết thúc sớm, thời hạn ‘Khóa Luân’ trên mục tiêu tăng thêm 1 lượt. Mỗi lần ‘Khóa Luân’ được áp dụng chỉ có thể tăng thời hạn theo cách này 1 lần.
NORMAL_TEXT	294397	VM5: Cấp Tuyệt Kĩ +2, tối đa không vượt quá cấp 15; Cấp Thiên Phú +2, tối đa không vượt quá cấp 15.
NORMAL_TEXT	294497	VM6: Trong mỗi lần ‘Liên Đài Trên Không’ được áp dụng, lần đầu Red Lotus Crosses First kích hoạt lên từng kẻ địch sẽ nối thêm Lotus Wheel Burns Backward trước khi hành động của Myrk tiếp tục, gây Sát Thương Hỏa bằng 180% Tấn Công của Nezha và bào 30 Sức Bền. Nếu một trong hai đòn trực tiếp khiến Sức Bền của mục tiêu giảm về 0, hành động đang chuẩn bị lập tức kết thúc.
NORMAL_TEXT	294869	Tóm tắt kit
NORMAL_TEXT	294881	Nezha là Fragarach Hỏa chuyên Phản Kích đón đầu. ‘Khóa Luân’ cho phép cô chen vào giữa thời điểm Myrk chọn mục tiêu và thời điểm đòn đánh gây sát thương; nếu Red Lotus Crosses First trực tiếp phá Sức Bền, cô hủy hoàn toàn hành động đang chuẩn bị. Tuyệt Kĩ mở ‘Liên Đài Trên Không’, tạm thời biến mọi Myrk thành mục tiêu hợp lệ và mở rộng Phản Kích sang ba mục tiêu. Khác với Bellona đáp trả đòn đa mục tiêu sau khi chúng kết thúc, Nezha tập trung bẻ gãy một hành động trước khi nó kịp xảy ra.
NORMAL_TEXT	295375	────────────────────────────────────────────────────────────
HEADING_1	295436	65. Nhân Vật — Chang’e
NORMAL_TEXT	295460	Độ hiếm: 5★ Giới Hạn
NORMAL_TEXT	295481	Aspect: Pandora
NORMAL_TEXT	295497	Nguyên tố: Quang
NORMAL_TEXT	295514	Giới tính: Nữ
NORMAL_TEXT	295528	Vũ khí: Nguyệt kính ngọc và dải lụa phi thiên
NORMAL_TEXT	295575	Ngoại hình
NORMAL_TEXT	295586	Chang’e có mái tóc đen dài chuyển dần sang bạc ở phần ngọn, đôi mắt xanh nhạt và làn da phản chiếu ánh trăng như men ngọc. Cô khoác nhiều lớp lụa trắng pha lam khói, tà áo dài trôi chậm quanh người dù chiến trường không có gió. Sau lưng cô lơ lửng một nguyệt kính hình tròn bị khuyết một mảnh; mỗi khi thi triển ma pháp, hình ảnh trong gương cử động sớm hơn Chang’e một nhịp rồi tách khỏi mặt kính thành một bóng sáng độc lập.
NORMAL_TEXT	296014	Chỉ số cơ bản
NORMAL_TEXT	296028	Cấp 1: HP 151 | Tấn Công 91 | Phòng Thủ 71 | Tốc Độ 112
NORMAL_TEXT	296084	Cấp 60: HP 1110 | Tấn Công 669 | Phòng Thủ 522 | Tốc Độ 112
NORMAL_TEXT	296144	Mức Đe Dọa: 100
NORMAL_TEXT	296161	Tấn Công Thường - Silver Dust on an Empty Sleeve
NORMAL_TEXT	296210	Chang’e phất tay áo, rắc một dải bụi bạc lên mặt nguyệt kính rồi để hình phản chiếu trong gương bắn dải sáng đó vào mục tiêu, gây Sát Thương Quang bằng 80% Tấn Công lên một Myrk và bào 30 Sức Bền.
NORMAL_TEXT	296407	Hồi 1 Điểm Planck và 20 Năng Lượng.
NORMAL_TEXT	296444	Chiến Kĩ - A Face the Moon Cannot Forget
NORMAL_TEXT	296485	Chang’e nâng nguyệt kính ngang tầm mắt; mặt gương nuốt lấy bóng của mục tiêu rồi khép quanh nó một vành trăng mỏng. Tiêu hao 1 Điểm Planck, gây Sát Thương Quang bằng 120% Tấn Công lên một Myrk, bào 60 Sức Bền và có 100% Xác Suất Cơ Bản áp dụng ‘Nguyệt Kính’ trong 2 lượt của mục tiêu.
NORMAL_TEXT	296770	Kẻ địch có ‘Nguyệt Kính’ giảm 12% Kháng Quang và tăng 20% sát thương phải nhận. Chỉ có thể tồn tại một ‘Nguyệt Kính’ do Chang’e tạo; áp dụng lên mục tiêu mới sẽ xóa hiệu ứng trên mục tiêu cũ.
NORMAL_TEXT	296962	Hồi 30 Năng Lượng.
NORMAL_TEXT	296982	Tuyệt Kĩ - Tonight, the Moon Casts Two Shadows
NORMAL_TEXT	297029	Giới hạn Năng Lượng: 130.
NORMAL_TEXT	297055	Chang’e bước xuyên qua nguyệt kính, để lại thân thể thật phía sau trong khi hình phản chiếu dang những dải lụa bạc phủ kín bầu trời. Hai bóng người khép gương từ hai phía, ép ánh trăng hội tụ thành một đường cắt qua mục tiêu.
NORMAL_TEXT	297281	Tiêu hao 130 Năng Lượng, gây Sát Thương Quang bằng 240% Tấn Công lên một Myrk, bào 90 Sức Bền, đồng thời áp dụng hoặc làm mới ‘Nguyệt Kính’ trong 2 lượt của mục tiêu. Chang’e nhận ‘Song Ảnh’ trong 2 lượt của bản thân.
NORMAL_TEXT	297499	Khi ‘Song Ảnh’ tồn tại, mỗi lần Thiên Phú được kích hoạt, sau Moon in the Second Mirror, Chang’e thi triển thêm The Reflection Blinks Again, gây Sát Thương Quang bằng 70% Tấn Công lên cùng mục tiêu và bào 20 Sức Bền. Hai đòn được tính là hai hành động riêng biệt và đều được kích hoạt trực tiếp bởi hành động ban đầu của đồng minh.
NORMAL_TEXT	297832	Thiên Phú - Every Arrow Finds Its Reflection
NORMAL_TEXT	297877	Sau khi một đồng minh khác dùng Tấn Công Thường, Chiến Kĩ hoặc Tuyệt Kĩ và toàn bộ sát thương trực tiếp của hành động đó chỉ gây lên kẻ địch có ‘Nguyệt Kính’, Chang’e lập tức thi triển Đòn Đánh Theo Sau Moon in the Second Mirror.
NORMAL_TEXT	298107	Hình phản chiếu trượt khỏi nguyệt kính, kéo một dải lụa sáng xuyên qua mục tiêu rồi tan thành những mảnh trăng vụn. Moon in the Second Mirror gây Sát Thương Quang bằng 90% Tấn Công của Chang’e lên mục tiêu và bào 20 Sức Bền.
NORMAL_TEXT	298332	Thiên Phú tối đa kích hoạt 2 lần giữa hai lượt thực tế liên tiếp của Chang’e.
NORMAL_TEXT	298411	Đột Phá
NORMAL_TEXT	298419	A1: Kẻ địch có ‘Nguyệt Kính’ giảm thêm 12% Phòng Thủ.
NORMAL_TEXT	298473	A2: Tỉ Lệ Chí Mạng của Chang’e tăng 75%
NORMAL_TEXT	298513	A3: Khi có ‘Song Ảnh’, sát thương của Moon in the Second Mirror và The Reflection Blinks Again tăng 25%.
NORMAL_TEXT	298619	Mốc phụ
NORMAL_TEXT	298627	Chính Xác Hiệu Ứng +18%
NORMAL_TEXT	298651	Tốc Độ +8
NORMAL_TEXT	298661	Sát Thương Quang +10%
NORMAL_TEXT	298684	Vận Mệnh
NORMAL_TEXT	298693	VM1: Thời hạn ‘Nguyệt Kính’ do Chiến Kĩ áp dụng tăng từ 2 lên 3 lượt. Khi Chang’e dùng Chiến Kĩ lên mục tiêu đã có ‘Nguyệt Kính’, làm mới thời hạn và hồi thêm 8 Năng Lượng; hiệu ứng hồi Năng Lượng tối đa kích hoạt 1 lần mỗi lượt của Chang’e.
NORMAL_TEXT	298935	VM2: Điều kiện của Every Arrow Finds Its Reflection được mở rộng: hành động của đồng minh có thể gây sát thương trực tiếp lên nhiều kẻ địch nếu mục tiêu có ‘Nguyệt Kính’ nhận lượng sát thương trực tiếp cao nhất trong hành động đó.
NORMAL_TEXT	299166	VM3: Cấp Chiến Kĩ +2, tối đa không vượt quá cấp 15; Cấp Tấn Công Thường +1, tối đa không vượt quá cấp 10.
NORMAL_TEXT	299272	VM4: Mỗi lần Đòn Đánh Theo Sau của Chang’e gây sát thương, mục tiêu nhận 1 tầng ‘Ảnh Vỡ’ trong 2 lượt. Mỗi tầng khiến mục tiêu tăng 6% sát thương phải nhận, tối đa 2 tầng; từng tầng có thời hạn riêng.
NORMAL_TEXT	299473	VM5: Cấp Tuyệt Kĩ +2, tối đa không vượt quá cấp 15; Cấp Thiên Phú +2, tối đa không vượt quá cấp 15.
NORMAL_TEXT	299573	VM6: Khi ‘Song Ảnh’ tồn tại, The Reflection Blinks Again được thi triển 2 lần liên tiếp thay vì 1 lần. Mỗi lần thi triển vẫn được tính là một hành động riêng biệt bắt nguồn trực tiếp từ hành động ban đầu của đồng minh.
NORMAL_TEXT	299793	Tóm tắt kit
NORMAL_TEXT	299805	Chang’e là Pandora Quang 5★ chuyên biến một hành động đơn mục tiêu của đồng minh thành nhiều hành động sát thương tách biệt. ‘Nguyệt Kính’ hạ Kháng Quang và khuếch đại sát thương , còn Every Arrow Finds Its Reflection tạo các Đòn Đánh Theo Sau có thể lần lượt kích hoạt những hiệu ứng đang chờ một hành động mới chạm vào mục tiêu.
NORMAL_TEXT	300136	Trong đội của Hou Yi, mỗi hình phản chiếu có thể tự kích hoạt một ‘Vạch Nhật’ nếu mục tiêu đã đi qua ngưỡng HP tương ứng; Tuyệt Kĩ cho phép một lần kích hoạt Thiên Phú tạo hai hành động phản chiếu liên tiếp. Ngoài đội Hou Yi, Chang’e vẫn hỗ trợ các chủ lực đơn mục tiêu có sát thương Thêm hoặc cơ chế gây sát thương sau khi đồng minh hoàn tất hành động.
NORMAL_TEXT	300491	────────────────────────────────────────────────────────
HEADING_1	300549	66. Nhân Vật — Ishtar
NORMAL_TEXT	300572	Độ hiếm: 5★ Giới Hạn
NORMAL_TEXT	300593	Aspect: Trishula
NORMAL_TEXT	300610	Nguyên tố: Lôi
NORMAL_TEXT	300625	Giới tính: Nữ
NORMAL_TEXT	300639	Vũ khí: Tinh cung tám cánh
NORMAL_TEXT	300667	Ngoại hình
NORMAL_TEXT	300678	Ishtar có mái tóc tím đen dài đến thắt lưng, phần ngọn ánh lên sắc lam điện và đôi mắt vàng như kim loại nung. Cô đội một vương miện mảnh mô phỏng ngôi sao tám cánh, khoác giáp lụa màu chàm pha vàng cổ với những phiến giáp xếp như tường thành quanh hông. Tinh cung không có dây; mỗi lần Ishtar kéo tay về sau, các đỉnh sao tách khỏi thân cung và nối thành một đường sét. Khi ‘Tinh Môn’ được thiết lập, bóng một con sư tử khổng lồ bước dọc theo quỹ đạo giữa các mục tiêu.
NORMAL_TEXT	301150	Chỉ số cơ bản
NORMAL_TEXT	301164	Cấp 1: HP 144 | Tấn Công 98 | Phòng Thủ 64 | Tốc Độ 110
NORMAL_TEXT	301220	Cấp 60: HP 1058 | Tấn Công 720 | Phòng Thủ 471 | Tốc Độ 110
NORMAL_TEXT	301280	Mức Đe Dọa: 100
NORMAL_TEXT	301297	Tấn Công Thường - A Star Above the Lion Gate
NORMAL_TEXT	301342	Ishtar kéo một đỉnh sao khỏi tinh cung, xoay nó thành mũi tên rồi bắn xuyên mục tiêu trong tiếng gầm trầm của sư tử điện, gây Sát Thương Lôi bằng 100% Tấn Công lên một Myrk và bào 30 Sức Bền.
NORMAL_TEXT	301534	Nếu mục tiêu đang có ‘Tinh Môn’, sau khi hành động kết thúc, mục tiêu đó trở thành ‘Vương Tọa’.
NORMAL_TEXT	301630	Hồi 1 Điểm Planck và 20 Năng Lượng.
NORMAL_TEXT	301667	Chiến Kĩ - The Lion Changes Its Gate
NORMAL_TEXT	301704	Ishtar mở tinh cung thành một ngôi sao tám cánh, bắn mũi tên xuyên mục tiêu chính rồi để hai nhánh sét bẻ góc sang hai phía. Tiêu hao 1 Điểm Planck, gây Sát Thương Lôi bằng 170% Tấn Công lên mục tiêu chính và 95% Tấn Công lên tối đa 2 mục tiêu lân cận; bào 60 Sức Bền mục tiêu chính và 30 Sức Bền các mục tiêu lân cận.
NORMAL_TEXT	302023	Nếu mục tiêu chính khác với kẻ địch đang là ‘Vương Tọa’ và cả hai đều có ‘Tinh Môn’, sau phần sát thương ban đầu, kích hoạt A Queen Crosses Every Gate theo quy tắc của Thiên Phú.
NORMAL_TEXT	302202	Khi hành động kết thúc, xóa các ‘Tinh Môn’ cũ rồi áp dụng ‘Tinh Môn’ trong 3 lượt lên tối đa 3 mục tiêu vừa trúng đòn; mục tiêu chính trở thành ‘Vương Tọa’.
NORMAL_TEXT	302359	Hồi 30 Năng Lượng.
NORMAL_TEXT	302379	Tuyệt Kĩ - Seven Walls Fall in One Night
NORMAL_TEXT	302420	Giới hạn Năng Lượng: 130.
NORMAL_TEXT	302446	Ishtar bước lên lưng sư tử điện, kéo tinh cung hướng thẳng lên trời. Ngôi sao tám cánh trên cao xoay ngược, khiến bảy cổng thành bằng quang ảnh lần lượt sụp xuống đội hình địch trước khi một mũi tên sét xuyên qua toàn bộ tàn tích.
NORMAL_TEXT	302677	Tiêu hao 130 Năng Lượng, gây Sát Thương Lôi bằng 260% Tấn Công lên mục tiêu chính và 150% Tấn Công lên tối đa 2 mục tiêu lân cận; bào 90 Sức Bền mục tiêu chính và 45 Sức Bền các mục tiêu lân cận.
NORMAL_TEXT	302873	Sau phần sát thương ban đầu, xóa các ‘Tinh Môn’ cũ, áp dụng ‘Tinh Môn’ trong 3 lượt lên tối đa 3 mục tiêu trúng đòn và đặt mục tiêu chính làm ‘Vương Tọa’. Sau đó thi triển A Queen Crosses Every Gate bắt đầu từ mục tiêu chính, đi qua toàn bộ kẻ địch còn lại có ‘Tinh Môn’ rồi trở về mục tiêu chính; mỗi mục tiêu trên đường đi chỉ chịu sát thương một lần.
NORMAL_TEXT	303227	Ishtar nhận ‘Nữ Vương Giữa Bảy Thành’ trong 2 lượt của bản thân. Khi hiệu ứng tồn tại, mỗi lần Chiến Kĩ kích hoạt A Queen Crosses Every Gate, đường sét lập tức đi ngược lại quỹ đạo vừa hoàn thành và gây thêm sát thương bằng 50% hệ số ban đầu; lượt quay lại không bào thêm Sức Bền.
NORMAL_TEXT	303509	Thiên Phú - No Constellation Keeps the Same Crown
NORMAL_TEXT	303559	Tối đa 3 kẻ địch có thể mang ‘Tinh Môn’ do Ishtar tạo và chỉ một trong số đó có thể là ‘Vương Tọa’. Nếu ‘Vương Tọa’ bị hạ hoặc mất ‘Tinh Môn’, trạng thái này bị xóa cho tới khi Ishtar chọn một mục tiêu hợp lệ bằng hành động tiếp theo.
NORMAL_TEXT	303794	A Queen Crosses Every Gate kéo một đường sét từ ‘Vương Tọa’, xuyên qua các mục tiêu còn lại có ‘Tinh Môn’ rồi kết thúc tại mục tiêu chính mới. Mỗi mục tiêu trên quỹ đạo chịu Sát Thương Lôi bằng 70% Tấn Công của Ishtar và bị bào 10 Sức Bền.
NORMAL_TEXT	304034	Sát thương từ A Queen Crosses Every Gate được tính là sát thương Chiến Kĩ, nằm trong cùng hành động đã kích hoạt nó và không thể tự kích hoạt lại Thiên Phú. Mỗi lần sử dụng Chiến Kĩ chỉ có thể tạo một đường đi và một đường quay lại.
NORMAL_TEXT	304268	Đột Phá
NORMAL_TEXT	304276	A1: Khi bắt đầu trận, áp dụng ‘Tinh Môn’ trong 3 lượt lên tối đa 3 kẻ địch có HP tối đa cao nhất và đặt kẻ địch có HP tối đa cao nhất trong số đó làm ‘Vương Tọa’. Nếu nhiều mục tiêu bằng nhau, ưu tiên mục tiêu gần trung tâm chiến trường hơn.
NORMAL_TEXT	304518	A2: Trên một đường đi của A Queen Crosses Every Gate, hệ số sát thương tăng thêm 15% Tấn Công sau mỗi ‘Tinh Môn’ đã đi qua. Với ba mục tiêu, hệ số lần lượt là 70%, 85% và 100% Tấn Công; đường quay lại sử dụng cùng thứ tự hệ số theo hướng ngược lại.
NORMAL_TEXT	304767	A3: Sau khi Tấn Công Thường chuyển ‘Vương Tọa’ sang một mục tiêu khác, Chiến Kĩ kế tiếp của Ishtar bỏ qua 18% Phòng Thủ của các mục tiêu trúng đòn. Hiệu ứng không cộng dồn và kết thúc sau khi Chiến Kĩ được sử dụng.
NORMAL_TEXT	304983	Mốc phụ
NORMAL_TEXT	304991	Tỉ Lệ Chí Mạng +10,4%
NORMAL_TEXT	305013	Sát Thương Chí Mạng +12%
NORMAL_TEXT	305038	Sát Thương Lôi +10%
NORMAL_TEXT	305059	Vận Mệnh
NORMAL_TEXT	305068	VM1: Hệ số cơ bản của A Queen Crosses Every Gate tăng từ 70% lên 90% Tấn Công. A2 tiếp tục cộng thêm 15% Tấn Công cho mỗi ‘Tinh Môn’ đã đi qua.
NORMAL_TEXT	305212	VM2: Thời hạn ‘Nữ Vương Giữa Bảy Thành’ tăng từ 2 lên 3 lượt và hệ số của đường quay lại tăng từ 50% lên 70% đường đi ban đầu.
NORMAL_TEXT	305339	VM3: Cấp Chiến Kĩ +2, tối đa không vượt quá cấp 15; Cấp Tấn Công Thường +1, tối đa không vượt quá cấp 10.
NORMAL_TEXT	305445	VM4: Kẻ địch trúng A Queen Crosses Every Gate giảm 12% Kháng Lôi trong 2 lượt. Hiệu ứng cùng nguồn không cộng dồn; kích hoạt lại chỉ làm mới thời gian duy trì.
NORMAL_TEXT	305605	VM5: Cấp Tuyệt Kĩ +2, tối đa không vượt quá cấp 15; Cấp Thiên Phú +2, tối đa không vượt quá cấp 15.
NORMAL_TEXT	305705	VM6: A Queen Crosses Every Gate luôn tạo một đường quay lại với hệ số bằng 50% đường đi ban đầu, kể cả khi Ishtar không có ‘Nữ Vương Giữa Bảy Thành’. Trong thời gian ‘Nữ Vương Giữa Bảy Thành’ tồn tại, hệ số của đường quay lại tăng lên 100% đường đi ban đầu.
NORMAL_TEXT	305964	Tóm tắt kit
NORMAL_TEXT	305976	Ishtar là Trishula Lôi 5★ buộc người chơi liên tục thay đổi mục tiêu chính thay vì giữ nguyên một con mồi. Chiến Kĩ thiết lập tối đa ba ‘Tinh Môn’; khi Ishtar chọn một mục tiêu khác với ‘Vương Tọa’, A Queen Crosses Every Gate chạy dọc toàn bộ nhóm kẻ địch và kết thúc tại mục tiêu mới. Tấn Công Thường cho phép đổi ‘Vương Tọa’ mà không tiêu hao Điểm Planck, tạo nhịp luân phiên linh hoạt giữa Tấn Công Thường và Chiến Kĩ.
NORMAL_TEXT	306398	Tuyệt Kĩ tái lập toàn bộ quỹ đạo và mở ‘Nữ Vương Giữa Bảy Thành’, khiến đường sét chạy ngược trở lại sau mỗi lần đổi mục tiêu. Khi chỉ còn một Myrk, Ishtar mất phần lớn sát thương từ hành trình qua các ‘Tinh Môn’, giữ cô đúng vai trò Trishula chuyên giao tranh 2–3 mục tiêu.
NORMAL_TEXT	306674	────────────────────────────────────────────────────────────
HEADING_1	306736	67. Nhân Vật — Skadi
NORMAL_TEXT	306758	Độ hiếm: 5★ Xron Giới Hạn
NORMAL_TEXT	306784	Aspect: Gungnir
NORMAL_TEXT	306800	Nguyên tố: Hàn Băng
NORMAL_TEXT	306820	Giới tính: Nữ
NORMAL_TEXT	306834	Vũ khí: Shotgun nòng đôi
NORMAL_TEXT	306860	Ngoại hình
NORMAL_TEXT	306871	Skadi có mái tóc vàng tro được tết thành một bím dày, đôi mắt xanh xám và làn da nhợt như tuyết dưới trời đông. Cô mặc áo khoác quân dụng dáng dài màu trắng ngà, cổ áo cùng cổ tay viền lông bạc, bên trong là váy chiến đấu đỏ sẫm thêu hoa văn Nga và các khóa kim loại xanh lạnh. Khẩu shotgun nòng đôi có báng gỗ bạch dương khắc cảnh rừng taiga, thân súng bọc thép đen và những đường Hàn Băng bò dọc hai nòng mỗi khi đạn được nạp. Khi Skadi áp sát con mồi, hơi thở của cô ngưng thành sương còn tuyết quanh mục tiêu bị ép phẳng bởi áp lực từ họng súng.
NORMAL_TEXT	307422	Chỉ số cơ bản
NORMAL_TEXT	307436	Cấp 1: HP 148 | Tấn Công 101 | Phòng Thủ 65 | Tốc Độ 85
NORMAL_TEXT	307492	Cấp 60: HP 1088 | Tấn Công 742 | Phòng Thủ 478 | Tốc Độ 85
NORMAL_TEXT	307551	Mức Đe Dọa: 100
NORMAL_TEXT	307568	Tấn Công Thường - One Shell Across the White Expanse
NORMAL_TEXT	307621	Skadi bẻ nòng súng, đẩy một viên đạn phủ sương trắng vào buồng rồi bắn từ khoảng cách trung bình; luồng Hàn Băng co lại thành một lỗ thủng duy nhất trên mục tiêu, gây Sát Thương Hàn Băng bằng 80% Tấn Công lên một Myrk và bào 30 Sức Bền.
NORMAL_TEXT	307858	Mục tiêu trúng đòn trở thành ‘Con Mồi Trắng’.
NORMAL_TEXT	307904	Hồi 1 Điểm Planck và 20 Năng Lượng.
NORMAL_TEXT	307941	Chiến Kĩ - No Footprints Within Range
NORMAL_TEXT	307979	Skadi trượt thấp trên mặt băng, áp sát mục tiêu rồi ghì báng súng vào vai. Tiêu hao 1 Điểm Planck, bắn đồng thời hai nòng ở cự ly gần, gây Sát Thương Hàn Băng bằng 180% Tấn Công lên một Myrk và bào 60 Sức Bền.
NORMAL_TEXT	308189	Mục tiêu được chọn trở thành ‘Con Mồi Trắng’. Hồi 30 Năng Lượng.
NORMAL_TEXT	308254	Khi Skadi có ít nhất 6 ‘Đạn Tuyết’, Chiến Kĩ tự chuyển thành Chiến Kĩ Cường Hoá White Silence at Point-Blank.
NORMAL_TEXT	308365	Chiến Kĩ Cường Hoá - White Silence at Point-Blank
NORMAL_TEXT	308415	Skadi ném toàn bộ số đạn còn lại lên không trung. Những vỏ đạn đứng yên giữa bão tuyết, lần lượt lao vào hai buồng súng đang mở; cô bước thẳng qua màn sương, đặt họng súng trước ngực con mồi rồi bóp cò, khiến không gian phía sau mục tiêu vỡ thành một hành lang băng trắng xóa.
NORMAL_TEXT	308692	Tiêu hao 1 Điểm Planck, gây Sát Thương Hàn Băng bằng 300% Tấn Công lên một Myrk và bào 60 Sức Bền. Với mỗi viên ‘Đạn Tuyết’ hiện có, gây thêm Sát Thương Hàn Băng bằng 50% Tấn Công, tối đa nhận thêm 600% Tấn Công từ hiệu ứng này.
NORMAL_TEXT	308921	Mục tiêu được chọn trở thành ‘Con Mồi Trắng’. Sau khi hành động kết thúc, tiêu hao toàn bộ ‘Đạn Tuyết’. Hồi 30 Năng Lượng.
NORMAL_TEXT	309045	Tuyệt Kĩ - The Winter Palace Fires Once
NORMAL_TEXT	309085	Giới hạn Năng Lượng: 140.
NORMAL_TEXT	309111	Skadi dựng một cung điện băng mang mái vòm và cửa sổ dát vàng phía sau chiến trường. Cô bước qua hàng cột phủ tuyết, tháo hai viên đạn trắng khỏi vương miện băng trên tay tượng đá rồi lắp vào shotgun. Khi phát súng vang lên, toàn bộ cung điện đồng loạt nứt vỡ và bị hút thành một luồng Hàn Băng xuyên qua con mồi.
NORMAL_TEXT	309425	Tiêu hao 140 Năng Lượng, gây Sát Thương Hàn Băng bằng 360% Tấn Công lên một Myrk và bào 120 Sức Bền. Mục tiêu được chọn trở thành ‘Con Mồi Trắng’.
NORMAL_TEXT	309572	Sau khi hành động kết thúc, Skadi nhận 4 ‘Đạn Tuyết’.
NORMAL_TEXT	309627	Thiên Phú - Every Blessing Loads Another Shell
NORMAL_TEXT	309674	Toàn bộ sát thương do Skadi gây ra là Sát Thương Hàn Băng. Hàn Băng vẫn được tính là nguyên tố Băng khi xét Điểm Yếu, Kháng Nguyên Tố và các hiệu ứng liên quan, nhưng không tạo hiệu ứng phá vỡ nguyên tố khi Skadi trực tiếp phá Sức Bền. Sát Thương Hàn Băng luôn bỏ qua 100% Phòng Thủ của mục tiêu.
NORMAL_TEXT	309971	Skadi sở hữu tối đa 12 ‘Đạn Tuyết’. Khi bắt đầu trận, kẻ địch có HP tối đa cao nhất trở thành ‘Con Mồi Trắng’; nếu có nhiều mục tiêu bằng nhau, ưu tiên mục tiêu gần trung tâm chiến trường hơn. Chỉ có thể tồn tại một ‘Con Mồi Trắng’; Skadi gây sát thương lên mục tiêu khác sẽ chuyển trạng thái sang mục tiêu đó.
NORMAL_TEXT	310282	Khi bắt đầu mỗi lượt thực tế của Skadi, cô nhận 1 ‘Đạn Tuyết’ cho mỗi hiệu ứng có lợi khác nhau đang tồn tại trên bản thân do đồng minh khác áp dụng và mỗi hiệu ứng bất lợi khác nhau đang tồn tại trên ‘Con Mồi Trắng’, tối đa nhận 6 viên trong một lần kiểm tra. Nhiều tầng hoặc nhiều nguồn của cùng một hiệu ứng chỉ được tính một lần; lượng đạn vượt quá giới hạn bị mất.
NORMAL_TEXT	310652	Nếu ‘Con Mồi Trắng’ rời sân, kẻ địch còn sống có HP tối đa cao nhất lập tức trở thành ‘Con Mồi Trắng’.
NORMAL_TEXT	310756	Đột Phá
NORMAL_TEXT	310764	A1: Khi bắt đầu trận, Skadi nhận 3 ‘Đạn Tuyết’.
NORMAL_TEXT	310812	A2: White Silence at Point-Blank tăng 2% Tỉ Lệ Chí Mạng với mỗi ‘Đạn Tuyết’ hiện có trước khi khai hỏa, tối đa tăng 24%.
NORMAL_TEXT	310933	A3: Sau khi Tuyệt Kĩ trao ‘Đạn Tuyết’, nếu Skadi có ít nhất 6 viên, Ưu Tiên Hành Động của cô tăng 30%.
NORMAL_TEXT	311037	Mốc phụ
NORMAL_TEXT	311045	Tỉ Lệ Chí Mạng +10,4%
NORMAL_TEXT	311067	Sát Thương Chí Mạng +16%
NORMAL_TEXT	311092	Sát Thương Băng +10%
NORMAL_TEXT	311114	Vận Mệnh
NORMAL_TEXT	311123	VM1: Sau khi White Silence at Point-Blank kết thúc, giữ lại 50% số đạn vừa tiêu haoVM2: Ngay sau khi sử dụng The Winter Palace Fires Once, Skadi được cho trao 6 ‘Đạn Tuyết’ thay vì 4 viên đồng thời ưu tiên hành động 100%
NORMAL_TEXT	311345	VM3: Cấp Chiến Kĩ +2, tối đa không vượt quá cấp 15; Cấp Tấn Công Thường +1, tối đa không vượt quá cấp 10.
NORMAL_TEXT	311451	VM4: Với mỗi hiệu ứng có lợi khác nhau đang tồn tại trên Skadi do đồng minh khác áp dụng, Sát Thương Chí Mạng của White Silence at Point-Blank tăng 8%, tối đa 32%.
NORMAL_TEXT	311615	VM5: Cấp Tuyệt Kĩ +2, tối đa không vượt quá cấp 15; Cấp Thiên Phú +2, tối đa không vượt quá cấp 15.
NORMAL_TEXT	311715	VM6:Với mỗi viên đạn hiện có, tăng tương ứng 3% Xuyên Kháng Băng và 4% Sát thương Chí Mạng với mỗi viên. Sau khi sử dụng White Silence at Point-Blank, gây thêm một lần sát thương bằng 50% sát thương gốc của White Silence at Point-Blank.
NORMAL_TEXT	311952	Tóm tắt kit
NORMAL_TEXT	311964	Skadi là Xron Gungnir Hàn Băng 5★ dồn toàn bộ sức mạnh vào một phát shotgun cự ly gần. ‘Đạn Tuyết’ được nạp dựa trên số hiệu ứng có lợi do đồng minh khác duy trì trên cô và số hiệu ứng bất lợi đang bám trên ‘Con Mồi Trắng’, khiến lựa chọn đồng đội trực tiếp quyết định tốc độ mở White Silence at Point-Blank. Sáu viên đầu tiên mở khóa Chiến Kĩ Cường Hoá, còn lượng đạn vượt ngưỡng tiếp tục nâng hệ số thay vì chỉ chờ lần khai hỏa sau.
NORMAL_TEXT	312399	The Winter Palace Fires Once vừa gây sát thương vừa nạp đạn, cho phép Skadi nối Tuyệt Kĩ vào Chiến Kĩ Cường Hoá khi đã chuẩn bị đủ hiệu ứng. Hàn Băng không tạo hiệu ứng phá vỡ nguyên tố nhưng luôn bỏ qua toàn bộ Phòng Thủ, vì vậy Skadi đặc biệt mạnh trước một Myrk có Phòng Thủ cao mà không cần biến cơ chế của cô thành một lối chơi phá Sức Bền.
NORMAL_TEXT	312746	─────────────────────────────────────────────────────────
HEADING_1	312804	68. Nhân Vật — Taranis
NORMAL_TEXT	312828	Độ hiếm: 5★ Giới Hạn
NORMAL_TEXT	312849	Aspect: Keraunos
NORMAL_TEXT	312866	Nguyên tố: Lôi
NORMAL_TEXT	312881	Giới tính: Nữ
NORMAL_TEXT	312895	Vũ khí: Bumerang dẫn điện
NORMAL_TEXT	312922	Ngoại hình
NORMAL_TEXT	312933	Taranis có mái tóc vàng bạch kim cắt ngắn, phần chân tóc nhuộm tím điện và đôi mắt xanh lục sáng như biển hiệu neon sau mưa. Cô mặc áo khoác da bất đối xứng buông khỏi một bên vai, bên trong là áo quây ngắn cùng quần chiến đấu cạp thấp, để lộ những dải hình xăm phát sáng chạy dọc eo và cánh tay. Trên da, vải và các phiến giáp mỏng phủ đầy hoạ tiết graffiti nhiều màu: tên đường, vương miện méo, tia chớp và những câu chữ bị gạch chồng lên nhau. Vũ khí của cô là một cây bumerang kim loại bản rộng, hai cánh phủ sơn huỳnh quang; mỗi lần bay qua chiến trường, nó kéo theo một nét điện cong như vừa được xịt trực tiếp lên không trung.
NORMAL_TEXT	313568	Chỉ số cơ bản
NORMAL_TEXT	313582	Cấp 1: HP 160 | Tấn Công 75 | Phòng Thủ 76 | Tốc Độ 108
NORMAL_TEXT	313638	Cấp 60: HP 1176 | Tấn Công 551 | Phòng Thủ 559 | Tốc Độ 108
NORMAL_TEXT	313698	Mức Đe Dọa: 100
HEADING_2	313715	Tấn Công Thường - Backhand Through Neon
NORMAL_TEXT	313755	Taranis xoay cây bumerang trên một ngón tay rồi quăng sượt qua mặt đất; lưỡi kim loại bật lên theo một vệt sơn điện và cắt ngang mục tiêu trước khi vòng về tay cô, gây Sát Thương Lôi bằng 70% Tấn Công lên một Myrk và bào 30 Sức Bền.
NORMAL_TEXT	313988	Hồi 1 Điểm Planck và 20 Năng Lượng.
HEADING_2	314025	Chiến Kĩ - Leave Your Mark on the Storm
NORMAL_TEXT	314065	Taranis dùng mũi giày hất cây bumerang lên, quét một đường sơn sáng qua vai đồng minh được chọn rồi ném vũ khí xuyên qua nét vẽ đó. Tiêu hao 1 Điểm Planck, chọn một đồng minh khác làm ‘Người Giữ Nét’ trong 3 lượt của mục tiêu; đồng minh có ‘Người Giữ Nét’ tăng 22% sát thương gây ra.
NORMAL_TEXT	314349	Cây bumerang sau đó đổi hướng về phía Myrk có HP tối đa cao nhất, gây Sát Thương Lôi bằng 100% Tấn Công, bào 60 Sức Bền và áp dụng ‘Sơn Dẫn Điện’ trong 3 lượt của mục tiêu. Myrk có ‘Sơn Dẫn Điện’ tăng 12% sát thương phải nhận từ Băng và Lôi.
NORMAL_TEXT	314591	Chỉ có thể tồn tại một ‘Người Giữ Nét’ và một ‘Sơn Dẫn Điện’ do Taranis tạo. Chọn đồng minh mới sẽ chuyển ‘Người Giữ Nét’; áp dụng ‘Sơn Dẫn Điện’ lên Myrk khác sẽ xóa hiệu ứng trên mục tiêu cũ.
NORMAL_TEXT	314785	Hồi 30 Năng Lượng.
HEADING_2	314805	Tuyệt Kĩ - The City Answers in Thunder
NORMAL_TEXT	314844	Giới hạn Năng Lượng: 150.
NORMAL_TEXT	314870	Taranis ném bumerang thẳng lên trời rồi kéo khóa áo xuống, để toàn bộ hình xăm trên cơ thể bừng sáng. Những nét graffiti khổng lồ phủ kín chiến trường và khép thành một bánh xe sấm; bumerang lao qua tâm bánh xe, phân thành nhiều quỹ đạo điện rồi đồng loạt bổ xuống, gây Sát Thương Lôi bằng 120% Tấn Công lên toàn bộ Myrk và bào 90 Sức Bền.
NORMAL_TEXT	315210	Toàn bộ đồng minh nhận ‘Tường Sét’ trong 2 lượt của từng mục tiêu. ‘Tường Sét’ tăng 18% Tấn Công; nếu mục tiêu thuộc nguyên tố Băng hoặc Lôi, mục tiêu đồng thời tăng 15% Xuyên Kháng Nguyên Tố tương ứng.
HEADING_2	315414	Thiên Phú - Every Return Finds Another Hand
NORMAL_TEXT	315458	Khi bắt đầu trận, nếu toàn bộ Veyr trong đội hình đều thuộc nguyên tố Băng, Hàn Băng hoặc Lôi, Taranis tạo ‘Đường Vòng’ tồn tại đến hết trận.
NORMAL_TEXT	315600	Khi có ‘Đường Vòng’, sau khi một đồng minh Lôi hoàn tất một hành động gây sát thương, toàn bộ đồng minh Băng và Hàn Băng nhận ‘Lam Điện’ đến khi lượt thực tế kế tiếp của từng mục tiêu kết thúc. ‘Lam Điện’ tăng 24% Sát Thương Chí Mạng.
NORMAL_TEXT	315835	Sau khi một đồng minh Băng hoàn tất một hành động gây sát thương, toàn bộ đồng minh Lôi nhận ‘Bạch Dẫn’ đến khi lượt thực tế kế tiếp của từng mục tiêu kết thúc. ‘Bạch Dẫn’ tăng 18% sát thương gây ra.
NORMAL_TEXT	316035	Mỗi nhánh của Every Return Finds Another Hand chỉ có thể kích hoạt một lần trong cùng một hành động. ‘Lam Điện’ và ‘Bạch Dẫn’ không cộng dồn; áp dụng lại chỉ làm mới thời gian hiệu lực.
HEADING_2	316222	Đột Phá
NORMAL_TEXT	316230	A1: Khi ‘Đường Vòng’ được tạo, toàn bộ đồng minh Băng nhận ‘Lam Điện’, còn toàn bộ đồng minh Lôi nhận ‘Bạch Dẫn’ đến khi lượt thực tế đầu tiên của từng mục tiêu kết thúc.
NORMAL_TEXT	316401	A2: Khi đồng minh có ‘Người Giữ Nét’ nhận ‘Lam Điện’ hoặc ‘Bạch Dẫn’, mục tiêu hồi 6 Năng Lượng. Hiệu ứng tối đa kích hoạt 1 lần giữa hai lượt thực tế liên tiếp của Taranis.
NORMAL_TEXT	316575	A3: Khi ‘Đường Vòng’ tồn tại, Tấn Công Thường của Taranis áp dụng hoặc làm mới ‘Sơn Dẫn Điện’ trên mục tiêu trúng đòn trong 2 lượt.
NORMAL_TEXT	316708	Mốc phụ
NORMAL_TEXT	316716	Tốc Độ +8
NORMAL_TEXT	316726	HP +12%
NORMAL_TEXT	316734	Hồi Năng Lượng +10%
NORMAL_TEXT	316755	Vận Mệnh
NORMAL_TEXT	316764	VM1: Khi ‘Đường Vòng’ tồn tại, sau khi một đồng minh hoàn tất một lượt thực tế có gây sát thương, Myrk có HP hiện tại cao nhất  chịu một lượng Sát Thương Chuẩn bằng 30% tổng sát thương thực tế mà chính mục tiêu vừa rồi phải nhận trong lượt. Hiệu ứng tối đa kích hoạt 1 lần trong mỗi lượt thực tế của đồng minh.VM2: Khi A2 hồi Năng Lượng cho đồng minh có ‘Người Giữ Nét’, mục tiêu đồng thời được Ưu Tiên Hành Động 15%.
NORMAL_TEXT	317183	VM3: Cấp Chiến Kĩ +2, tối đa không vượt quá cấp 15; Cấp Tấn Công Thường +1, tối đa không vượt quá cấp 10.
NORMAL_TEXT	317289	VM4: Tăng 40% Sát Thương Chí Mạng nguyên tố Băng và Lôi cho đồng minh
NORMAL_TEXT	317359	VM5: Cấp Tuyệt Kĩ +2, tối đa không vượt quá cấp 15; Cấp Thiên Phú +2, tối đa không vượt quá cấp 15.
NORMAL_TEXT	317459	VM6: Mỗi khi ‘Lam Điện’ hoặc ‘Bạch Dẫn’ được áp dụng, đồng minh có ‘Người Giữ Nét’ đồng thời nhận hiệu ứng còn lại với cùng thời gian. Hiệu ứng nhận theo cách này cung cấp đầy đủ thuộc tính dù nguyên tố của mục tiêu không tương ứng; mỗi hành động chỉ có thể áp dụng thêm từng hiệu ứng một lần.
NORMAL_TEXT	317754	Tóm tắt kit
NORMAL_TEXT	317766	Taranis là Keraunos Lôi 5★ giới hạn dành cho đội hình chỉ sử dụng Veyr Băng, Hàn Băng và Lôi. Leave Your Mark on the Storm vừa chọn một chủ lực làm ‘Người Giữ Nét’, vừa đặt ‘Sơn Dẫn Điện’ lên con mồi để tạo hai hiệu ứng phục vụ trực tiếp quá trình nạp ‘Đạn Tuyết’ của Skadi.
NORMAL_TEXT	318041	‘Đường Vòng’ biến hành động của đồng minh Lôi thành ‘Lam Điện’ cho Skadi và Seraphine, còn hành động của đồng minh Băng hoặc Hàn Băng trao ‘Bạch Dẫn’ cho Veylen cùng Taranis. Nhờ vậy, Đòn Đánh Theo Sau của Seraphine liên tục duy trì buff cho Veylen, trong khi các hành động của Veylen và Taranis chuẩn bị lượt bắn kế tiếp của Skadi. Taranis không tạo Điểm Planck ngoài quy tắc của Tấn Công Thường; sau lần thiết lập đầu tiên, cô ưu tiên dùng Tấn Công Thường để duy trì ‘Sơn Dẫn Điện’ và dành tài nguyên cho ba nguồn sát thương của đội.
NORMAL_TEXT	318578	────────────────────────────────────────────────────────────
HEADING_1	318639	69. Nhân Vật — Dian Mu
NORMAL_TEXT	318663	Độ hiếm: 5★ Giới Hạn
NORMAL_TEXT	318684	Aspect: Aegis
NORMAL_TEXT	318698	Nguyên tố: Lôi
NORMAL_TEXT	318713	Giới tính: Nữ
NORMAL_TEXT	318727	Vũ khí: Lôi quyền trượng
NORMAL_TEXT	318753	Ngoại hình
NORMAL_TEXT	318764	Dian Mu có mái tóc đen dài ánh lam, được giữ cao bằng một vành kim loại hình tia chớp; mỗi khi cô mở mắt, đồng tử vàng lóe lên như bầu trời vừa bị xé đôi. Cô khoác trường y màu trắng bạc phủ ngoài giáp lụa tím sẫm, hai tay mang những vòng đồng khắc phù văn cổ. Lôi quyền trượng cao quá đầu người, thân trượng chia thành nhiều đốt kim loại có thể xoay lệch khỏi nhau; trên đỉnh là một khung tròn giữ viên ngọc sét lơ lửng. Khi Dian Mu dựng Khiên, ánh chớp từ viên ngọc trải thành những mặt gương mỏng quanh đồng minh, phản chiếu bóng kẻ tấn công chậm hơn thực tại một nhịp.
NORMAL_TEXT	319338	Chỉ số cơ bản
NORMAL_TEXT	319352	Cấp 1: HP 172 | Tấn Công 66 | Phòng Thủ 84 | Tốc Độ 104
NORMAL_TEXT	319408	Cấp 60: HP 1475 | Tấn Công 485 | Phòng Thủ 618 | Tốc Độ 104
NORMAL_TEXT	319468	Mức Đe Dọa: 130
HEADING_2	319485	Tấn Công Thường - A Flash Across Closed Eyes
NORMAL_TEXT	319530	Dian Mu xoay một đốt của quyền trượng rồi gõ đầu trượng xuống đất; một vệt chớp phản chiếu qua ba mặt gương trước khi hội tụ vào mục tiêu, gây Sát Thương Lôi bằng 70% Tấn Công lên một Myrk và bào 30 Sức Bền.
NORMAL_TEXT	319738	Có 100% Xác Suất Cơ Bản áp dụng ‘Điện Trệ’ trong 2 lượt. Myrk có ‘Điện Trệ’ giảm 8 Tốc Độ; hiệu ứng cùng tên không cộng dồn.
NORMAL_TEXT	319863	Hồi 1 Điểm Planck và 20 Năng Lượng.
HEADING_2	319900	Chiến Kĩ - Let No Thunder Reach Them
NORMAL_TEXT	319937	Dian Mu dựng lôi quyền trượng trước người, khiến các đốt kim loại mở thành một vòng dẫn điện. Tiêu hao 1 Điểm Planck và tạo ‘Lôi Kính’ cho toàn bộ đồng minh trong 3 lượt của từng mục tiêu. ‘Lôi Kính’ hấp thụ sát thương bằng 18% HP tối đa của Dian Mu + 320.
NORMAL_TEXT	320194	Lần đầu mỗi đồng minh có ‘Lôi Kính’ bị một hành động tấn công của Myrk chọn làm mục tiêu, sau khi hành động kết thúc, Dian Mu có 100% Xác Suất Cơ Bản áp dụng ‘Điện Trệ’ lên Myrk đã tấn công trong 2 lượt. Giới hạn này được theo dõi riêng cho từng đồng minh trong mỗi lần ‘Lôi Kính’ được tạo; một hành động nhiều hit chỉ có thể kích hoạt một lần trên mỗi đồng minh.
NORMAL_TEXT	320558	Hồi 30 Năng Lượng.
HEADING_2	320578	Tuyệt Kĩ - The Sky Lowers Its Brightest Mirror
NORMAL_TEXT	320625	Giới hạn Năng Lượng: 150.
NORMAL_TEXT	320651	Dian Mu nâng lôi quyền trượng lên cao, kéo cả bầu trời xuống thành một mặt gương đen khổng lồ. Tia chớp đầu tiên soi rõ mọi kẻ địch; tia thứ hai phản ngược xuống đội hình đồng minh và hàn kín những vết nứt trên Khiên.
NORMAL_TEXT	320869	Khôi phục toàn bộ ‘Lôi Kính’ đang tồn tại về giá trị ban đầu của lần tạo gần nhất và kéo dài thời gian còn lại thêm 1 lượt, nhưng không vượt quá 3 lượt. Đồng minh chưa có ‘Lôi Kính’ nhận Khiên bằng 70% giá trị Chiến Kĩ trong 2 lượt.
NORMAL_TEXT	321102	Đồng thời, có 100% Xác Suất Cơ Bản áp dụng ‘Trời Nén’ lên toàn bộ Myrk trong 2 lượt. Myrk có ‘Trời Nén’ giảm 20% Tốc Độ; hiệu ứng cùng tên không cộng dồn.
HEADING_2	321258	Thiên Phú - Where Frost and Thunder Become One
NORMAL_TEXT	321305	Khi bắt đầu trận, nếu toàn bộ Veyr trong đội hình đều thuộc nguyên tố Băng hoặc Lôi, toàn bộ Sát Thương Băng và Lôi do phe ta gây ra được chuyển thành Sát Thương ‘Siêu Dẫn’, điều này không áp dụng với Sát Thương Hàn Băng.
NORMAL_TEXT	321527	Sát Thương ‘Siêu Dẫn’ giữ nguyên người gây sát thương, chỉ số, hệ số, phạm vi mục tiêu, loại hành động, khả năng Chí Mạng và các đặc tính riêng của nguồn ban đầu. Lượng bào Sức Bền và hiệu ứng phá vỡ vẫn được xử lý theo nguyên tố gốc của hành động; một đòn ‘Siêu Dẫn’ không được tính thành hai lần gây sát thương.
NORMAL_TEXT	321841	Khi tính sát thương, ‘Siêu Dẫn’ nhận đồng thời mọi nguồn tăng Sát Thương Băng và Sát Thương Lôi, cũng như mọi hiệu ứng giảm hoặc Xuyên Kháng Băng và Lôi đang áp dụng. Hiệu ứng tăng Sát Thương Nguyên Tố chung chỉ được tính một lần; cùng một hiệu ứng không thể áp dụng hai lần chỉ vì ‘Siêu Dẫn’ được tính là cả Băng và Lôi.
NORMAL_TEXT	322163	Với mỗi 100 HP tối đa của Dian Mu, Sát Thương ‘Siêu Dẫn’ của toàn đội tăng thêm 0,6%, tối đa 30%.
HEADING_2	322262	Đột Phá
NORMAL_TEXT	322270	A1: Khi bắt đầu trận, toàn bộ đồng minh nhận ‘Lôi Kính’ bằng 60% giá trị Chiến Kĩ trong 2 lượt.
NORMAL_TEXT	322366	A2: Đồng minh đang có ‘Lôi Kính’ tăng 20% Kháng Hiệu Ứng.
NORMAL_TEXT	322424	A3: Myrk đang có hiệu ứng giảm Tốc Độ do Dian Mu áp dụng giảm 12% sát thương gây ra.
NORMAL_TEXT	322510	Mốc phụ
NORMAL_TEXT	322518	HP +25%
NORMAL_TEXT	322526	Tốc Độ +5
NORMAL_TEXT	322536	Hồi Năng Lượng +10%
NORMAL_TEXT	322557	Vận Mệnh
NORMAL_TEXT	322566	VM1: Mỗi 100 HP tối đa của Dian Mu tăng Sát Thương ‘Siêu Dẫn’ thêm 0,8% thay vì 0,6%; giới hạn tăng từ 30% lên 40%.
NORMAL_TEXT	322682	VM2: Sát thương ‘Siêu Dẫn’ của toàn đội xuyên qua 30% Phòng Thủ của kẻ địch.VM3: Cấp Chiến Kĩ +2, tối đa không vượt quá cấp 15; Cấp Tấn Công Thường +1, tối đa không vượt quá cấp 10.
NORMAL_TEXT	322865	VM4: ‘Trời Nén’ giảm 30% Tốc Độ thay vì 20% và Trì Hoãn Hành Động của toàn bộ Myrk 15% khi được áp dụng.
NORMAL_TEXT	322970	VM5: Cấp Tuyệt Kĩ +2, tối đa không vượt quá cấp 15; Cấp Thiên Phú +2, tối đa không vượt quá cấp 15.
NORMAL_TEXT	323070	VM6: Với mỗi 10 HP tối đa của Dian Mu, toàn bộ đồng minh tăng 0,01% Sát Thương Băng và 0,01% Sát Thương Lôi. Sát Thương ‘Siêu Dẫn’ nhận đầy đủ cả hai giá trị này.
NORMAL_TEXT	323234	Tóm tắt kit
NORMAL_TEXT	323246	Dian Mu là Aegis Lôi 5★ giới hạn hoàn thiện đội hình Băng–Lôi bằng cách hợp nhất toàn bộ sát thương của đội thành ‘Siêu Dẫn’. Dạng sát thương này giữ nguyên cơ chế, hệ số và nguồn ban đầu nhưng đồng thời khai thác các nguồn tăng sát thương cùng giảm Kháng của cả Băng lẫn Lôi; HP tối đa của Dian Mu tiếp tục nâng trần sát thương chung.
NORMAL_TEXT	323582	Let No Thunder Reach Them tạo ‘Lôi Kính’ cho toàn đội và khiến kẻ tấn công bị ‘Điện Trệ’. The Sky Lowers Its Brightest Mirror không gây sát thương mà khôi phục hệ thống Khiên, duy trì thời hạn bảo hộ và phủ ‘Trời Nén’ để làm chậm toàn bộ Myrk. Dian Mu vì vậy vừa là sustain cuối của đội Skadi–Veylen–Seraphine–Taranis, vừa biến mọi buff Băng hoặc Lôi trong đội thành giá trị chung mà không tạo thêm Điểm Planck.
NORMAL_TEXT	323995	────────────────────────────────────────────────────────────
HEADING_1	324056	70. Nhân Vật — Marek
NORMAL_TEXT	324078	Độ hiếm: 4★
NORMAL_TEXT	324090	Aspect: Vajra
NORMAL_TEXT	324104	Nguyên tố: Thủy
NORMAL_TEXT	324120	Giới tính: Nam
NORMAL_TEXT	324135	Vũ khí: Búa đóng cọc thủy áp
NORMAL_TEXT	324165	Ngoại hình
NORMAL_TEXT	324176	Marek có vóc người rắn chắc, làn da rám nắng và mái tóc xanh đen cắt ngắn, luôn còn vệt muối trắng ở phần chân tóc. Anh mặc áo khoác chống nước màu xám chì, bên dưới là bộ đồ lao động ôm sát với những khóa đồng và ống dẫn áp suất chạy dọc cánh tay. Vũ khí của Marek là một cây búa đóng cọc dài gần bằng người, đầu búa chứa piston cùng khoang nước nén; mỗi lần anh siết cò trên cán, các vòng van mở nối tiếp và phóng một luồng nước mảnh qua điểm va chạm như lưỡi cắt. Khi lượng bào Sức Bền bị truyền sang mục tiêu khác, những đường ống trong suốt trên búa sáng lên rồi dội áp lực qua mặt đất thành các vết rạn màu lam.
NORMAL_TEXT	324795	Chỉ số cơ bản
NORMAL_TEXT	324809	Cấp 1: HP 142 | Tấn Công 76 | Phòng Thủ 73 | Tốc Độ 106
NORMAL_TEXT	324865	Cấp 60: HP 1044 | Tấn Công 559 | Phòng Thủ 537 | Tốc Độ 106
NORMAL_TEXT	324925	Mức Đe Dọa: 100
HEADING_2	324942	Tấn Công Thường - Sound the Depth Gauge
NORMAL_TEXT	324982	Marek nhấc đầu búa khỏi mặt đất, xoay van trên cán rồi thúc piston vào mục tiêu; nước nén bật khỏi khe búa thành một vòng sóng ngắn, gây Sát Thương Thủy bằng 70% Tấn Công lên một Myrk và bào 30 Sức Bền.
NORMAL_TEXT	325185	Hồi 1 Điểm Planck và 20 Năng Lượng.
HEADING_2	325222	Chiến Kĩ - Set the Failure Line
NORMAL_TEXT	325254	Marek cắm mũi búa xuống nền chiến trường rồi mở van chính. Tiêu hao 1 Điểm Planck, một đường nước nén chạy dưới chân mục tiêu và nổ dọc theo kết cấu yếu nhất, gây Sát Thương Thủy bằng 100% Tấn Công lên một Myrk, bào 60 Sức Bền và áp dụng ‘Mối Nối Yếu’ trong 3 lượt.
NORMAL_TEXT	325520	Chỉ có thể tồn tại một ‘Mối Nối Yếu’ do Marek áp dụng. Chọn mục tiêu mới sẽ xóa hiệu ứng trên mục tiêu cũ.
NORMAL_TEXT	325627	Hồi 30 Năng Lượng.
HEADING_2	325647	Tuyệt Kĩ - Open Every Floodgate
NORMAL_TEXT	325679	Giới hạn Năng Lượng: 130.
NORMAL_TEXT	325705	Marek khóa búa xuống đất bằng cả hai chân, kéo toàn bộ các cần van về phía mình rồi giải phóng khoang áp suất. Một bức tường nước dựng lên phía sau đội hình Myrk, gập xuống như cửa xả lũ và ép mọi mục tiêu vào những vòng piston khổng lồ dưới mặt đất.
NORMAL_TEXT	325956	Tiêu hao 130 Năng Lượng, gây Sát Thương Thủy bằng 110% Tấn Công lên toàn bộ Myrk và bào 120 Sức Bền.
NORMAL_TEXT	326057	Sau đó áp dụng ‘Van Khóa’ lên toàn bộ Myrk trong 2 lượt. Lần kế tiếp một Myrk có ‘Van Khóa’ phục hồi Sức Bền, lượng Sức Bền được phục hồi chỉ bằng 70% giá trị ban đầu, sau đó ‘Van Khóa’ trên mục tiêu đó bị xóa. Nếu không kích hoạt trong thời gian hiệu lực, ‘Van Khóa’ tự kết thúc.
HEADING_2	326339	Thiên Phú - Pressure Seeks the Weakest Joint
NORMAL_TEXT	326384	Khi hành động gây sát thương của một đồng minh có thể bào Sức Bền mục tiêu mang ‘Mối Nối Yếu’, hit đầu tiên của hành động đó đánh trúng mục tiêu sẽ bào thêm 10 Sức Bền. Phần bào thêm giữ nguyên nguyên tố của hit, có thể trực tiếp phá vỡ Sức Bền và chỉ được áp dụng một lần trong mỗi hành động.
NORMAL_TEXT	326678	Khi một Veyr phá vỡ Sức Bền của mục tiêu có ‘Mối Nối Yếu’, ghi nhận phần Sức Bền bị bào vượt quá lượng Sức Bền còn lại của mục tiêu ngay trước hit phá vỡ. Sau khi hiệu ứng phá vỡ trên mục tiêu chính được xử lý, tối đa 2 Myrk còn sống lân cận lần lượt bị bào Sức Bền bằng 60% lượng dư đã ghi nhận, tối đa 30 Sức Bền trên mỗi mục tiêu.
NORMAL_TEXT	327012	Lượng bào Sức Bền được truyền giữ nguyên nguyên tố của Veyr phá vỡ và có thể phá vỡ Sức Bền mục tiêu phụ. Hiệu ứng này không thể tiếp tục truyền lượng bào dư, không kích hoạt phần bào thêm của ‘Mối Nối Yếu’ và tối đa kích hoạt một lần trong mỗi hành động.
HEADING_2	327269	Đột Phá
NORMAL_TEXT	327277	A1: Khi bắt đầu trận, Marek áp dụng ‘Mối Nối Yếu’ trong 2 lượt lên Myrk có Sức Bền tối đa cao nhất; nếu có nhiều mục tiêu bằng nhau, ưu tiên mục tiêu gần trung tâm chiến trường hơn.
NORMAL_TEXT	327459	A2: Giới hạn lượng Sức Bền bị bào trên mỗi mục tiêu bởi phần truyền của Thiên Phú tăng từ 30 lên 40.
NORMAL_TEXT	327560	A3: Veyr phá vỡ Sức Bền của mục tiêu có ‘Mối Nối Yếu’ nhận ‘Dội Áp’ trong 2 lượt. ‘Dội Áp’ tăng 24% Diệt Phá; hiệu ứng cùng tên không cộng dồn.
NORMAL_TEXT	327705	Mốc phụ
NORMAL_TEXT	327713	Diệt Phá +18%
NORMAL_TEXT	327727	Tốc Độ +8
NORMAL_TEXT	327737	HP +12%
NORMAL_TEXT	327746	Vận Mệnh
NORMAL_TEXT	327755	VM1: Phần bào Sức Bền thêm của ‘Mối Nối Yếu’ tăng từ 10 lên 15. Khi mục tiêu có ‘Mối Nối Yếu’ rời chiến trường, hiệu ứng được chuyển sang Myrk còn sống có Sức Bền hiện tại cao nhất trong 2 lượt.
NORMAL_TEXT	327950	VM2: ‘Van Khóa’ khiến mục tiêu chỉ phục hồi 50% Sức Bền thay vì 70%.
NORMAL_TEXT	328019	VM3: Cấp Chiến Kĩ +2, tối đa không vượt quá cấp 15; Cấp Tấn Công Thường +1, tối đa không vượt quá cấp 10.
NORMAL_TEXT	328125	VM4: Khi Thiên Phú truyền lượng bào Sức Bền, hiệu ứng tác động lên toàn bộ Myrk còn sống khác thay vì tối đa 2 mục tiêu lân cận. Mỗi mục tiêu nhận 60% lượng dư đã ghi nhận và vẫn chịu giới hạn riêng.
NORMAL_TEXT	328325	VM5: Cấp Tuyệt Kĩ +2, tối đa không vượt quá cấp 15; Cấp Thiên Phú +2, tối đa không vượt quá cấp 15.
NORMAL_TEXT	328425	VM6: Khi lượng bào Sức Bền được truyền trực tiếp phá vỡ ít nhất một mục tiêu phụ, Veyr đã phá vỡ mục tiêu chính hồi 20 Năng Lượng và được Ưu Tiên Hành Động 30%. Hiệu ứng tối đa kích hoạt một lần trong mỗi hành động.
NORMAL_TEXT	328642	Tóm tắt kit
NORMAL_TEXT	328654	Marek là Vajra Thủy 4★ thiên về hỗ trợ quá trình phá Sức Bền. ‘Mối Nối Yếu’ giúp từng hành động của đồng minh bào sâu hơn vào một mục tiêu trọng điểm, còn Pressure Seeks the Weakest Joint tận dụng lượng bào dư của hit phá vỡ để lan áp lực sang các Myrk khác mà không thay đổi nguyên tố của người phá vỡ.
NORMAL_TEXT	328958	Open Every Floodgate bào Sức Bền toàn sân và đặt ‘Van Khóa’, khiến lần phục hồi Sức Bền tiếp theo của Myrk không thể đưa thanh Sức Bền trở lại đầy đủ. Marek không tạo thêm Điểm Planck ngoài quy tắc của Tấn Công Thường và không cạnh tranh vai trò gây sát thương với các Vajra chủ lực.
NORMAL_TEXT	329243	────────────────────────────────────────────────────────────
HEADING_1	329304	71. Nhân Vật — Marduk
NORMAL_TEXT	329327	Độ hiếm: 5★ Giới Hạn
NORMAL_TEXT	329348	Aspect: Trishula
NORMAL_TEXT	329365	Nguyên tố: Vật Lý
NORMAL_TEXT	329383	Giới tính: Nam
NORMAL_TEXT	329398	Vũ khí: Đôi găng tay đấu tập
NORMAL_TEXT	329428	Ngoại hình
NORMAL_TEXT	329439	Marduk có thân hình cao gọn của một võ sĩ hạng trung, mái tóc đen cắt sát hai bên và một vết rạch mảnh chạy qua lông mày trái. Anh mặc áo hoodie không tay màu than bên ngoài áo tập bó sát, quần boxing rộng đến đầu gối và giày cổ cao với các đường phản quang trắng. Hai bàn tay được quấn băng đỏ sẫm rồi phủ bằng đôi găng đấu tập màu kem đã xước nhiều lớp da; dưới lớp đệm mềm là những phiến kim loại động năng có thể trượt theo khớp ngón tay. Khi Marduk tăng lực, các đường chỉ trên găng co chặt như thước đo, còn cú đấm cuối tạo ra một vành áp lực méo không khí thay vì hiệu ứng thần thoại.
NORMAL_TEXT	330032	Chỉ số cơ bản
NORMAL_TEXT	330046	Cấp 1: HP 152 | Tấn Công 100 | Phòng Thủ 66 | Tốc Độ 103
NORMAL_TEXT	330103	Cấp 60: HP 1118 | Tấn Công 735 | Phòng Thủ 485 | Tốc Độ 103
NORMAL_TEXT	330163	Mức Đe Dọa: 100
HEADING_2	330180	Tấn Công Thường - Touch Gloves, Then Step In
NORMAL_TEXT	330225	Marduk đưa nắm tay ra chạm nhẹ vào mục tiêu như bắt đầu một hiệp tập, lập tức hạ trọng tâm rồi tung cú thẳng vào giữa thân. Gây Sát Thương Vật Lý bằng 80% Tấn Công lên một Myrk và bào 30 Sức Bền.
NORMAL_TEXT	330421	Hồi 1 Điểm Planck và 20 Năng Lượng.
NORMAL_TEXT	330457	Khi Marduk đang có ‘Hiệp Đấu’, Tấn Công Thường được thay thế bằng The Guard Opens Once.
HEADING_2	330546	Chiến Kĩ - Three Minutes Without a Bell
NORMAL_TEXT	330586	Marduk áp hai găng vào nhau, bước chéo qua đòn tưởng tượng rồi tung một cú móc ngắn khiến áp lực va chạm bật sang hai phía. Tiêu hao 1 Điểm Planck, gây Sát Thương Vật Lý bằng 120% Tấn Công lên mục tiêu chính và 60% Tấn Công lên tối đa 2 mục tiêu lân cận; bào 60 Sức Bền mục tiêu chính và 30 Sức Bền các mục tiêu lân cận.
NORMAL_TEXT	330907	Sau khi hành động kết thúc, Marduk nhận ‘Hiệp Đấu’ trong 3 lượt. Khi có ‘Hiệp Đấu’, Tấn Công tăng 30%; hiệu ứng cùng tên không cộng dồn, áp dụng lại sẽ làm mới thời gian hiệu lực.
NORMAL_TEXT	331087	Hồi 30 Năng Lượng.
HEADING_2	331107	Tuyệt Kĩ - No Tenth Count Tonight
NORMAL_TEXT	331141	Giới hạn Năng Lượng: 140.
NORMAL_TEXT	331167	Marduk tháo khóa cổ tay của hai găng, để các phiến động năng trượt tự do dọc theo cánh tay. Anh bước xuyên giữa ba mục tiêu bằng một chuỗi né ngắn, dồn mọi chuyển động vào cú uppercut cuối cùng; mặt sàn võ đài tưởng tượng bật dựng sau lưng đối phương như bị chính lực va chạm nhấc lên.
NORMAL_TEXT	331453	Tiêu hao 140 Năng Lượng, gây Sát Thương Vật Lý bằng 240% Tấn Công lên mục tiêu chính và 120% Tấn Công lên tối đa 2 mục tiêu lân cận; bào 90 Sức Bền mục tiêu chính và 45 Sức Bền các mục tiêu lân cận.
NORMAL_TEXT	331652	Sau khi hành động kết thúc, áp dụng hoặc làm mới ‘Hiệp Đấu’ trong 3 lượt và Ưu Tiên Hành Động của Marduk tăng 100%.
HEADING_2	331769	Thiên Phú - Every Ounce Arrives Together
NORMAL_TEXT	331810	Khi Marduk thi triển The Guard Opens Once, ghi nhận Tấn Công hiện tại của anh tại thời điểm hành động bắt đầu và sử dụng giá trị đó cho toàn bộ hành động.
NORMAL_TEXT	331965	The Guard Opens Once khiến Marduk dùng vai đỡ cú phản công tưởng tượng, tung hai cú jab ép mục tiêu lùi về phía các Myrk lân cận rồi xoay hông đánh cú thẳng cuối xuyên qua hàng phòng thủ. Hệ số sát thương lên mục tiêu chính bằng 120% Tấn Công, đồng thời tăng thêm 4% Tấn Công với mỗi 100 điểm Tấn Công đã ghi nhận, tối đa tăng thêm 160% Tấn Công. Hệ số sát thương lên mỗi mục tiêu lân cận bằng 50% hệ số cuối cùng của mục tiêu chính.
NORMAL_TEXT	332399	Đòn đánh bào 60 Sức Bền mục tiêu chính và 30 Sức Bền các mục tiêu lân cận, được tính là Tấn Công Thường Cường Hoá, hồi 1 Điểm Planck và 20 Năng Lượng.
HEADING_2	332551	Đột Phá
NORMAL_TEXT	332559	A1: Marduk tăng tương ứng 5 Tấn Công với mỗi điểm Tốc Độ
NORMAL_TEXT	332616	A2: Hệ số sát thương của The Guard Opens Once lên các mục tiêu lân cận tăng từ 50% lên 60% hệ số cuối cùng của mục tiêu chính.
NORMAL_TEXT	332743	A3: Khi The Guard Opens Once gây sát thương lên mục tiêu có ‘Chảy Máu’, mỗi 100 điểm Tấn Công đã ghi nhận tăng thêm 5% Tấn Công vào hệ số thay vì 4%, đồng thời giới hạn phần hệ số tăng thêm được nâng từ 160% lên 200%.
NORMAL_TEXT	332962	Mốc phụ
NORMAL_TEXT	332970	Tấn Công +18%
NORMAL_TEXT	332984	Tỉ Lệ Chí Mạng +10,4%
NORMAL_TEXT	333006	Sát Thương Vật Lý +10%
NORMAL_TEXT	333030	Vận Mệnh
NORMAL_TEXT	333039	VM1: Với mỗi lượt nhân vật gây sát thương lên kẻ địch, gây thêm một lần Sát Thương Thêm bằng 50% sát thương gốc của ‘Chảy Máu’, có thể Chí Mạng.
NORMAL_TEXT	333184	VM2: Sát thương của Marduk giờ đây luôn luôn Chí Mạng. Tăng 1 Tốc Độ tương ứng với 100 Tấn Công của nhân vật, tối đa tăng 20 Tốc Độ. VM3: Cấp Chiến Kĩ +2, tối đa không vượt quá cấp 15; Cấp Tấn Công Thường +1, tối đa không vượt quá cấp 10.
NORMAL_TEXT	333425	VM4: Trong mỗi lần ‘Hiệp Đấu’, Thiên Phú ghi nhớ giá trị Tấn Công cao nhất Marduk từng đạt được từ lúc trạng thái được áp dụng. The Guard Opens Once sử dụng giá trị này để xác định phần hệ số tăng thêm nếu nó cao hơn Tấn Công hiện tại; sát thương cơ bản của đòn đánh vẫn sử dụng Tấn Công hiện tại.
NORMAL_TEXT	333723	VM5: Cấp Tuyệt Kĩ +2, tối đa không vượt quá cấp 15; Cấp Thiên Phú +2, tối đa không vượt quá cấp 15.
NORMAL_TEXT	333823	VM6: The Guard Opens Once kết thúc bằng một cú đấm thứ tư, gây thêm Sát Thương Vật Lý lên từng mục tiêu bằng 50% hệ số cuối cùng mà chính mục tiêu đó phải nhận từ đòn đánh. Cú đấm này được tính trong cùng hành động, có thể Chí Mạng nhưng không bào Sức Bền.
NORMAL_TEXT	334081	Tóm tắt kit
NORMAL_TEXT	334093	Marduk là Trishula Vật Lý 5★ giới hạn lấy Tấn Công Thường Cường Hoá The Guard Opens Once làm nguồn sát thương chính. Three Minutes Without a Bell vừa gây sát thương ba mục tiêu vừa mở ‘Hiệp Đấu’, giúp Marduk tăng Tấn Công và sử dụng các Tấn Công Thường Cường Hoá trong những lượt kế tiếp mà vẫn phục hồi Điểm Planck.
NORMAL_TEXT	334410	Every Ounce Arrives Together khiến Tấn Công trở thành hai lớp sức mạnh cùng lúc: giá trị Tấn Công đã ghi nhận vừa là chỉ số nhân sát thương, vừa trực tiếp nâng hệ số của The Guard Opens Once. Marduk đạt trần cao hơn khi đánh mục tiêu có ‘Chảy Máu’, còn No Tenth Count Tonight gây sát thương riêng đáng kể, làm mới ‘Hiệp Đấu’ và đưa anh lập tức trở lại nhịp tấn công.
NORMAL_TEXT	334778	────────────────────────────────────────────────────────────
HEADING_1	334839	72. Nhân Vật — Freyja
NORMAL_TEXT	334861	Độ hiếm: 5★ Giới Hạn
NORMAL_TEXT	334882	Aspect: Caduceus
NORMAL_TEXT	334899	Nguyên tố: Thủy
NORMAL_TEXT	334915	Giới tính: Nữ
NORMAL_TEXT	334929	Vũ khí: Cuộn cáp cứu sinh thủy áp
NORMAL_TEXT	334963	Ngoại hình
NORMAL_TEXT	334974	Freyja có mái tóc vàng tro buộc thấp, phần ngọn luôn ánh lên sắc lam như vừa được kéo khỏi mặt nước. Cô mặc áo cứu hộ dáng dài màu trắng bạc phủ ngoài bộ đồ lặn đen ôm sát, trên vai và thắt lưng là các khóa phản quang đỏ cùng những ống đo nhịp tim bằng thủy tinh. Cuộn cáp cứu sinh thủy áp nằm ở hông phải; dây cáp trong suốt có thể tách thành những dòng nước mảnh, nối từ cổ tay Freyja tới mạch đập của đồng minh.
NORMAL_TEXT	335389	Chỉ số cơ bản
NORMAL_TEXT	335403	Cấp 1: HP 175 | Tấn Công 62 | Phòng Thủ 80 | Tốc Độ 110
NORMAL_TEXT	335459	Cấp 60: HP 1500 | Tấn Công 456 | Phòng Thủ 588 | Tốc Độ 110
NORMAL_TEXT	335519	Mức Đe Dọa: 100
HEADING_2	335535	Tấn Công Thường - Surface Signal
NORMAL_TEXT	335568	Freyja giật ngắn cuộn cáp bên hông, để đầu móc nước quét sát mặt đất rồi bật thẳng vào mục tiêu. Gây Sát Thương Thủy bằng 65% Tấn Công lên một Myrk và bào 30 Sức Bền.
NORMAL_TEXT	335735	Hồi 1 Điểm Planck và 20 Năng Lượng.
HEADING_2	335771	Chiến Kĩ - Hold Fast to My Pulse
NORMAL_TEXT	335804	Freyja mở khóa cuộn cáp, phóng một sợi nước trong suốt quấn quanh cổ tay đồng minh được chọn rồi nối đầu còn lại vào thiết bị đo nhịp trên ngực mình. Tiêu hao 1 Điểm Planck, hồi HP cho một đồng minh khác bằng 12% HP tối đa của Freyja + 240 và áp dụng ‘Kết Nối’ trong 3 lượt của mục tiêu.
NORMAL_TEXT	336092	Chỉ có thể tồn tại một ‘Kết Nối’ do Freyja tạo. Chọn mục tiêu mới sẽ xóa hiệu ứng trên mục tiêu cũ.
NORMAL_TEXT	336192	Hồi 30 Năng Lượng.
HEADING_2	336211	Tuyệt Kĩ - No One Is Left Beneath the Tide
NORMAL_TEXT	336254	Giới hạn Năng Lượng: 180.
NORMAL_TEXT	336280	Freyja giật toàn bộ cáp cứu sinh khỏi cuộn, cắm các đầu móc xuống chiến trường rồi kéo lên một cột nước khổng lồ. Những tín hiệu tim đã tắt hiện thành các vệt sáng bên dưới mặt nước; cô nắm lấy một vệt ngẫu nhiên và kéo nó trở lại cùng nhịp đập của cả đội.
NORMAL_TEXT	336537	Tiêu hao 180 Năng Lượng, Freyja hồi HP cho bản thân bằng 25% HP tối đa và áp dụng ‘Nhịp Cứu Sinh’ lên toàn bộ đồng minh trong 2 lượt của từng mục tiêu. ‘Nhịp Cứu Sinh’ tăng 15 Tốc Độ và không cộng dồn.
NORMAL_TEXT	336739	Sau đó, hồi sinh ngẫu nhiên một đồng minh đã tử trận với 35% HP tối đa. Đồng minh được hồi sinh cũng nhận ‘Nhịp Cứu Sinh’ với đầy đủ thời hạn. Nếu có nhiều mục tiêu phù hợp, chọn ngẫu nhiên; nếu không có, phần hồi sinh không kích hoạt. Mỗi đồng minh chỉ có thể được Freyja hồi sinh một lần trong mỗi trận.
HEADING_2	337045	Thiên Phú - The Water Returns What It Borrows
NORMAL_TEXT	337091	Sau khi đồng minh có ‘Kết Nối’ nhận sát thương và vẫn còn sống, Freyja giảm HP của bản thân bằng 50% lượng HP mục tiêu vừa mất, tối đa bằng 12% HP tối đa của Freyja và không thể khiến HP của cô giảm xuống dưới 1. Ngay sau đó, hồi HP cho đồng minh bằng lượng HP Freyja thực sự đã mất + 4% HP tối đa của cô.
NORMAL_TEXT	337397	Mỗi hành động hoặc mỗi lần kích hoạt Sát Thương Duy Trì chỉ có thể kích hoạt hiệu ứng này một lần. Phần HP Freyja tự giảm không được tính là nhận sát thương và không kích hoạt các hiệu ứng yêu cầu mất HP do kẻ địch.
NORMAL_TEXT	337613	Khi Freyja bắt đầu lượt, cô phục hồi HP bằng 60% tổng lượng HP đã tự giảm bởi Thiên Phú kể từ lượt trước, tối đa bằng 20% HP tối đa; lượng đã ghi nhận sau đó được đặt lại.
HEADING_2	337785	Đột Phá
NORMAL_TEXT	337793	A1: Khi HP hiện tại của đồng minh có ‘Kết Nối’ dưới 50%, lượng hồi phục từ Thiên Phú tăng 25%.
NORMAL_TEXT	337888	A2: Mỗi khi Thiên Phú thực sự hồi HP cho đồng minh, Freyja hồi 4 Năng Lượng, tối đa 2 lần giữa hai lượt thực tế liên tiếp của cô.
NORMAL_TEXT	338018	A3: Đồng minh được Tuyệt Kĩ hồi sinh trở lại với 50% HP tối đa thay vì 35% và được giải toàn bộ hiệu ứng xấu.
NORMAL_TEXT	338128	Mốc phụ
NORMAL_TEXT	338136	HP +25%
NORMAL_TEXT	338144	Tốc Độ +8
NORMAL_TEXT	338154	Hồi Năng Lượng +10%
NORMAL_TEXT	338174	Vận Mệnh
NORMAL_TEXT	338183	VM1: Đồng minh có ‘Kết Nối’ giảm 12% sát thương phải chịu.
NORMAL_TEXT	338242	VM2: Sau khi Thiên Phú hồi HP, mục tiêu nhận ‘Nhịp Chung’ trong 2 lượt. ‘Nhịp Chung’ khiến hành động gây sát thương kế tiếp tăng 20% sát thương và bị tiêu hao sau hành động đó kết thúc; hiệu ứng cùng tên không cộng dồn.
NORMAL_TEXT	338462	VM3: Cấp Chiến Kĩ +2, tối đa không vượt quá cấp 15; Cấp Tấn Công Thường +1, tối đa không vượt quá cấp 10.
NORMAL_TEXT	338568	VM4: Đồng minh được Tuyệt Kĩ hồi sinh nhận 20 Năng Lượng và được Ưu Tiên Hành Động 50%.
NORMAL_TEXT	338656	VM5: Cấp Tuyệt Kĩ +2, tối đa không vượt quá cấp 15; Cấp Thiên Phú +2, tối đa không vượt quá cấp 15.
NORMAL_TEXT	338756	VM6: Tuyệt Kĩ hồi sinh tối đa 2 đồng minh ngẫu nhiên đủ điều kiện thay vì 1, đồng thời ‘Nhịp Cứu Sinh’ tăng 25 Tốc Độ thay vì 15.
NORMAL_TEXT	338886	Tóm tắt kit
NORMAL_TEXT	338898	Freyja là Caduceus Thủy 5★ giới hạn bảo vệ một chủ lực bằng ‘Kết Nối’. Mỗi lần mục tiêu chịu sát thương, cô đổi một phần HP của chính mình thành hồi phục tức thời rồi thu hồi phần HP đã hi sinh khi bắt đầu lượt kế tiếp, tạo ra nhịp bảo kê liên tục mà không cần dùng Chiến Kĩ mỗi lượt.
NORMAL_TEXT	339183	No One Is Left Beneath the Tide tăng Tốc Độ cho toàn đội và đưa một đồng minh ngẫu nhiên trở lại chiến trường. Giới hạn hồi sinh riêng trên từng đồng minh cho phép Freyja cứu nhiều thành viên trong trận kéo dài nhưng không thể liên tục hồi sinh cùng một mục tiêu, còn mức Năng Lượng cao buộc đội hình phải cân nhắc thời điểm sử dụng Tuyệt Kĩ.
NORMAL_TEXT	339526	────────────────────────────────────────────────────────────
HEADING_1	339587	73. Nhân Vật — Nyx
NORMAL_TEXT	339606	Độ hiếm: 5★ Giới Hạn
NORMAL_TEXT	339627	Aspect: Pandora
NORMAL_TEXT	339643	Nguyên tố: Vật Lý
NORMAL_TEXT	339661	Giới tính: Nữ
NORMAL_TEXT	339675	Vũ khí: Quyển sách bị nguyền rủa
NORMAL_TEXT	339708	Ngoại hình
NORMAL_TEXT	339719	Nyx có mái tóc đen cắt ngang vai, phần tóc bên trong ánh tím sẫm và đôi mắt đỏ nhạt như mực loãng. Cô mặc áo khoác dài kiểu học giả hiện đại phủ ngoài váy đen bất đối xứng, những đường chỉ đỏ chạy từ cổ tay lên vai như các câu chữ bị khâu trực tiếp vào vải. Quyển sách của Nyx có gáy kim loại khóa bằng sáu vòng đinh; các trang giấy tự lật quanh cô, còn phần chữ bị tẩy xóa rỉ xuống mép giấy thành những sợi máu mảnh.
NORMAL_TEXT	340137	Chỉ số cơ bản
NORMAL_TEXT	340151	Cấp 1: HP 158 | Tấn Công 90 | Phòng Thủ 72 | Tốc Độ 106
NORMAL_TEXT	340207	Cấp 60: HP 1162 | Tấn Công 662 | Phòng Thủ 529 | Tốc Độ 106
NORMAL_TEXT	340267	Mức Đe Dọa: 100
HEADING_2	340283	Tấn Công Thường - Ink Bites the Hand
NORMAL_TEXT	340320	Nyx dùng móng tay rạch một dòng trên mép sách; nét mực bật khỏi trang giấy và siết quanh mục tiêu như một vết cắt vừa được viết ra. Gây Sát Thương Vật Lý bằng 70% Tấn Công lên một Myrk và bào 30 Sức Bền.
NORMAL_TEXT	340524	Hồi 1 Điểm Planck và 20 Năng Lượng.
HEADING_2	340560	Chiến Kĩ - Six Lines Across the Page
NORMAL_TEXT	340597	Nyx mở sách bằng một tay, kéo sáu dòng chữ đỏ chạy ngang chiến trường rồi khép bìa lại để những câu chữ đồng loạt cắt qua đội hình địch. Tiêu hao 1 Điểm Planck, gây Sát Thương Vật Lý bằng 100% Tấn Công lên toàn bộ Myrk và bào 60 Sức Bền.
NORMAL_TEXT	340835	Có 100% tỷ lệ cơ bản áp dụng ‘Nguyền Rủa’ lên toàn bộ mục tiêu trúng đòn trong 3 lượt. Kẻ địch có ‘Nguyền Rủa’ giảm 25% Phòng Thủ; hiệu ứng cùng tên không cộng dồn, áp dụng lại chỉ làm mới thời hạn.
NORMAL_TEXT	341034	Hồi 30 Năng Lượng.
HEADING_2	341053	Tuyệt Kĩ - Read the Sentence Aloud
NORMAL_TEXT	341088	Giới hạn Năng Lượng: 160.
NORMAL_TEXT	341114	Nyx bẻ toàn bộ khóa trên gáy sách, để hàng trăm trang giấy phủ kín bầu trời rồi đọc lớn câu cuối cùng. Tên của từng Myrk hiện lên bằng mực đỏ trước khi những trang giấy gập lại thành lưỡi chém và đóng dấu bản án xuống toàn bộ chiến trường.
NORMAL_TEXT	341354	Tiêu hao 160 Năng Lượng, gây Sát Thương Vật Lý bằng 160% Tấn Công lên toàn bộ Myrk, bào 90 Sức Bền và có 100% tỷ lệ cơ bản áp dụng ‘Hành Quyết’ trong 2 lượt.
NORMAL_TEXT	341512	Kẻ địch có ‘Hành Quyết’ được xem là sở hữu toàn bộ điểm yếu Nguyên Tố và giảm 30% Kháng Hiệu Ứng. ‘Hành Quyết’ không cộng dồn; áp dụng lại chỉ làm mới thời hạn. Sau khi hiệu ứng được áp dụng, lập tức kích hoạt toàn bộ ‘Chảy Máu’ đang tồn tại trên từng mục tiêu với 100% sát thương hiện tại.
HEADING_2	341803	Thiên Phú - Every Wound Gets a Footnote
NORMAL_TEXT	341843	Sau khi một hành động hoặc hiệu ứng áp dụng hay làm mới thành công ít nhất một hiệu ứng Sát Thương Duy Trì trên kẻ địch, Nyx lập tức kiểm tra mục tiêu. Với mỗi hiệu ứng Sát Thương Duy Trì đang tồn tại trên mục tiêu, Nyx áp dụng 1 tầng ‘Chảy Máu’ trong 2 lượt, tối đa 6 tầng.
NORMAL_TEXT	342118	‘Chảy Máu’ do chính Nyx tạo không được tính vào số hiệu ứng dùng để áp dụng thêm tầng và không thể tự kích hoạt lại phần này của Thiên Phú. Mỗi mục tiêu chỉ được kiểm tra một lần trong cùng một hành động hoặc lần áp dụng hiệu ứng.
NORMAL_TEXT	342349	Khi mục tiêu bắt đầu lượt, mỗi tầng ‘Chảy Máu’ của Nyx gây Sát Thương Duy Trì Vật Lý bằng 200% Tấn Công của cô rồi giảm thời hạn đi 1 lượt. Các tầng có thời hạn riêng.
NORMAL_TEXT	342517	Khi một Veyr phe ta chủ động kích hoạt Sát Thương Duy Trì trên kẻ địch ngoài thời điểm mục tiêu bắt đầu lượt, toàn bộ Sát Thương Duy Trì vừa được kích hoạt bỏ qua 100% Phòng Thủ của mục tiêu.
HEADING_2	342709	Đột Phá
NORMAL_TEXT	342717	A1: Khi Six Lines Across the Page áp dụng thành công ‘Nguyền Rủa’ lên một mục tiêu đang có Sát Thương Duy Trì, Nyx hồi 5 Năng Lượng, tối đa 15 Năng Lượng trong mỗi lần sử dụng Chiến Kĩ.
NORMAL_TEXT	342903	A2: Chính Xác Hiệu Ứng của Nyx tăng 30%.
NORMAL_TEXT	342944	A3: Kẻ địch có ‘Hành Quyết’ tăng 20% Sát Thương Duy Trì phải nhận.
NORMAL_TEXT	343011	Mốc phụ
NORMAL_TEXT	343019	Tấn Công +18%
NORMAL_TEXT	343033	Chính Xác Hiệu Ứng +18%
NORMAL_TEXT	343057	Tốc Độ +5
NORMAL_TEXT	343067	Vận Mệnh
NORMAL_TEXT	343076	VM1: Khi ‘Chảy Máu’ của Nyx được chủ động kích hoạt, lần sát thương đó gây 130% sát thương hiện tại thay vì 100%. Sau khi thi triển Tuyệt Kĩ, hồi ngay 1 điểm Planck
NORMAL_TEXT	343241	VM2: Khi Nyx ở trong đội, mọi Sát Thương Duy Trì có thể Chí Mạng và tăng 20% Tỉ Lệ Chí Mạng và 100% Sát Thương Chí Mạng cho hiệu ứng Sát Thương Duy Trì toàn đội gây ra.VM3: Cấp Chiến Kĩ +2, tối đa không vượt quá cấp 15; Cấp Tấn Công Thường +1, tối đa không vượt quá cấp 10.
NORMAL_TEXT	343516	VM4: Giới hạn số tầng ‘Chảy Máu’ tăng từ 6 lên 10VM5: Cấp Tuyệt Kĩ +2, tối đa không vượt quá cấp 15; Cấp Thiên Phú +2, tối đa không vượt quá cấp 15.
NORMAL_TEXT	343666	VM6: Với mỗi tầng ‘Chảy Máu’ trên kẻ địch có số tầng cao nhất, Nyx tăng 10% Sát Thương Nguyên Tố, tối đa 100%. Giá trị này được cập nhật theo số tầng hiện tại.
NORMAL_TEXT	343826	Tóm tắt kit
NORMAL_TEXT	343838	Nyx là Pandora Vật Lý 5★ giới hạn biến số lượng hiệu ứng Sát Thương Duy Trì trên kẻ địch thành nhiều tầng ‘Chảy Máu’ có hệ số cao. Six Lines Across the Page giảm Phòng Thủ toàn sân bằng ‘Nguyền Rủa’, còn Read the Sentence Aloud mở toàn bộ điểm yếu Nguyên Tố, giảm Kháng Hiệu Ứng và kích hoạt mọi tầng ‘Chảy Máu’ ngay lập tức.
NORMAL_TEXT	344164	Every Wound Gets a Footnote khiến các lần chủ động kích hoạt Sát Thương Duy Trì của Hades, Nyx và những Veyr tương tự bỏ qua hoàn toàn Phòng Thủ. Nyx vì vậy là mảnh ghép hoàn thiện đội Sát Thương Duy Trì, đồng thời mở nền tảng đầu tiên để ‘Chảy Máu’ trở thành một lối chơi riêng của hệ Vật Lý.
NORMAL_TEXT	344458	────────────────────────────────────────────────────────────

